[INFO] Scanning for projects...
[INFO] 
[INFO] ------< it.nutrizionista.restnutrizionista:ProgettoNutrizionista >------
[INFO] Building ProgettoNutrizionista 0.0.1-SNAPSHOT
[INFO]   from pom.xml
[INFO] --------------------------------[ jar ]---------------------------------
[INFO] 
[INFO] >>> spring-boot:3.5.14:run (default-cli) > test-compile @ ProgettoNutrizionista >>>
[INFO] 
[INFO] --- resources:3.3.1:resources (default-resources) @ ProgettoNutrizionista ---
[INFO] Copying 3 resources from src\main\resources to target\classes
[INFO] Copying 10 resources from src\main\resources to target\classes
[INFO] 
[INFO] --- compiler:3.14.1:compile (default-compile) @ ProgettoNutrizionista ---
[INFO] Nothing to compile - all classes are up to date.
[INFO] 
[INFO] --- resources:3.3.1:testResources (default-testResources) @ ProgettoNutrizionista ---
[INFO] Copying 2 resources from src\test\resources to target\test-classes
[INFO] 
[INFO] --- compiler:3.14.1:testCompile (default-testCompile) @ ProgettoNutrizionista ---
[INFO] Nothing to compile - all classes are up to date.
[INFO] 
[INFO] <<< spring-boot:3.5.14:run (default-cli) < test-compile @ ProgettoNutrizionista <<<
[INFO] 
[INFO] 
[INFO] --- spring-boot:3.5.14:run (default-cli) @ ProgettoNutrizionista ---
[INFO] Attaching agents: []

  .   ____          _            __ _ _
 /\\ / ___'_ __ _ _(_)_ __  __ _ \ \ \ \
( ( )\___ | '_ | '_| | '_ \/ _` | \ \ \ \
 \\/  ___)| |_)| | | | | || (_| |  ) ) ) )
  '  |____| .__|_| |_|_| |_\__, | / / / /
 =========|_|==============|___/=/_/_/_/

 :: Spring Boot ::               (v3.5.14)

2026-07-13T18:56:32.209+02:00  INFO 81128 --- [ProgettoNutrizionista] [  restartedMain] i.n.r.ProgettoNutrizionistaApplication   : Starting ProgettoNutrizionistaApplication using Java 24.0.2 with PID 81128 (C:\Users\tomma\Documents\GitHub\app_nutrizione\ProgettoNutrizionista\target\classes started by tomma in C:\Users\tomma\Documents\GitHub\app_nutrizione\ProgettoNutrizionista)
2026-07-13T18:56:32.211+02:00  INFO 81128 --- [ProgettoNutrizionista] [  restartedMain] i.n.r.ProgettoNutrizionistaApplication   : The following 1 profile is active: "dev"
2026-07-13T18:56:32.212+02:00 DEBUG 81128 --- [ProgettoNutrizionista] [  restartedMain] o.s.boot.SpringApplication               : Loading source class it.nutrizionista.restnutrizionista.ProgettoNutrizionistaApplication
2026-07-13T18:56:32.249+02:00 DEBUG 81128 --- [ProgettoNutrizionista] [  restartedMain] o.s.b.devtools.restart.ChangeableUrls    : Matching URLs for reloading : [file:/C:/Users/tomma/Documents/GitHub/app_nutrizione/ProgettoNutrizionista/target/classes/]
2026-07-13T18:56:32.250+02:00 DEBUG 81128 --- [ProgettoNutrizionista] [  restartedMain] o.s.b.d.settings.DevToolsSettings        : Included patterns for restart : []
2026-07-13T18:56:32.250+02:00 DEBUG 81128 --- [ProgettoNutrizionista] [  restartedMain] o.s.b.d.settings.DevToolsSettings        : Excluded patterns for restart : [/spring-boot-starter-[\w-]+/, /spring-boot/(bin|build|out)/, /spring-boot-starter/(bin|build|out)/, /spring-boot-devtools/(bin|build|out)/, /spring-boot-actuator/(bin|build|out)/, /spring-boot-autoconfigure/(bin|build|out)/]
2026-07-13T18:56:32.250+02:00  INFO 81128 --- [ProgettoNutrizionista] [  restartedMain] .e.DevToolsPropertyDefaultsPostProcessor : Devtools property defaults active! Set 'spring.devtools.add-properties' to 'false' to disable
2026-07-13T18:56:32.250+02:00  INFO 81128 --- [ProgettoNutrizionista] [  restartedMain] .e.DevToolsPropertyDefaultsPostProcessor : For additional web related logging consider setting the 'logging.level.web' property to 'DEBUG'
2026-07-13T18:56:32.250+02:00 DEBUG 81128 --- [ProgettoNutrizionista] [  restartedMain] ConfigServletWebServerApplicationContext : Refreshing org.springframework.boot.web.servlet.context.AnnotationConfigServletWebServerApplicationContext@6148d4c4
2026-07-13T18:56:32.831+02:00 DEBUG 81128 --- [ProgettoNutrizionista] [  restartedMain] ySourcesPropertyResolver$DefaultResolver : Found key 'DB_URL' in PropertySource 'env' with value of type String
2026-07-13T18:56:33.112+02:00  INFO 81128 --- [ProgettoNutrizionista] [  restartedMain] .s.d.r.c.RepositoryConfigurationDelegate : Bootstrapping Spring Data JPA repositories in DEFAULT mode.
2026-07-13T18:56:33.127+02:00 DEBUG 81128 --- [ProgettoNutrizionista] [  restartedMain] o.s.b.a.AutoConfigurationPackages        : @EnableAutoConfiguration was declared on a class in the package 'it.nutrizionista.restnutrizionista'. Automatic @Repository and @Entity scanning is enabled.
2026-07-13T18:56:33.259+02:00  INFO 81128 --- [ProgettoNutrizionista] [  restartedMain] .s.d.r.c.RepositoryConfigurationDelegate : Finished Spring Data repository scanning in 138 ms. Found 42 JPA repository interfaces.
2026-07-13T18:56:33.843+02:00 DEBUG 81128 --- [ProgettoNutrizionista] [  restartedMain] .s.b.w.e.t.TomcatServletWebServerFactory : Code archive: C:\Users\tomma\.m2\repository\org\springframework\boot\spring-boot\3.5.14\spring-boot-3.5.14.jar
2026-07-13T18:56:33.845+02:00 DEBUG 81128 --- [ProgettoNutrizionista] [  restartedMain] .s.b.w.e.t.TomcatServletWebServerFactory : Code archive: C:\Users\tomma\.m2\repository\org\springframework\boot\spring-boot\3.5.14\spring-boot-3.5.14.jar
2026-07-13T18:56:33.846+02:00 DEBUG 81128 --- [ProgettoNutrizionista] [  restartedMain] .s.b.w.e.t.TomcatServletWebServerFactory : None of the document roots [src/main/webapp, public, static] point to a directory and will be ignored.
2026-07-13T18:56:33.905+02:00  INFO 81128 --- [ProgettoNutrizionista] [  restartedMain] o.s.b.w.embedded.tomcat.TomcatWebServer  : Tomcat initialized with port 8080 (http)
2026-07-13T18:56:33.919+02:00  INFO 81128 --- [ProgettoNutrizionista] [  restartedMain] o.apache.catalina.core.StandardService   : Starting service [Tomcat]
2026-07-13T18:56:33.919+02:00  INFO 81128 --- [ProgettoNutrizionista] [  restartedMain] o.apache.catalina.core.StandardEngine    : Starting Servlet engine: [Apache Tomcat/10.1.54]
2026-07-13T18:56:33.963+02:00  INFO 81128 --- [ProgettoNutrizionista] [  restartedMain] o.a.c.c.C.[Tomcat].[localhost].[/]       : Initializing Spring embedded WebApplicationContext
2026-07-13T18:56:33.964+02:00 DEBUG 81128 --- [ProgettoNutrizionista] [  restartedMain] w.s.c.ServletWebServerApplicationContext : Published root WebApplicationContext as ServletContext attribute with name [org.springframework.web.context.WebApplicationContext.ROOT]
2026-07-13T18:56:33.964+02:00  INFO 81128 --- [ProgettoNutrizionista] [  restartedMain] w.s.c.ServletWebServerApplicationContext : Root WebApplicationContext: initialization completed in 1714 ms
2026-07-13T18:56:34.089+02:00  INFO 81128 --- [ProgettoNutrizionista] [  restartedMain] o.hibernate.jpa.internal.util.LogHelper  : HHH000204: Processing PersistenceUnitInfo [name: default]
2026-07-13T18:56:34.126+02:00  INFO 81128 --- [ProgettoNutrizionista] [  restartedMain] org.hibernate.Version                    : HHH000412: Hibernate ORM core version 6.6.49.Final
2026-07-13T18:56:34.152+02:00  INFO 81128 --- [ProgettoNutrizionista] [  restartedMain] o.h.c.internal.RegionFactoryInitiator    : HHH000026: Second-level cache disabled
2026-07-13T18:56:34.363+02:00  INFO 81128 --- [ProgettoNutrizionista] [  restartedMain] o.s.o.j.p.SpringPersistenceUnitInfo      : No LoadTimeWeaver setup: ignoring JPA class transformer
2026-07-13T18:56:34.388+02:00  INFO 81128 --- [ProgettoNutrizionista] [  restartedMain] com.zaxxer.hikari.HikariDataSource       : HikariPool-1 - Starting...
2026-07-13T18:56:35.506+02:00  INFO 81128 --- [ProgettoNutrizionista] [  restartedMain] com.zaxxer.hikari.pool.HikariPool        : HikariPool-1 - Added connection com.mysql.cj.jdbc.ConnectionImpl@13c4375b
2026-07-13T18:56:35.511+02:00  INFO 81128 --- [ProgettoNutrizionista] [  restartedMain] com.zaxxer.hikari.HikariDataSource       : HikariPool-1 - Start completed.
2026-07-13T18:56:35.689+02:00  WARN 81128 --- [ProgettoNutrizionista] [  restartedMain] org.hibernate.orm.deprecation            : HHH90000025: MySQLDialect does not need to be specified explicitly using 'hibernate.dialect' (remove the property setting and it will be selected by default)
2026-07-13T18:56:35.704+02:00  INFO 81128 --- [ProgettoNutrizionista] [  restartedMain] org.hibernate.orm.connections.pooling    : HHH10001005: Database info:
	Database JDBC URL [Connecting through datasource 'HikariDataSource (HikariPool-1)']
	Database driver: undefined/unknown
	Database version: 8.0.11
	Autocommit mode: undefined/unknown
	Isolation level: undefined/unknown
	Minimum pool size: undefined/unknown
	Maximum pool size: undefined/unknown
2026-07-13T18:56:36.936+02:00  INFO 81128 --- [ProgettoNutrizionista] [  restartedMain] o.h.e.t.j.p.i.JtaPlatformInitiator       : HHH000489: No JTA platform available (set 'hibernate.transaction.jta.platform' to enable JTA platform integration)
2026-07-13T18:56:37.547+02:00 DEBUG 81128 --- [ProgettoNutrizionista] [  restartedMain] org.hibernate.SQL                        : 
    alter table alimenti_base 
       modify column allergeni_default enum ('ASSENTE','SCONOSCIUTO')
Hibernate: 
    alter table alimenti_base 
       modify column allergeni_default enum ('ASSENTE','SCONOSCIUTO')
2026-07-13T18:56:38.352+02:00 DEBUG 81128 --- [ProgettoNutrizionista] [  restartedMain] org.hibernate.SQL                        : 
    alter table alimento_allergene 
       modify column stato enum ('ASSENTE','PRESENTE','SCONOSCIUTO','TRACCE')
Hibernate: 
    alter table alimento_allergene 
       modify column stato enum ('ASSENTE','PRESENTE','SCONOSCIUTO','TRACCE')
2026-07-13T18:56:38.764+02:00 DEBUG 81128 --- [ProgettoNutrizionista] [  restartedMain] org.hibernate.SQL                        : 
    alter table alimento_allergene 
       modify column allergene enum ('ARACHIDI','CROSTACEI','FRUTTA_GUSCIO','GLUTINE','LATTE','LUPINI','MOLLUSCHI','PESCE','SEDANO','SENAPE','SESAMO','SOIA','SOLFITI','UOVA') not null
Hibernate: 
    alter table alimento_allergene 
       modify column allergene enum ('ARACHIDI','CROSTACEI','FRUTTA_GUSCIO','GLUTINE','LATTE','LUPINI','MOLLUSCHI','PESCE','SEDANO','SENAPE','SESAMO','SOIA','SOLFITI','UOVA') not null
2026-07-13T18:56:39.132+02:00 DEBUG 81128 --- [ProgettoNutrizionista] [  restartedMain] org.hibernate.SQL                        : 
    alter table audit_log 
       modify column action enum ('ACCESS','DELETE','DOWNLOAD','EXPORT_PDF','LIST','READ','SHARE') not null
Hibernate: 
    alter table audit_log 
       modify column action enum ('ACCESS','DELETE','DOWNLOAD','EXPORT_PDF','LIST','READ','SHARE') not null
2026-07-13T18:56:40.216+02:00 DEBUG 81128 --- [ProgettoNutrizionista] [  restartedMain] org.hibernate.SQL                        : 
    alter table audit_log 
       modify column entity_type enum ('CALCOLO_TDEE','CLIENTE','DOCUMENTO_FASCICOLO','MISURAZIONE_ANTROPOMETRICA','OBIETTIVO_NUTRIZIONALE','PLICOMETRIA','SCHEDA') not null
Hibernate: 
    alter table audit_log 
       modify column entity_type enum ('CALCOLO_TDEE','CLIENTE','DOCUMENTO_FASCICOLO','MISURAZIONE_ANTROPOMETRICA','OBIETTIVO_NUTRIZIONALE','PLICOMETRIA','SCHEDA') not null
2026-07-13T18:56:41.081+02:00 DEBUG 81128 --- [ProgettoNutrizionista] [  restartedMain] org.hibernate.SQL                        : 
    alter table audit_log 
       modify column esito enum ('DENIED','FAILURE','SUCCESS') not null
Hibernate: 
    alter table audit_log 
       modify column esito enum ('DENIED','FAILURE','SUCCESS') not null
2026-07-13T18:56:41.786+02:00 DEBUG 81128 --- [ProgettoNutrizionista] [  restartedMain] org.hibernate.SQL                        : 
    alter table ticket_assistenza 
       modify column stato enum ('ACCETTATO','CHIUSO','IN_ATTESA','RIFIUTATO') not null
Hibernate: 
    alter table ticket_assistenza 
       modify column stato enum ('ACCETTATO','CHIUSO','IN_ATTESA','RIFIUTATO') not null
2026-07-13T18:56:42.157+02:00 DEBUG 81128 --- [ProgettoNutrizionista] [  restartedMain] org.hibernate.SQL                        : 
    alter table utenti 
       modify column pdf_tema_colore enum ('EMERALD','ROSSO')
Hibernate: 
    alter table utenti 
       modify column pdf_tema_colore enum ('EMERALD','ROSSO')
2026-07-13T18:56:54.787+02:00  INFO 81128 --- [ProgettoNutrizionista] [  restartedMain] j.LocalContainerEntityManagerFactoryBean : Initialized JPA EntityManagerFactory for persistence unit 'default'
2026-07-13T18:56:55.050+02:00  INFO 81128 --- [ProgettoNutrizionista] [  restartedMain] o.s.d.j.r.query.QueryEnhancerFactory     : Hibernate is in classpath; If applicable, HQL parser will be used.
2026-07-13T18:56:55.365+02:00 DEBUG 81128 --- [ProgettoNutrizionista] [  restartedMain] o.s.b.w.s.ServletContextInitializerBeans : Mapping filters: springSecurityFilterChain urls=[/*] order=-100, resourceUrlEncodingFilter urls=[/*] order=2147483647, characterEncodingFilter urls=[/*] order=-2147483648, formContentFilter urls=[/*] order=-9900, requestContextFilter urls=[/*] order=-105, jwtAuthFilter urls=[/*] order=2147483647
2026-07-13T18:56:55.366+02:00 DEBUG 81128 --- [ProgettoNutrizionista] [  restartedMain] o.s.b.w.s.ServletContextInitializerBeans : Mapping servlets: dispatcherServlet urls=[/]
2026-07-13T18:56:55.384+02:00 DEBUG 81128 --- [ProgettoNutrizionista] [  restartedMain] o.s.b.w.s.f.OrderedRequestContextFilter  : Filter 'requestContextFilter' configured for use
2026-07-13T18:56:55.384+02:00 DEBUG 81128 --- [ProgettoNutrizionista] [  restartedMain] o.s.w.s.r.ResourceUrlEncodingFilter      : Filter 'resourceUrlEncodingFilter' configured for use
2026-07-13T18:56:55.384+02:00 DEBUG 81128 --- [ProgettoNutrizionista] [  restartedMain] s.b.w.s.f.OrderedCharacterEncodingFilter : Filter 'characterEncodingFilter' configured for use
2026-07-13T18:56:55.385+02:00 DEBUG 81128 --- [ProgettoNutrizionista] [  restartedMain] .DelegatingFilterProxyRegistrationBean$1 : Filter 'springSecurityFilterChain' configured for use
2026-07-13T18:56:55.385+02:00 DEBUG 81128 --- [ProgettoNutrizionista] [  restartedMain] o.s.b.w.s.f.OrderedFormContentFilter     : Filter 'formContentFilter' configured for use
2026-07-13T18:56:56.888+02:00  INFO 81128 --- [ProgettoNutrizionista] [  restartedMain] eAuthenticationProviderManagerConfigurer : Global AuthenticationManager configured with AuthenticationProvider bean with name authenticationProvider
2026-07-13T18:56:56.890+02:00  WARN 81128 --- [ProgettoNutrizionista] [  restartedMain] r$InitializeUserDetailsManagerConfigurer : Global AuthenticationManager configured with an AuthenticationProvider bean. UserDetailsService beans will not be used by Spring Security for automatically configuring username/password login. Consider removing the AuthenticationProvider bean. Alternatively, consider using the UserDetailsService in a manually instantiated DaoAuthenticationProvider. If the current configuration is intentional, to turn off this warning, increase the logging level of 'org.springframework.security.config.annotation.authentication.configuration.InitializeUserDetailsBeanManagerConfigurer' to ERROR
2026-07-13T18:56:57.507+02:00  WARN 81128 --- [ProgettoNutrizionista] [  restartedMain] JpaBaseConfiguration$JpaWebConfiguration : spring.jpa.open-in-view is enabled by default. Therefore, database queries may be performed during view rendering. Explicitly configure spring.jpa.open-in-view to disable this warning
2026-07-13T18:56:57.716+02:00 DEBUG 81128 --- [ProgettoNutrizionista] [  restartedMain] s.w.s.m.m.a.RequestMappingHandlerMapping : 245 mappings in 'requestMappingHandlerMapping'
2026-07-13T18:56:57.822+02:00 DEBUG 81128 --- [ProgettoNutrizionista] [  restartedMain] o.s.w.s.handler.SimpleUrlHandlerMapping  : Patterns [/webjars/**, /**, /uploads/loghi/**, /swagger-ui/**, /swagger-ui/*swagger-initializer.js, /webjars/*swagger-ui/**, /webjars/*swagger-ui/*swagger-initializer.js, /webjars/*swagger-ui/5.32.2/*swagger-initializer.js] in 'resourceHandlerMapping'
2026-07-13T18:56:57.925+02:00 DEBUG 81128 --- [ProgettoNutrizionista] [  restartedMain] s.w.s.m.m.a.RequestMappingHandlerAdapter : ControllerAdvice beans: 0 @ModelAttribute, 0 @InitBinder, 1 RequestBodyAdvice, 1 ResponseBodyAdvice
2026-07-13T18:56:57.987+02:00 DEBUG 81128 --- [ProgettoNutrizionista] [  restartedMain] .m.m.a.ExceptionHandlerExceptionResolver : ControllerAdvice beans: 2 @ExceptionHandler, 1 ResponseBodyAdvice
2026-07-13T18:56:58.308+02:00 DEBUG 81128 --- [ProgettoNutrizionista] [  restartedMain] o.s.b.d.livereload.LiveReloadServer      : Starting live reload server on port 35729
2026-07-13T18:56:58.310+02:00  WARN 81128 --- [ProgettoNutrizionista] [  restartedMain] o.s.b.d.a.OptionalLiveReloadServer       : Unable to start LiveReload server
2026-07-13T18:56:58.310+02:00 DEBUG 81128 --- [ProgettoNutrizionista] [  restartedMain] o.s.b.d.a.OptionalLiveReloadServer       : Live reload start error

java.net.BindException: Address already in use: bind
	at java.base/sun.nio.ch.Net.bind0(Native Method) ~[na:na]
	at java.base/sun.nio.ch.Net.bind(Net.java:511) ~[na:na]
	at java.base/sun.nio.ch.Net.bind(Net.java:500) ~[na:na]
	at java.base/sun.nio.ch.NioSocketImpl.bind(NioSocketImpl.java:630) ~[na:na]
	at java.base/java.net.ServerSocket.bind(ServerSocket.java:326) ~[na:na]
	at java.base/java.net.ServerSocket.<init>(ServerSocket.java:222) ~[na:na]
	at java.base/java.net.ServerSocket.<init>(ServerSocket.java:138) ~[na:na]
	at org.springframework.boot.devtools.livereload.LiveReloadServer.start(LiveReloadServer.java:114) ~[spring-boot-devtools-3.5.14.jar:3.5.14]
	at org.springframework.boot.devtools.autoconfigure.OptionalLiveReloadServer.startServer(OptionalLiveReloadServer.java:57) ~[spring-boot-devtools-3.5.14.jar:3.5.14]
	at org.springframework.boot.devtools.autoconfigure.OptionalLiveReloadServer.afterPropertiesSet(OptionalLiveReloadServer.java:49) ~[spring-boot-devtools-3.5.14.jar:3.5.14]
	at org.springframework.beans.factory.support.AbstractAutowireCapableBeanFactory.invokeInitMethods(AbstractAutowireCapableBeanFactory.java:1873) ~[spring-beans-6.2.18.jar:6.2.18]
	at org.springframework.beans.factory.support.AbstractAutowireCapableBeanFactory.initializeBean(AbstractAutowireCapableBeanFactory.java:1822) ~[spring-beans-6.2.18.jar:6.2.18]
	at org.springframework.beans.factory.support.AbstractAutowireCapableBeanFactory.doCreateBean(AbstractAutowireCapableBeanFactory.java:607) ~[spring-beans-6.2.18.jar:6.2.18]
	at org.springframework.beans.factory.support.AbstractAutowireCapableBeanFactory.createBean(AbstractAutowireCapableBeanFactory.java:529) ~[spring-beans-6.2.18.jar:6.2.18]
	at org.springframework.beans.factory.support.AbstractBeanFactory.lambda$doGetBean$0(AbstractBeanFactory.java:339) ~[spring-beans-6.2.18.jar:6.2.18]
	at org.springframework.beans.factory.support.DefaultSingletonBeanRegistry.getSingleton(DefaultSingletonBeanRegistry.java:373) ~[spring-beans-6.2.18.jar:6.2.18]
	at org.springframework.beans.factory.support.AbstractBeanFactory.doGetBean(AbstractBeanFactory.java:337) ~[spring-beans-6.2.18.jar:6.2.18]
	at org.springframework.beans.factory.support.AbstractBeanFactory.getBean(AbstractBeanFactory.java:202) ~[spring-beans-6.2.18.jar:6.2.18]
	at org.springframework.beans.factory.support.DefaultListableBeanFactory.instantiateSingleton(DefaultListableBeanFactory.java:1228) ~[spring-beans-6.2.18.jar:6.2.18]
	at org.springframework.beans.factory.support.DefaultListableBeanFactory.preInstantiateSingleton(DefaultListableBeanFactory.java:1194) ~[spring-beans-6.2.18.jar:6.2.18]
	at org.springframework.beans.factory.support.DefaultListableBeanFactory.preInstantiateSingletons(DefaultListableBeanFactory.java:1130) ~[spring-beans-6.2.18.jar:6.2.18]
	at org.springframework.context.support.AbstractApplicationContext.finishBeanFactoryInitialization(AbstractApplicationContext.java:991) ~[spring-context-6.2.18.jar:6.2.18]
	at org.springframework.context.support.AbstractApplicationContext.refresh(AbstractApplicationContext.java:628) ~[spring-context-6.2.18.jar:6.2.18]
	at org.springframework.boot.web.servlet.context.ServletWebServerApplicationContext.refresh(ServletWebServerApplicationContext.java:146) ~[spring-boot-3.5.14.jar:3.5.14]
	at org.springframework.boot.SpringApplication.refresh(SpringApplication.java:752) ~[spring-boot-3.5.14.jar:3.5.14]
	at org.springframework.boot.SpringApplication.refreshContext(SpringApplication.java:439) ~[spring-boot-3.5.14.jar:3.5.14]
	at org.springframework.boot.SpringApplication.run(SpringApplication.java:318) ~[spring-boot-3.5.14.jar:3.5.14]
	at org.springframework.boot.SpringApplication.run(SpringApplication.java:1361) ~[spring-boot-3.5.14.jar:3.5.14]
	at org.springframework.boot.SpringApplication.run(SpringApplication.java:1350) ~[spring-boot-3.5.14.jar:3.5.14]
	at it.nutrizionista.restnutrizionista.ProgettoNutrizionistaApplication.main(ProgettoNutrizionistaApplication.java:18) ~[classes/:na]
	at java.base/jdk.internal.reflect.DirectMethodHandleAccessor.invoke(DirectMethodHandleAccessor.java:104) ~[na:na]
	at java.base/java.lang.reflect.Method.invoke(Method.java:565) ~[na:na]
	at org.springframework.boot.devtools.restart.RestartLauncher.run(RestartLauncher.java:50) ~[spring-boot-devtools-3.5.14.jar:3.5.14]

2026-07-13T18:56:58.346+02:00  INFO 81128 --- [ProgettoNutrizionista] [  restartedMain] o.s.b.w.embedded.tomcat.TomcatWebServer  : Tomcat started on port 8080 (http) with context path '/'
2026-07-13T18:56:58.355+02:00 DEBUG 81128 --- [ProgettoNutrizionista] [  restartedMain] .s.b.a.l.ConditionEvaluationReportLogger : 


============================
CONDITIONS EVALUATION REPORT
============================


Positive matches:
-----------------

   AllergeneRule matched:
      - @ConditionalOnProperty (clinica.engine.use-allergen-rule=true) matched (OnPropertyCondition)

   AopAutoConfiguration matched:
      - @ConditionalOnBooleanProperty (spring.aop.auto=true) matched (OnPropertyCondition)

   AopAutoConfiguration.AspectJAutoProxyingConfiguration matched:
      - @ConditionalOnClass found required class 'org.aspectj.weaver.Advice' (OnClassCondition)

   AopAutoConfiguration.AspectJAutoProxyingConfiguration.CglibAutoProxyConfiguration matched:
      - @ConditionalOnBooleanProperty (spring.aop.proxy-target-class=true) matched (OnPropertyCondition)

   ApplicationAvailabilityAutoConfiguration#applicationAvailability matched:
      - @ConditionalOnMissingBean (types: org.springframework.boot.availability.ApplicationAvailability; SearchStrategy: all) did not find any beans (OnBeanCondition)

   CacheAutoConfiguration matched:
      - @ConditionalOnClass found required class 'org.springframework.cache.CacheManager' (OnClassCondition)
      - @ConditionalOnBean (types: org.springframework.cache.interceptor.CacheAspectSupport; SearchStrategy: all) found bean 'cacheInterceptor'; @ConditionalOnMissingBean (names: cacheResolver types: org.springframework.cache.CacheManager; SearchStrategy: all) did not find any beans (OnBeanCondition)

   CacheAutoConfiguration#cacheManagerCustomizers matched:
      - @ConditionalOnMissingBean (types: org.springframework.boot.autoconfigure.cache.CacheManagerCustomizers; SearchStrategy: all) did not find any beans (OnBeanCondition)

   CacheAutoConfiguration.CacheManagerEntityManagerFactoryDependsOnPostProcessor matched:
      - @ConditionalOnClass found required class 'org.springframework.orm.jpa.LocalContainerEntityManagerFactoryBean' (OnClassCondition)
      - @ConditionalOnBean (types: org.springframework.orm.jpa.AbstractEntityManagerFactoryBean; SearchStrategy: all) found bean '&entityManagerFactory' (OnBeanCondition)

   DataSourceAutoConfiguration matched:
      - @ConditionalOnClass found required classes 'javax.sql.DataSource', 'org.springframework.jdbc.datasource.embedded.EmbeddedDatabaseType' (OnClassCondition)
      - @ConditionalOnMissingBean (types: io.r2dbc.spi.ConnectionFactory; SearchStrategy: all) did not find any beans (OnBeanCondition)

   DataSourceAutoConfiguration.PooledDataSourceConfiguration matched:
      - AnyNestedCondition 1 matched 1 did not; NestedCondition on DataSourceAutoConfiguration.PooledDataSourceCondition.PooledDataSourceAvailable PooledDataSource found supported DataSource; NestedCondition on DataSourceAutoConfiguration.PooledDataSourceCondition.ExplicitType @ConditionalOnProperty (spring.datasource.type) did not find property 'spring.datasource.type' (DataSourceAutoConfiguration.PooledDataSourceCondition)
      - @ConditionalOnMissingBean (types: javax.sql.DataSource,javax.sql.XADataSource; SearchStrategy: all) did not find any beans (OnBeanCondition)

   DataSourceAutoConfiguration.PooledDataSourceConfiguration#jdbcConnectionDetails matched:
      - @ConditionalOnMissingBean (types: org.springframework.boot.autoconfigure.jdbc.JdbcConnectionDetails; SearchStrategy: all) did not find any beans (OnBeanCondition)

   DataSourceConfiguration.Hikari matched:
      - @ConditionalOnClass found required class 'com.zaxxer.hikari.HikariDataSource' (OnClassCondition)
      - @ConditionalOnProperty (spring.datasource.type=com.zaxxer.hikari.HikariDataSource) matched (OnPropertyCondition)
      - @ConditionalOnMissingBean (types: javax.sql.DataSource; SearchStrategy: all) did not find any beans (OnBeanCondition)

   DataSourceInitializationConfiguration matched:
      - @ConditionalOnClass found required class 'org.springframework.jdbc.datasource.init.DatabasePopulator' (OnClassCondition)
      - @ConditionalOnSingleCandidate (types: javax.sql.DataSource; SearchStrategy: all) found a single bean 'dataSource'; @ConditionalOnMissingBean (types: org.springframework.boot.autoconfigure.sql.init.SqlDataSourceScriptDatabaseInitializer,org.springframework.boot.autoconfigure.sql.init.SqlR2dbcScriptDatabaseInitializer; SearchStrategy: all) did not find any beans (OnBeanCondition)

   DataSourcePoolMetadataProvidersConfiguration.HikariPoolDataSourceMetadataProviderConfiguration matched:
      - @ConditionalOnClass found required class 'com.zaxxer.hikari.HikariDataSource' (OnClassCondition)

   DataSourceTransactionManagerAutoConfiguration matched:
      - @ConditionalOnClass found required classes 'javax.sql.DataSource', 'org.springframework.jdbc.core.JdbcTemplate', 'org.springframework.transaction.TransactionManager' (OnClassCondition)

   DataSourceTransactionManagerAutoConfiguration.JdbcTransactionManagerConfiguration matched:
      - @ConditionalOnSingleCandidate (types: javax.sql.DataSource; SearchStrategy: all) found a single bean 'dataSource' (OnBeanCondition)

   DevToolsDataSourceAutoConfiguration matched:
      - @ConditionalOnClass found required class 'javax.sql.DataSource' (OnClassCondition)
      - Devtools devtools enabled. (OnEnabledDevToolsCondition)
      - DevTools DataSource Condition found auto-configured DataSource (DevToolsDataSourceAutoConfiguration.DevToolsDataSourceCondition)

   DevToolsDataSourceAutoConfiguration.DatabaseShutdownExecutorEntityManagerFactoryDependsOnPostProcessor matched:
      - @ConditionalOnClass found required class 'org.springframework.orm.jpa.LocalContainerEntityManagerFactoryBean' (OnClassCondition)
      - @ConditionalOnBean (types: org.springframework.orm.jpa.AbstractEntityManagerFactoryBean; SearchStrategy: all) found bean '&entityManagerFactory' (OnBeanCondition)

   DispatcherServletAutoConfiguration matched:
      - @ConditionalOnClass found required class 'org.springframework.web.servlet.DispatcherServlet' (OnClassCondition)
      - found 'session' scope (OnWebApplicationCondition)

   DispatcherServletAutoConfiguration.DispatcherServletConfiguration matched:
      - @ConditionalOnClass found required class 'jakarta.servlet.ServletRegistration' (OnClassCondition)
      - Default DispatcherServlet did not find dispatcher servlet beans (DispatcherServletAutoConfiguration.DefaultDispatcherServletCondition)

   DispatcherServletAutoConfiguration.DispatcherServletRegistrationConfiguration matched:
      - @ConditionalOnClass found required class 'jakarta.servlet.ServletRegistration' (OnClassCondition)
      - DispatcherServlet Registration did not find servlet registration bean (DispatcherServletAutoConfiguration.DispatcherServletRegistrationCondition)

   DispatcherServletAutoConfiguration.DispatcherServletRegistrationConfiguration#dispatcherServletRegistration matched:
      - @ConditionalOnBean (names: dispatcherServlet types: org.springframework.web.servlet.DispatcherServlet; SearchStrategy: all) found bean 'dispatcherServlet' (OnBeanCondition)

   EmbeddedWebServerFactoryCustomizerAutoConfiguration matched:
      - @ConditionalOnWebApplication (required) found 'session' scope (OnWebApplicationCondition)
      - @ConditionalOnWarDeployment the application is not deployed as a WAR file. (OnWarDeploymentCondition)

   EmbeddedWebServerFactoryCustomizerAutoConfiguration.TomcatWebServerFactoryCustomizerConfiguration matched:
      - @ConditionalOnClass found required classes 'org.apache.catalina.startup.Tomcat', 'org.apache.coyote.UpgradeProtocol' (OnClassCondition)

   ErrorMvcAutoConfiguration matched:
      - @ConditionalOnClass found required classes 'jakarta.servlet.Servlet', 'org.springframework.web.servlet.DispatcherServlet' (OnClassCondition)
      - found 'session' scope (OnWebApplicationCondition)

   ErrorMvcAutoConfiguration#basicErrorController matched:
      - @ConditionalOnMissingBean (types: org.springframework.boot.web.servlet.error.ErrorController; SearchStrategy: current) did not find any beans (OnBeanCondition)

   ErrorMvcAutoConfiguration#errorAttributes matched:
      - @ConditionalOnMissingBean (types: org.springframework.boot.web.servlet.error.ErrorAttributes; SearchStrategy: current) did not find any beans (OnBeanCondition)

   ErrorMvcAutoConfiguration.DefaultErrorViewResolverConfiguration#conventionErrorViewResolver matched:
      - @ConditionalOnBean (types: org.springframework.web.servlet.DispatcherServlet; SearchStrategy: all) found bean 'dispatcherServlet'; @ConditionalOnMissingBean (types: org.springframework.boot.autoconfigure.web.servlet.error.ErrorViewResolver; SearchStrategy: all) did not find any beans (OnBeanCondition)

   ErrorMvcAutoConfiguration.WhitelabelErrorViewConfiguration matched:
      - @ConditionalOnBooleanProperty (server.error.whitelabel.enabled=true) matched (OnPropertyCondition)
      - ErrorTemplate Missing did not find error template view (ErrorMvcAutoConfiguration.ErrorTemplateMissingCondition)

   ErrorMvcAutoConfiguration.WhitelabelErrorViewConfiguration#beanNameViewResolver matched:
      - @ConditionalOnMissingBean (types: org.springframework.web.servlet.view.BeanNameViewResolver; SearchStrategy: all) did not find any beans (OnBeanCondition)

   ErrorMvcAutoConfiguration.WhitelabelErrorViewConfiguration#defaultErrorView matched:
      - @ConditionalOnMissingBean (names: error; SearchStrategy: all) did not find any beans (OnBeanCondition)

   GsonAutoConfiguration matched:
      - @ConditionalOnClass found required class 'com.google.gson.Gson' (OnClassCondition)

   GsonAutoConfiguration#gson matched:
      - @ConditionalOnMissingBean (types: com.google.gson.Gson; SearchStrategy: all) did not find any beans (OnBeanCondition)

   GsonAutoConfiguration#gsonBuilder matched:
      - @ConditionalOnMissingBean (types: com.google.gson.GsonBuilder; SearchStrategy: all) did not find any beans (OnBeanCondition)

   GsonHttpMessageConvertersConfiguration matched:
      - @ConditionalOnClass found required class 'com.google.gson.Gson' (OnClassCondition)

   HibernateJpaAutoConfiguration matched:
      - @ConditionalOnClass found required classes 'org.springframework.orm.jpa.LocalContainerEntityManagerFactoryBean', 'jakarta.persistence.EntityManager', 'org.hibernate.engine.spi.SessionImplementor' (OnClassCondition)

   HibernateJpaConfiguration matched:
      - @ConditionalOnSingleCandidate (types: javax.sql.DataSource; SearchStrategy: all) found a single bean 'dataSource' (OnBeanCondition)

   HttpClientAutoConfiguration matched:
      - @ConditionalOnClass found required class 'org.springframework.http.client.ClientHttpRequestFactory' (OnClassCondition)
      - NoneNestedConditions 0 matched 1 did not; NestedCondition on NotReactiveWebApplicationCondition.ReactiveWebApplication did not find reactive web application classes (NotReactiveWebApplicationCondition)

   HttpClientAutoConfiguration#clientHttpRequestFactoryBuilder matched:
      - @ConditionalOnMissingBean (types: org.springframework.boot.http.client.ClientHttpRequestFactoryBuilder<?>; SearchStrategy: all) did not find any beans (OnBeanCondition)

   HttpClientAutoConfiguration#clientHttpRequestFactorySettings matched:
      - @ConditionalOnMissingBean (types: org.springframework.boot.http.client.ClientHttpRequestFactorySettings; SearchStrategy: all) did not find any beans (OnBeanCondition)

   HttpEncodingAutoConfiguration matched:
      - @ConditionalOnClass found required class 'org.springframework.web.filter.CharacterEncodingFilter' (OnClassCondition)
      - found 'session' scope (OnWebApplicationCondition)
      - @ConditionalOnBooleanProperty (server.servlet.encoding.enabled=true) matched (OnPropertyCondition)

   HttpEncodingAutoConfiguration#characterEncodingFilter matched:
      - @ConditionalOnMissingBean (types: org.springframework.web.filter.CharacterEncodingFilter; SearchStrategy: all) did not find any beans (OnBeanCondition)

   HttpMessageConvertersAutoConfiguration matched:
      - @ConditionalOnClass found required class 'org.springframework.http.converter.HttpMessageConverter' (OnClassCondition)
      - NoneNestedConditions 0 matched 1 did not; NestedCondition on HttpMessageConvertersAutoConfiguration.NotReactiveWebApplicationCondition.ReactiveWebApplication did not find reactive web application classes (HttpMessageConvertersAutoConfiguration.NotReactiveWebApplicationCondition)

   HttpMessageConvertersAutoConfiguration#messageConverters matched:
      - @ConditionalOnMissingBean (types: org.springframework.boot.autoconfigure.http.HttpMessageConverters; SearchStrategy: all) did not find any beans (OnBeanCondition)

   HttpMessageConvertersAutoConfiguration.StringHttpMessageConverterConfiguration matched:
      - @ConditionalOnClass found required class 'org.springframework.http.converter.StringHttpMessageConverter' (OnClassCondition)

   HttpMessageConvertersAutoConfiguration.StringHttpMessageConverterConfiguration#stringHttpMessageConverter matched:
      - @ConditionalOnMissingBean (types: org.springframework.http.converter.StringHttpMessageConverter; SearchStrategy: all) did not find any beans (OnBeanCondition)

   JacksonAutoConfiguration matched:
      - @ConditionalOnClass found required class 'com.fasterxml.jackson.databind.ObjectMapper' (OnClassCondition)

   JacksonAutoConfiguration.Jackson2ObjectMapperBuilderCustomizerConfiguration matched:
      - @ConditionalOnClass found required class 'org.springframework.http.converter.json.Jackson2ObjectMapperBuilder' (OnClassCondition)

   JacksonAutoConfiguration.JacksonObjectMapperBuilderConfiguration matched:
      - @ConditionalOnClass found required class 'org.springframework.http.converter.json.Jackson2ObjectMapperBuilder' (OnClassCondition)

   JacksonAutoConfiguration.JacksonObjectMapperBuilderConfiguration#jacksonObjectMapperBuilder matched:
      - @ConditionalOnMissingBean (types: org.springframework.http.converter.json.Jackson2ObjectMapperBuilder; SearchStrategy: all) did not find any beans (OnBeanCondition)

   JacksonAutoConfiguration.JacksonObjectMapperConfiguration matched:
      - @ConditionalOnClass found required class 'org.springframework.http.converter.json.Jackson2ObjectMapperBuilder' (OnClassCondition)

   JacksonAutoConfiguration.JacksonObjectMapperConfiguration#jacksonObjectMapper matched:
      - @ConditionalOnMissingBean (types: com.fasterxml.jackson.databind.ObjectMapper; SearchStrategy: all) did not find any beans (OnBeanCondition)

   JacksonAutoConfiguration.ParameterNamesModuleConfiguration matched:
      - @ConditionalOnClass found required class 'com.fasterxml.jackson.module.paramnames.ParameterNamesModule' (OnClassCondition)

   JacksonAutoConfiguration.ParameterNamesModuleConfiguration#parameterNamesModule matched:
      - @ConditionalOnMissingBean (types: com.fasterxml.jackson.module.paramnames.ParameterNamesModule; SearchStrategy: all) did not find any beans (OnBeanCondition)

   JacksonHttpMessageConvertersConfiguration.MappingJackson2HttpMessageConverterConfiguration matched:
      - @ConditionalOnClass found required class 'com.fasterxml.jackson.databind.ObjectMapper' (OnClassCondition)
      - @ConditionalOnPreferredJsonMapper JACKSON no property was configured and Jackson is the default (OnPreferredJsonMapperCondition)
      - @ConditionalOnBean (types: com.fasterxml.jackson.databind.ObjectMapper; SearchStrategy: all) found bean 'jacksonObjectMapper' (OnBeanCondition)

   JacksonHttpMessageConvertersConfiguration.MappingJackson2HttpMessageConverterConfiguration#mappingJackson2HttpMessageConverter matched:
      - @ConditionalOnMissingBean (types: org.springframework.http.converter.json.MappingJackson2HttpMessageConverter ignored: org.springframework.hateoas.server.mvc.TypeConstrainedMappingJackson2HttpMessageConverter,org.springframework.data.rest.webmvc.alps.AlpsJsonHttpMessageConverter; SearchStrategy: all) did not find any beans (OnBeanCondition)

   JdbcClientAutoConfiguration matched:
      - @ConditionalOnSingleCandidate (types: org.springframework.jdbc.core.namedparam.NamedParameterJdbcTemplate; SearchStrategy: all) found a single bean 'namedParameterJdbcTemplate'; @ConditionalOnMissingBean (types: org.springframework.jdbc.core.simple.JdbcClient; SearchStrategy: all) did not find any beans (OnBeanCondition)

   JdbcTemplateAutoConfiguration matched:
      - @ConditionalOnClass found required classes 'javax.sql.DataSource', 'org.springframework.jdbc.core.JdbcTemplate' (OnClassCondition)
      - @ConditionalOnSingleCandidate (types: javax.sql.DataSource; SearchStrategy: all) found a single bean 'dataSource' (OnBeanCondition)

   JdbcTemplateConfiguration matched:
      - @ConditionalOnMissingBean (types: org.springframework.jdbc.core.JdbcOperations; SearchStrategy: all) did not find any beans (OnBeanCondition)

   JpaBaseConfiguration#entityManagerFactory matched:
      - @ConditionalOnMissingBean (types: org.springframework.orm.jpa.LocalContainerEntityManagerFactoryBean,jakarta.persistence.EntityManagerFactory; SearchStrategy: all) did not find any beans (OnBeanCondition)

   JpaBaseConfiguration#entityManagerFactoryBuilder matched:
      - @ConditionalOnMissingBean (types: org.springframework.boot.orm.jpa.EntityManagerFactoryBuilder; SearchStrategy: all) did not find any beans (OnBeanCondition)

   JpaBaseConfiguration#jpaVendorAdapter matched:
      - @ConditionalOnMissingBean (types: org.springframework.orm.jpa.JpaVendorAdapter; SearchStrategy: all) did not find any beans (OnBeanCondition)

   JpaBaseConfiguration#transactionManager matched:
      - @ConditionalOnMissingBean (types: org.springframework.transaction.TransactionManager; SearchStrategy: all) did not find any beans (OnBeanCondition)

   JpaBaseConfiguration.JpaWebConfiguration matched:
      - @ConditionalOnClass found required class 'org.springframework.web.servlet.config.annotation.WebMvcConfigurer' (OnClassCondition)
      - found 'session' scope (OnWebApplicationCondition)
      - @ConditionalOnBooleanProperty (spring.jpa.open-in-view=true) matched (OnPropertyCondition)
      - @ConditionalOnMissingBean (types: org.springframework.orm.jpa.support.OpenEntityManagerInViewInterceptor,org.springframework.orm.jpa.support.OpenEntityManagerInViewFilter; SearchStrategy: all) did not find any beans (OnBeanCondition)

   JpaBaseConfiguration.PersistenceManagedTypesConfiguration matched:
      - @ConditionalOnMissingBean (types: org.springframework.orm.jpa.LocalContainerEntityManagerFactoryBean,jakarta.persistence.EntityManagerFactory; SearchStrategy: all) did not find any beans (OnBeanCondition)

   JpaBaseConfiguration.PersistenceManagedTypesConfiguration#persistenceManagedTypes matched:
      - @ConditionalOnMissingBean (types: org.springframework.orm.jpa.persistenceunit.PersistenceManagedTypes; SearchStrategy: all) did not find any beans (OnBeanCondition)

   JpaRepositoriesAutoConfiguration matched:
      - @ConditionalOnClass found required class 'org.springframework.data.jpa.repository.JpaRepository' (OnClassCondition)
      - @ConditionalOnBooleanProperty (spring.data.jpa.repositories.enabled=true) matched (OnPropertyCondition)
      - @ConditionalOnBean (types: javax.sql.DataSource; SearchStrategy: all) found bean 'dataSource'; @ConditionalOnMissingBean (types: org.springframework.data.jpa.repository.support.JpaRepositoryFactoryBean,org.springframework.data.jpa.repository.config.JpaRepositoryConfigExtension; SearchStrategy: all) did not find any beans (OnBeanCondition)

   JtaAutoConfiguration matched:
      - @ConditionalOnClass found required class 'jakarta.transaction.Transaction' (OnClassCondition)
      - @ConditionalOnBooleanProperty (spring.jta.enabled=true) matched (OnPropertyCondition)

   LifecycleAutoConfiguration#defaultLifecycleProcessor matched:
      - @ConditionalOnMissingBean (names: lifecycleProcessor; SearchStrategy: current) did not find any beans (OnBeanCondition)

   LocalDevToolsAutoConfiguration matched:
      - Initialized Restarter Condition available and initialized (OnInitializedRestarterCondition)

   LocalDevToolsAutoConfiguration.LiveReloadConfiguration matched:
      - @ConditionalOnBooleanProperty (spring.devtools.livereload.enabled=true) matched (OnPropertyCondition)

   LocalDevToolsAutoConfiguration.LiveReloadConfiguration#liveReloadServer matched:
      - @ConditionalOnMissingBean (types: org.springframework.boot.devtools.livereload.LiveReloadServer; SearchStrategy: all) did not find any beans (OnBeanCondition)

   LocalDevToolsAutoConfiguration.RestartConfiguration matched:
      - @ConditionalOnBooleanProperty (spring.devtools.restart.enabled=true) matched (OnPropertyCondition)

   LocalDevToolsAutoConfiguration.RestartConfiguration#classPathFileSystemWatcher matched:
      - @ConditionalOnMissingBean (types: org.springframework.boot.devtools.classpath.ClassPathFileSystemWatcher; SearchStrategy: all) did not find any beans (OnBeanCondition)

   LocalDevToolsAutoConfiguration.RestartConfiguration#classPathRestartStrategy matched:
      - @ConditionalOnMissingBean (types: org.springframework.boot.devtools.classpath.ClassPathRestartStrategy; SearchStrategy: all) did not find any beans (OnBeanCondition)

   LocalDevToolsAutoConfiguration.RestartConfiguration#conditionEvaluationDeltaLoggingListener matched:
      - @ConditionalOnBooleanProperty (spring.devtools.restart.log-condition-evaluation-delta=true) matched (OnPropertyCondition)

   MailSenderAutoConfiguration matched:
      - @ConditionalOnClass found required classes 'jakarta.mail.internet.MimeMessage', 'jakarta.activation.MimeType', 'org.springframework.mail.MailSender' (OnClassCondition)
      - AnyNestedCondition 1 matched 1 did not; NestedCondition on MailSenderAutoConfiguration.MailSenderCondition.JndiNameProperty @ConditionalOnProperty (spring.mail.jndi-name) did not find property 'spring.mail.jndi-name'; NestedCondition on MailSenderAutoConfiguration.MailSenderCondition.HostProperty @ConditionalOnProperty (spring.mail.host) matched (MailSenderAutoConfiguration.MailSenderCondition)
      - @ConditionalOnMissingBean (types: org.springframework.mail.MailSender; SearchStrategy: all) did not find any beans (OnBeanCondition)

   MailSenderPropertiesConfiguration matched:
      - @ConditionalOnProperty (spring.mail.host) matched (OnPropertyCondition)

   MailSenderPropertiesConfiguration#mailSender matched:
      - @ConditionalOnMissingBean (types: org.springframework.mail.javamail.JavaMailSender; SearchStrategy: all) did not find any beans (OnBeanCondition)

   MultipartAutoConfiguration matched:
      - @ConditionalOnClass found required classes 'jakarta.servlet.Servlet', 'org.springframework.web.multipart.support.StandardServletMultipartResolver', 'jakarta.servlet.MultipartConfigElement' (OnClassCondition)
      - found 'session' scope (OnWebApplicationCondition)
      - @ConditionalOnBooleanProperty (spring.servlet.multipart.enabled=true) matched (OnPropertyCondition)

   MultipartAutoConfiguration#multipartConfigElement matched:
      - @ConditionalOnMissingBean (types: jakarta.servlet.MultipartConfigElement; SearchStrategy: all) did not find any beans (OnBeanCondition)

   MultipartAutoConfiguration#multipartResolver matched:
      - @ConditionalOnMissingBean (types: org.springframework.web.multipart.MultipartResolver; SearchStrategy: all) did not find any beans (OnBeanCondition)

   NamedParameterJdbcTemplateConfiguration matched:
      - @ConditionalOnSingleCandidate (types: org.springframework.jdbc.core.JdbcTemplate; SearchStrategy: all) found a single bean 'jdbcTemplate'; @ConditionalOnMissingBean (types: org.springframework.jdbc.core.namedparam.NamedParameterJdbcOperations; SearchStrategy: all) did not find any beans (OnBeanCondition)

   PersistenceExceptionTranslationAutoConfiguration matched:
      - @ConditionalOnClass found required class 'org.springframework.dao.annotation.PersistenceExceptionTranslationPostProcessor' (OnClassCondition)

   PersistenceExceptionTranslationAutoConfiguration#persistenceExceptionTranslationPostProcessor matched:
      - @ConditionalOnBooleanProperty (spring.dao.exceptiontranslation.enabled=true) matched (OnPropertyCondition)
      - @ConditionalOnMissingBean (types: org.springframework.dao.annotation.PersistenceExceptionTranslationPostProcessor; SearchStrategy: all) did not find any beans (OnBeanCondition)

   PropertyPlaceholderAutoConfiguration#propertySourcesPlaceholderConfigurer matched:
      - @ConditionalOnMissingBean (types: org.springframework.context.support.PropertySourcesPlaceholderConfigurer; SearchStrategy: current) did not find any beans (OnBeanCondition)

   RestClientAutoConfiguration matched:
      - @ConditionalOnClass found required class 'org.springframework.web.client.RestClient' (OnClassCondition)
      - AnyNestedCondition 1 matched 1 did not; NestedCondition on NotReactiveWebApplicationOrVirtualThreadsExecutorEnabledCondition.VirtualThreadsExecutorEnabled found non-matching nested conditions @ConditionalOnThreading did not find VIRTUAL, @ConditionalOnBean (names: applicationTaskExecutor; SearchStrategy: all) did not find any beans named applicationTaskExecutor; NestedCondition on NotReactiveWebApplicationOrVirtualThreadsExecutorEnabledCondition.NotReactiveWebApplication NoneNestedConditions 0 matched 1 did not; NestedCondition on NotReactiveWebApplicationCondition.ReactiveWebApplication did not find reactive web application classes (NotReactiveWebApplicationOrVirtualThreadsExecutorEnabledCondition)

   RestClientAutoConfiguration#httpMessageConvertersRestClientCustomizer matched:
      - @ConditionalOnMissingBean (types: org.springframework.boot.autoconfigure.web.client.HttpMessageConvertersRestClientCustomizer; SearchStrategy: all) did not find any beans (OnBeanCondition)

   RestClientAutoConfiguration#restClientBuilder matched:
      - @ConditionalOnMissingBean (types: org.springframework.web.client.RestClient$Builder; SearchStrategy: all) did not find any beans (OnBeanCondition)

   RestClientAutoConfiguration#restClientBuilderConfigurer matched:
      - @ConditionalOnMissingBean (types: org.springframework.boot.autoconfigure.web.client.RestClientBuilderConfigurer; SearchStrategy: all) did not find any beans (OnBeanCondition)

   RestClientAutoConfiguration#restClientSsl matched:
      - @ConditionalOnBean (types: org.springframework.boot.ssl.SslBundles; SearchStrategy: all) found bean 'sslBundleRegistry'; @ConditionalOnMissingBean (types: org.springframework.boot.autoconfigure.web.client.RestClientSsl; SearchStrategy: all) did not find any beans (OnBeanCondition)

   RestTemplateAutoConfiguration matched:
      - @ConditionalOnClass found required class 'org.springframework.web.client.RestTemplate' (OnClassCondition)
      - NoneNestedConditions 0 matched 1 did not; NestedCondition on NotReactiveWebApplicationCondition.ReactiveWebApplication did not find reactive web application classes (NotReactiveWebApplicationCondition)

   RestTemplateAutoConfiguration#restTemplateBuilder matched:
      - @ConditionalOnMissingBean (types: org.springframework.boot.web.client.RestTemplateBuilder; SearchStrategy: all) did not find any beans (OnBeanCondition)

   SecurityAutoConfiguration matched:
      - @ConditionalOnClass found required class 'org.springframework.security.authentication.DefaultAuthenticationEventPublisher' (OnClassCondition)

   SecurityAutoConfiguration#authenticationEventPublisher matched:
      - @ConditionalOnMissingBean (types: org.springframework.security.authentication.AuthenticationEventPublisher; SearchStrategy: all) did not find any beans (OnBeanCondition)

   SecurityFilterAutoConfiguration matched:
      - @ConditionalOnClass found required classes 'org.springframework.security.web.context.AbstractSecurityWebApplicationInitializer', 'org.springframework.security.config.http.SessionCreationPolicy' (OnClassCondition)
      - found 'session' scope (OnWebApplicationCondition)

   SecurityFilterAutoConfiguration#securityFilterChainRegistration matched:
      - @ConditionalOnBean (names: springSecurityFilterChain; SearchStrategy: all) found bean 'springSecurityFilterChain' (OnBeanCondition)

   ServletWebServerFactoryAutoConfiguration matched:
      - @ConditionalOnClass found required class 'jakarta.servlet.ServletRequest' (OnClassCondition)
      - found 'session' scope (OnWebApplicationCondition)

   ServletWebServerFactoryAutoConfiguration.TomcatConfiguration matched:
      - @ConditionalOnClass found required class 'org.apache.catalina.startup.Tomcat' (OnClassCondition)

   ServletWebServerFactoryConfiguration.EmbeddedTomcat matched:
      - @ConditionalOnClass found required classes 'jakarta.servlet.Servlet', 'org.apache.catalina.startup.Tomcat', 'org.apache.coyote.UpgradeProtocol' (OnClassCondition)
      - @ConditionalOnMissingBean (types: org.springframework.boot.web.servlet.server.ServletWebServerFactory; SearchStrategy: current) did not find any beans (OnBeanCondition)

   SimpleCacheConfiguration matched:
      - Cache org.springframework.boot.autoconfigure.cache.SimpleCacheConfiguration automatic cache type (CacheCondition)
      - @ConditionalOnMissingBean (types: org.springframework.cache.CacheManager; SearchStrategy: all) did not find any beans (OnBeanCondition)

   SpringBootWebSecurityConfiguration matched:
      - found 'session' scope (OnWebApplicationCondition)

   SpringBootWebSecurityConfiguration.WebSecurityEnablerConfiguration matched:
      - @ConditionalOnClass found required class 'org.springframework.security.config.annotation.web.configuration.EnableWebSecurity' (OnClassCondition)
      - @ConditionalOnMissingBean (names: springSecurityFilterChain; SearchStrategy: all) did not find any beans (OnBeanCondition)

   SpringDataWebAutoConfiguration matched:
      - @ConditionalOnClass found required classes 'org.springframework.data.web.PageableHandlerMethodArgumentResolver', 'org.springframework.web.servlet.config.annotation.WebMvcConfigurer' (OnClassCondition)
      - found 'session' scope (OnWebApplicationCondition)
      - @ConditionalOnMissingBean (types: org.springframework.data.web.PageableHandlerMethodArgumentResolver; SearchStrategy: all) did not find any beans (OnBeanCondition)

   SpringDataWebAutoConfiguration#pageableCustomizer matched:
      - @ConditionalOnMissingBean (types: org.springframework.data.web.config.PageableHandlerMethodArgumentResolverCustomizer; SearchStrategy: all) did not find any beans (OnBeanCondition)

   SpringDataWebAutoConfiguration#sortCustomizer matched:
      - @ConditionalOnMissingBean (types: org.springframework.data.web.config.SortHandlerMethodArgumentResolverCustomizer; SearchStrategy: all) did not find any beans (OnBeanCondition)

   SpringDataWebAutoConfiguration#springDataWebSettings matched:
      - @ConditionalOnMissingBean (types: org.springframework.data.web.config.SpringDataWebSettings; SearchStrategy: all) did not find any beans (OnBeanCondition)

   SpringDocConfigProperties matched:
      - @ConditionalOnProperty (springdoc.api-docs.enabled) matched (OnPropertyCondition)
      - @ConditionalOnBean (types: org.springdoc.core.configuration.SpringDocConfiguration; SearchStrategy: all) found bean 'org.springdoc.core.configuration.SpringDocConfiguration' (OnBeanCondition)

   SpringDocConfiguration matched:
      - @ConditionalOnWebApplication (required) found 'session' scope (OnWebApplicationCondition)
      - @ConditionalOnProperty (springdoc.api-docs.enabled) matched (OnPropertyCondition)

   SpringDocConfiguration#fileSupportConverter matched:
      - @ConditionalOnMissingBean (types: org.springdoc.core.converters.FileSupportConverter; SearchStrategy: all) did not find any beans (OnBeanCondition)

   SpringDocConfiguration#globalOpenApiCustomizer matched:
      - @ConditionalOnMissingBean (names: globalOpenApiCustomizer; SearchStrategy: all) did not find any beans (OnBeanCondition)

   SpringDocConfiguration#initExtraSchemas matched:
      - @ConditionalOnProperty (springdoc.enable-extra-schemas) matched (OnPropertyCondition)

   SpringDocConfiguration#methodParameterPojoExtractor matched:
      - @ConditionalOnMissingBean (types: org.springdoc.core.extractor.MethodParameterPojoExtractor; SearchStrategy: all) did not find any beans (OnBeanCondition)

   SpringDocConfiguration#openAPIBuilder matched:
      - @ConditionalOnMissingBean (types: org.springdoc.core.service.OpenAPIService; SearchStrategy: all) did not find any beans (OnBeanCondition)

   SpringDocConfiguration#operationBuilder matched:
      - @ConditionalOnMissingBean (types: org.springdoc.core.service.OperationService; SearchStrategy: all) did not find any beans (OnBeanCondition)

   SpringDocConfiguration#parameterBuilder matched:
      - @ConditionalOnMissingBean (types: org.springdoc.core.service.GenericParameterService; SearchStrategy: all) did not find any beans (OnBeanCondition)

   SpringDocConfiguration#parameterObjectNamingStrategyCustomizer matched:
      - @ConditionalOnMissingBean (types: org.springdoc.core.customizers.ParameterObjectNamingStrategyCustomizer; SearchStrategy: all) did not find any beans (OnBeanCondition)

   SpringDocConfiguration#polymorphicModelConverter matched:
      - @ConditionalOnProperty (springdoc.model-converters.polymorphic-converter.enabled) matched (OnPropertyCondition)
      - @ConditionalOnMissingBean (types: org.springdoc.core.converters.PolymorphicModelConverter; SearchStrategy: all) did not find any beans (OnBeanCondition)

   SpringDocConfiguration#requestBodyBuilder matched:
      - @ConditionalOnMissingBean (types: org.springdoc.core.service.RequestBodyService; SearchStrategy: all) did not find any beans (OnBeanCondition)

   SpringDocConfiguration#responseSupportConverter matched:
      - @ConditionalOnMissingBean (types: org.springdoc.core.converters.ResponseSupportConverter; SearchStrategy: all) did not find any beans (OnBeanCondition)

   SpringDocConfiguration#schemaPropertyDeprecatingConverter matched:
      - @ConditionalOnProperty (springdoc.model-converters.deprecating-converter.enabled) matched (OnPropertyCondition)
      - @ConditionalOnMissingBean (types: org.springdoc.core.converters.SchemaPropertyDeprecatingConverter; SearchStrategy: all) did not find any beans (OnBeanCondition)

   SpringDocConfiguration#schemaUtils matched:
      - @ConditionalOnMissingBean (types: org.springdoc.core.utils.SchemaUtils; SearchStrategy: all) did not find any beans (OnBeanCondition)

   SpringDocConfiguration#securityParser matched:
      - @ConditionalOnMissingBean (types: org.springdoc.core.service.SecurityService; SearchStrategy: all) did not find any beans (OnBeanCondition)

   SpringDocConfiguration#springDocAppInitializer matched:
      - @ConditionalOnMissingBean (names: springDocAppInitializer; SearchStrategy: all) did not find any beans (OnBeanCondition)

   SpringDocConfiguration#springDocCustomizers matched:
      - @ConditionalOnMissingBean (types: org.springdoc.core.customizers.SpringDocCustomizers; SearchStrategy: all) did not find any beans (OnBeanCondition)

   SpringDocConfiguration#springDocProviders matched:
      - @ConditionalOnMissingBean (types: org.springdoc.core.providers.SpringDocProviders; SearchStrategy: all) did not find any beans (OnBeanCondition)

   SpringDocConfiguration#springdocObjectMapperProvider matched:
      - @ConditionalOnMissingBean (types: org.springdoc.core.providers.ObjectMapperProvider; SearchStrategy: all) did not find any beans (OnBeanCondition)

   SpringDocConfiguration.QuerydslProvider matched:
      - @ConditionalOnClass found required class 'org.springframework.data.querydsl.binding.QuerydslBindingsFactory' (OnClassCondition)

   SpringDocConfiguration.QuerydslProvider#queryDslQuerydslPredicateOperationCustomizer matched:
      - @ConditionalOnMissingBean (types: org.springdoc.core.customizers.QuerydslPredicateOperationCustomizer; SearchStrategy: all) did not find any beans (OnBeanCondition)

   SpringDocConfiguration.SpringDocSpringDataWebPropertiesProvider matched:
      - @ConditionalOnClass found required class 'org.springframework.boot.autoconfigure.data.web.SpringDataWebProperties' (OnClassCondition)

   SpringDocConfiguration.SpringDocSpringDataWebPropertiesProvider#springDataWebPropertiesProvider matched:
      - @ConditionalOnMissingBean (types: org.springdoc.core.providers.SpringDataWebPropertiesProvider; SearchStrategy: all) did not find any beans (OnBeanCondition)

   SpringDocConfiguration.WebConversionServiceConfiguration matched:
      - @ConditionalOnClass found required class 'org.springframework.boot.autoconfigure.web.format.WebConversionService' (OnClassCondition)

   SpringDocPageableConfiguration matched:
      - @ConditionalOnClass found required class 'org.springframework.data.domain.Pageable' (OnClassCondition)
      - @ConditionalOnWebApplication (required) found 'session' scope (OnWebApplicationCondition)
      - @ConditionalOnProperty (springdoc.api-docs.enabled) matched (OnPropertyCondition)
      - @ConditionalOnBean (types: org.springdoc.core.configuration.SpringDocConfiguration; SearchStrategy: all) found bean 'org.springdoc.core.configuration.SpringDocConfiguration' (OnBeanCondition)

   SpringDocPageableConfiguration#dataRestDelegatingMethodParameterCustomizer matched:
      - @ConditionalOnMissingBean (types: org.springdoc.core.customizers.DataRestDelegatingMethodParameterCustomizer; SearchStrategy: all) did not find any beans (OnBeanCondition)

   SpringDocPageableConfiguration#pageOpenAPIConverter matched:
      - @ConditionalOnClass found required classes 'org.springframework.data.web.PagedModel', 'org.springframework.data.web.config.SpringDataWebSettings' (OnClassCondition)
      - @ConditionalOnMissingBean (types: org.springdoc.core.converters.PageOpenAPIConverter; SearchStrategy: all) did not find any beans (OnBeanCondition)

   SpringDocPageableConfiguration#pageableOpenAPIConverter matched:
      - @ConditionalOnProperty (springdoc.model-converters.pageable-converter.enabled) matched (OnPropertyCondition)
      - @ConditionalOnMissingBean (types: org.springdoc.core.converters.PageableOpenAPIConverter; SearchStrategy: all) did not find any beans (OnBeanCondition)

   SpringDocSecurityConfiguration matched:
      - @ConditionalOnClass found required class 'org.springframework.security.web.SecurityFilterChain' (OnClassCondition)
      - @ConditionalOnWebApplication (required) found 'session' scope (OnWebApplicationCondition)
      - @ConditionalOnExpression (#{${springdoc.api-docs.enabled:true} and ${springdoc.enable-spring-security:true}}) resulted in true (OnExpressionCondition)
      - @ConditionalOnBean (types: org.springdoc.core.configuration.SpringDocConfiguration; SearchStrategy: all) found bean 'org.springdoc.core.configuration.SpringDocConfiguration' (OnBeanCondition)

   SpringDocSecurityConfiguration.SpringSecurityLoginEndpointConfiguration matched:
      - @ConditionalOnClass found required class 'jakarta.servlet.Filter' (OnClassCondition)

   SpringDocSortConfiguration matched:
      - @ConditionalOnClass found required class 'org.springframework.data.domain.Sort' (OnClassCondition)
      - @ConditionalOnWebApplication (required) found 'session' scope (OnWebApplicationCondition)
      - @ConditionalOnProperty (springdoc.api-docs.enabled) matched (OnPropertyCondition)
      - @ConditionalOnBean (types: org.springdoc.core.configuration.SpringDocConfiguration; SearchStrategy: all) found bean 'org.springdoc.core.configuration.SpringDocConfiguration' (OnBeanCondition)

   SpringDocSortConfiguration#sortOpenAPIConverter matched:
      - @ConditionalOnProperty (springdoc.sort-converter.enabled) matched (OnPropertyCondition)
      - @ConditionalOnMissingBean (types: org.springdoc.core.converters.SortOpenAPIConverter; SearchStrategy: all) did not find any beans (OnBeanCondition)

   SpringDocWebMvcConfiguration matched:
      - found 'session' scope (OnWebApplicationCondition)
      - @ConditionalOnProperty (springdoc.api-docs.enabled) matched (OnPropertyCondition)
      - @ConditionalOnBean (types: org.springdoc.core.configuration.SpringDocConfiguration; SearchStrategy: all) found bean 'org.springdoc.core.configuration.SpringDocConfiguration' (OnBeanCondition)

   SpringDocWebMvcConfiguration#openApiResource matched:
      - @ConditionalOnExpression (#{(${springdoc.use-management-port:false} == false ) and ${springdoc.enable-default-api-docs:true}}) resulted in true (OnExpressionCondition)
      - @ConditionalOnMissingBean (types: org.springdoc.webmvc.api.OpenApiWebMvcResource; SearchStrategy: all) did not find any beans (OnBeanCondition)

   SpringDocWebMvcConfiguration#requestBuilder matched:
      - @ConditionalOnMissingBean (types: org.springdoc.webmvc.core.service.RequestService; SearchStrategy: all) did not find any beans (OnBeanCondition)

   SpringDocWebMvcConfiguration#responseBuilder matched:
      - @ConditionalOnMissingBean (types: org.springdoc.core.service.GenericResponseService; SearchStrategy: all) did not find any beans (OnBeanCondition)

   SpringDocWebMvcConfiguration#springWebProvider matched:
      - @ConditionalOnMissingBean (types: org.springdoc.core.providers.SpringWebProvider; SearchStrategy: all) did not find any beans (OnBeanCondition)

   SpringDocWebMvcConfiguration.SpringDocWebMvcRouterConfiguration matched:
      - @ConditionalOnClass found required class 'org.springframework.web.servlet.function.RouterFunction' (OnClassCondition)

   SpringDocWebMvcConfiguration.SpringDocWebMvcRouterConfiguration#routerFunctionProvider matched:
      - @ConditionalOnMissingBean (types: org.springdoc.webmvc.core.providers.RouterFunctionWebMvcProvider; SearchStrategy: all) did not find any beans (OnBeanCondition)

   SqlInitializationAutoConfiguration matched:
      - @ConditionalOnBooleanProperty (spring.sql.init.enabled=true) matched (OnPropertyCondition)
      - NoneNestedConditions 0 matched 1 did not; NestedCondition on SqlInitializationAutoConfiguration.SqlInitializationModeCondition.ModeIsNever @ConditionalOnProperty (spring.sql.init.mode=never) did not find property 'spring.sql.init.mode' (SqlInitializationAutoConfiguration.SqlInitializationModeCondition)

   SslAutoConfiguration#sslBundleRegistry matched:
      - @ConditionalOnMissingBean (types: org.springframework.boot.ssl.SslBundleRegistry,org.springframework.boot.ssl.SslBundles; SearchStrategy: all) did not find any beans (OnBeanCondition)

   SwaggerConfig matched:
      - found 'session' scope (OnWebApplicationCondition)
      - @ConditionalOnProperty (springdoc.swagger-ui.enabled) matched (OnPropertyCondition)
      - @ConditionalOnBean (types: org.springdoc.core.configuration.SpringDocConfiguration; SearchStrategy: all) found bean 'org.springdoc.core.configuration.SpringDocConfiguration' (OnBeanCondition)

   SwaggerConfig#indexPageTransformer matched:
      - @ConditionalOnMissingBean (types: org.springdoc.webmvc.ui.SwaggerIndexTransformer; SearchStrategy: all) did not find any beans (OnBeanCondition)

   SwaggerConfig#springDocSwaggerInitializer matched:
      - @ConditionalOnProperty (springdoc.use-management-port=false) matched (OnPropertyCondition)
      - @ConditionalOnMissingBean (names: springDocSwaggerInitializer; SearchStrategy: all) did not find any beans (OnBeanCondition)

   SwaggerConfig#swaggerConfigResource matched:
      - @ConditionalOnProperty (springdoc.use-management-port=false) matched (OnPropertyCondition)
      - @ConditionalOnMissingBean (types: org.springdoc.webmvc.ui.SwaggerConfigResource; SearchStrategy: all) did not find any beans (OnBeanCondition)

   SwaggerConfig#swaggerResourceResolver matched:
      - @ConditionalOnMissingBean (types: org.springdoc.webmvc.ui.SwaggerResourceResolver; SearchStrategy: all) did not find any beans (OnBeanCondition)

   SwaggerConfig#swaggerWebMvcConfigurer matched:
      - @ConditionalOnMissingBean (types: org.springdoc.webmvc.ui.SwaggerWebMvcConfigurer; SearchStrategy: all) did not find any beans (OnBeanCondition)

   SwaggerConfig#swaggerWelcome matched:
      - @ConditionalOnProperty (springdoc.use-management-port=false) matched (OnPropertyCondition)
      - @ConditionalOnMissingBean (types: org.springdoc.webmvc.ui.SwaggerWelcomeWebMvc; SearchStrategy: all) did not find any beans (OnBeanCondition)

   SwaggerUiConfigProperties matched:
      - @ConditionalOnProperty (springdoc.swagger-ui.enabled) matched (OnPropertyCondition)
      - @ConditionalOnBean (types: org.springdoc.core.configuration.SpringDocConfiguration; SearchStrategy: all) found bean 'org.springdoc.core.configuration.SpringDocConfiguration' (OnBeanCondition)

   SwaggerUiOAuthProperties matched:
      - @ConditionalOnProperty (springdoc.swagger-ui.enabled) matched (OnPropertyCondition)
      - @ConditionalOnBean (types: org.springdoc.core.configuration.SpringDocConfiguration; SearchStrategy: all) found bean 'org.springdoc.core.configuration.SpringDocConfiguration' (OnBeanCondition)

   TaskExecutionAutoConfiguration matched:
      - @ConditionalOnClass found required class 'org.springframework.scheduling.concurrent.ThreadPoolTaskExecutor' (OnClassCondition)

   TaskExecutorConfigurations.SimpleAsyncTaskExecutorBuilderConfiguration#simpleAsyncTaskExecutorBuilder matched:
      - @ConditionalOnMissingBean (types: org.springframework.boot.task.SimpleAsyncTaskExecutorBuilder; SearchStrategy: all) did not find any beans (OnBeanCondition)
      - @ConditionalOnThreading found PLATFORM (OnThreadingCondition)

   TaskExecutorConfigurations.ThreadPoolTaskExecutorBuilderConfiguration#threadPoolTaskExecutorBuilder matched:
      - @ConditionalOnMissingBean (types: org.springframework.boot.task.ThreadPoolTaskExecutorBuilder; SearchStrategy: all) did not find any beans (OnBeanCondition)

   TaskSchedulingAutoConfiguration matched:
      - @ConditionalOnClass found required class 'org.springframework.scheduling.concurrent.ThreadPoolTaskScheduler' (OnClassCondition)

   TaskSchedulingAutoConfiguration#scheduledBeanLazyInitializationExcludeFilter matched:
      - @ConditionalOnBean (names: org.springframework.context.annotation.internalScheduledAnnotationProcessor; SearchStrategy: all) found bean 'org.springframework.context.annotation.internalScheduledAnnotationProcessor' (OnBeanCondition)

   TaskSchedulingConfigurations.SimpleAsyncTaskSchedulerBuilderConfiguration#simpleAsyncTaskSchedulerBuilder matched:
      - @ConditionalOnMissingBean (types: org.springframework.boot.task.SimpleAsyncTaskSchedulerBuilder; SearchStrategy: all) did not find any beans (OnBeanCondition)
      - @ConditionalOnThreading found PLATFORM (OnThreadingCondition)

   TaskSchedulingConfigurations.TaskSchedulerConfiguration matched:
      - @ConditionalOnBean (names: org.springframework.context.annotation.internalScheduledAnnotationProcessor; SearchStrategy: all) found bean 'org.springframework.context.annotation.internalScheduledAnnotationProcessor'; @ConditionalOnMissingBean (types: org.springframework.scheduling.TaskScheduler,java.util.concurrent.ScheduledExecutorService; SearchStrategy: all) did not find any beans (OnBeanCondition)

   TaskSchedulingConfigurations.TaskSchedulerConfiguration#taskScheduler matched:
      - @ConditionalOnThreading found PLATFORM (OnThreadingCondition)

   TaskSchedulingConfigurations.ThreadPoolTaskSchedulerBuilderConfiguration#threadPoolTaskSchedulerBuilder matched:
      - @ConditionalOnMissingBean (types: org.springframework.boot.task.ThreadPoolTaskSchedulerBuilder; SearchStrategy: all) did not find any beans (OnBeanCondition)

   TemplateEngineConfigurations.DefaultTemplateEngineConfiguration#templateEngine matched:
      - @ConditionalOnMissingBean (types: org.thymeleaf.spring6.ISpringTemplateEngine; SearchStrategy: all) did not find any beans (OnBeanCondition)

   ThymeleafAutoConfiguration matched:
      - @ConditionalOnClass found required classes 'org.thymeleaf.templatemode.TemplateMode', 'org.thymeleaf.spring6.SpringTemplateEngine' (OnClassCondition)

   ThymeleafAutoConfiguration.DefaultTemplateResolverConfiguration matched:
      - @ConditionalOnMissingBean (names: defaultTemplateResolver; SearchStrategy: all) did not find any beans (OnBeanCondition)

   ThymeleafAutoConfiguration.ThymeleafWebMvcConfiguration matched:
      - found 'session' scope (OnWebApplicationCondition)
      - @ConditionalOnBooleanProperty (spring.thymeleaf.enabled=true) matched (OnPropertyCondition)

   ThymeleafAutoConfiguration.ThymeleafWebMvcConfiguration#resourceUrlEncodingFilter matched:
      - @ConditionalOnEnabledResourceChain found class org.webjars.WebJarVersionLocator (OnEnabledResourceChainCondition)
      - @ConditionalOnMissingBean (types: org.springframework.web.servlet.resource.ResourceUrlEncodingFilter; SearchStrategy: all) did not find any beans (OnBeanCondition)

   ThymeleafAutoConfiguration.ThymeleafWebMvcConfiguration.ThymeleafViewResolverConfiguration matched:
      - @ConditionalOnClass found required class 'org.springframework.web.servlet.view.AbstractCachingViewResolver' (OnClassCondition)

   ThymeleafAutoConfiguration.ThymeleafWebMvcConfiguration.ThymeleafViewResolverConfiguration#thymeleafViewResolver matched:
      - @ConditionalOnMissingBean (names: thymeleafViewResolver; SearchStrategy: all) did not find any beans (OnBeanCondition)

   TransactionAutoConfiguration matched:
      - @ConditionalOnClass found required class 'org.springframework.transaction.PlatformTransactionManager' (OnClassCondition)

   TransactionAutoConfiguration.EnableTransactionManagementConfiguration matched:
      - @ConditionalOnBean (types: org.springframework.transaction.TransactionManager; SearchStrategy: all) found bean 'transactionManager'; @ConditionalOnMissingBean (types: org.springframework.transaction.annotation.AbstractTransactionManagementConfiguration; SearchStrategy: all) did not find any beans (OnBeanCondition)

   TransactionAutoConfiguration.EnableTransactionManagementConfiguration.CglibAutoProxyConfiguration matched:
      - @ConditionalOnBooleanProperty (spring.aop.proxy-target-class=true) matched (OnPropertyCondition)

   TransactionAutoConfiguration.TransactionTemplateConfiguration matched:
      - @ConditionalOnSingleCandidate (types: org.springframework.transaction.PlatformTransactionManager; SearchStrategy: all) found a single bean 'transactionManager' (OnBeanCondition)

   TransactionAutoConfiguration.TransactionTemplateConfiguration#transactionTemplate matched:
      - @ConditionalOnMissingBean (types: org.springframework.transaction.support.TransactionOperations; SearchStrategy: all) did not find any beans (OnBeanCondition)

   TransactionManagerCustomizationAutoConfiguration matched:
      - @ConditionalOnClass found required class 'org.springframework.transaction.PlatformTransactionManager' (OnClassCondition)

   TransactionManagerCustomizationAutoConfiguration#platformTransactionManagerCustomizers matched:
      - @ConditionalOnMissingBean (types: org.springframework.boot.autoconfigure.transaction.TransactionManagerCustomizers; SearchStrategy: all) did not find any beans (OnBeanCondition)

   ValidationAutoConfiguration matched:
      - @ConditionalOnClass found required class 'jakarta.validation.executable.ExecutableValidator' (OnClassCondition)
      - @ConditionalOnResource found location classpath:META-INF/services/jakarta.validation.spi.ValidationProvider (OnResourceCondition)

   ValidationAutoConfiguration#defaultValidator matched:
      - @ConditionalOnMissingBean (types: jakarta.validation.Validator; SearchStrategy: all) did not find any beans (OnBeanCondition)

   ValidationAutoConfiguration#methodValidationPostProcessor matched:
      - @ConditionalOnMissingBean (types: org.springframework.validation.beanvalidation.MethodValidationPostProcessor; SearchStrategy: current) did not find any beans (OnBeanCondition)

   WebMvcAutoConfiguration matched:
      - @ConditionalOnClass found required classes 'jakarta.servlet.Servlet', 'org.springframework.web.servlet.DispatcherServlet', 'org.springframework.web.servlet.config.annotation.WebMvcConfigurer' (OnClassCondition)
      - found 'session' scope (OnWebApplicationCondition)
      - @ConditionalOnMissingBean (types: org.springframework.web.servlet.config.annotation.WebMvcConfigurationSupport; SearchStrategy: all) did not find any beans (OnBeanCondition)

   WebMvcAutoConfiguration#formContentFilter matched:
      - @ConditionalOnBooleanProperty (spring.mvc.formcontent.filter.enabled=true) matched (OnPropertyCondition)
      - @ConditionalOnMissingBean (types: org.springframework.web.filter.FormContentFilter; SearchStrategy: all) did not find any beans (OnBeanCondition)

   WebMvcAutoConfiguration.EnableWebMvcConfiguration#flashMapManager matched:
      - @ConditionalOnMissingBean (names: flashMapManager; SearchStrategy: all) did not find any beans (OnBeanCondition)

   WebMvcAutoConfiguration.EnableWebMvcConfiguration#localeResolver matched:
      - @ConditionalOnMissingBean (names: localeResolver; SearchStrategy: all) did not find any beans (OnBeanCondition)

   WebMvcAutoConfiguration.EnableWebMvcConfiguration#themeResolver matched:
      - @ConditionalOnMissingBean (names: themeResolver; SearchStrategy: all) did not find any beans (OnBeanCondition)

   WebMvcAutoConfiguration.EnableWebMvcConfiguration#viewNameTranslator matched:
      - @ConditionalOnMissingBean (names: viewNameTranslator; SearchStrategy: all) did not find any beans (OnBeanCondition)

   WebMvcAutoConfiguration.ResourceChainCustomizerConfiguration matched:
      - @ConditionalOnEnabledResourceChain found class org.webjars.WebJarVersionLocator (OnEnabledResourceChainCondition)

   WebMvcAutoConfiguration.WebMvcAutoConfigurationAdapter#defaultViewResolver matched:
      - @ConditionalOnMissingBean (types: org.springframework.web.servlet.view.InternalResourceViewResolver; SearchStrategy: all) did not find any beans (OnBeanCondition)

   WebMvcAutoConfiguration.WebMvcAutoConfigurationAdapter#requestContextFilter matched:
      - @ConditionalOnMissingBean (types: org.springframework.web.context.request.RequestContextListener,org.springframework.web.filter.RequestContextFilter; SearchStrategy: all) did not find any beans (OnBeanCondition)

   WebMvcAutoConfiguration.WebMvcAutoConfigurationAdapter#viewResolver matched:
      - @ConditionalOnBean (types: org.springframework.web.servlet.ViewResolver; SearchStrategy: all) found beans 'defaultViewResolver', 'beanNameViewResolver', 'mvcViewResolver'; @ConditionalOnMissingBean (names: viewResolver types: org.springframework.web.servlet.view.ContentNegotiatingViewResolver; SearchStrategy: all) did not find any beans (OnBeanCondition)

   WebSocketServletAutoConfiguration matched:
      - @ConditionalOnClass found required classes 'jakarta.servlet.Servlet', 'jakarta.websocket.server.ServerContainer' (OnClassCondition)
      - found 'session' scope (OnWebApplicationCondition)

   WebSocketServletAutoConfiguration.TomcatWebSocketConfiguration matched:
      - @ConditionalOnClass found required classes 'org.apache.catalina.startup.Tomcat', 'org.apache.tomcat.websocket.server.WsSci' (OnClassCondition)

   WebSocketServletAutoConfiguration.TomcatWebSocketConfiguration#websocketServletWebServerCustomizer matched:
      - @ConditionalOnMissingBean (names: websocketServletWebServerCustomizer; SearchStrategy: all) did not find any beans (OnBeanCondition)


Negative matches:
-----------------

   ActiveMQAutoConfiguration:
      Did not match:
         - @ConditionalOnClass did not find required class 'jakarta.jms.ConnectionFactory' (OnClassCondition)

   AopAutoConfiguration.AspectJAutoProxyingConfiguration.JdkDynamicAutoProxyConfiguration:
      Did not match:
         - @ConditionalOnBooleanProperty (spring.aop.proxy-target-class=false) did not find property 'spring.aop.proxy-target-class' (OnPropertyCondition)

   AopAutoConfiguration.ClassProxyingConfiguration:
      Did not match:
         - @ConditionalOnMissingClass found unwanted class 'org.aspectj.weaver.Advice' (OnClassCondition)

   ArtemisAutoConfiguration:
      Did not match:
         - @ConditionalOnClass did not find required class 'jakarta.jms.ConnectionFactory' (OnClassCondition)

   BatchAutoConfiguration:
      Did not match:
         - @ConditionalOnClass did not find required class 'org.springframework.batch.core.launch.JobLauncher' (OnClassCondition)

   Cache2kCacheConfiguration:
      Did not match:
         - @ConditionalOnClass did not find required class 'org.cache2k.Cache2kBuilder' (OnClassCondition)

   CaffeineCacheConfiguration:
      Did not match:
         - @ConditionalOnClass did not find required class 'com.github.benmanes.caffeine.cache.Caffeine' (OnClassCondition)

   CassandraAutoConfiguration:
      Did not match:
         - @ConditionalOnClass did not find required class 'com.datastax.oss.driver.api.core.CqlSession' (OnClassCondition)

   CassandraDataAutoConfiguration:
      Did not match:
         - @ConditionalOnClass did not find required class 'com.datastax.oss.driver.api.core.CqlSession' (OnClassCondition)

   CassandraReactiveDataAutoConfiguration:
      Did not match:
         - @ConditionalOnClass did not find required class 'com.datastax.oss.driver.api.core.CqlSession' (OnClassCondition)

   CassandraReactiveRepositoriesAutoConfiguration:
      Did not match:
         - @ConditionalOnClass did not find required class 'org.springframework.data.cassandra.ReactiveSession' (OnClassCondition)

   CassandraRepositoriesAutoConfiguration:
      Did not match:
         - @ConditionalOnClass did not find required class 'com.datastax.oss.driver.api.core.CqlSession' (OnClassCondition)

   org.springframework.boot.autoconfigure.http.client.reactive.ClientHttpConnectorAutoConfiguration:
      Did not match:
         - @ConditionalOnClass did not find required class 'reactor.core.publisher.Mono' (OnClassCondition)

   org.springframework.boot.autoconfigure.web.reactive.function.client.ClientHttpConnectorAutoConfiguration:
      Did not match:
         - @ConditionalOnClass did not find required class 'org.springframework.web.reactive.function.client.WebClient' (OnClassCondition)

   CodecsAutoConfiguration:
      Did not match:
         - @ConditionalOnClass did not find required class 'org.springframework.web.reactive.function.client.WebClient' (OnClassCondition)

   CouchbaseAutoConfiguration:
      Did not match:
         - @ConditionalOnClass did not find required class 'com.couchbase.client.java.Cluster' (OnClassCondition)

   CouchbaseCacheConfiguration:
      Did not match:
         - @ConditionalOnClass did not find required class 'com.couchbase.client.java.Cluster' (OnClassCondition)

   CouchbaseDataAutoConfiguration:
      Did not match:
         - @ConditionalOnClass did not find required class 'com.couchbase.client.java.Bucket' (OnClassCondition)

   CouchbaseReactiveDataAutoConfiguration:
      Did not match:
         - @ConditionalOnClass did not find required class 'com.couchbase.client.java.Cluster' (OnClassCondition)

   CouchbaseReactiveRepositoriesAutoConfiguration:
      Did not match:
         - @ConditionalOnClass did not find required class 'com.couchbase.client.java.Cluster' (OnClassCondition)

   CouchbaseRepositoriesAutoConfiguration:
      Did not match:
         - @ConditionalOnClass did not find required class 'com.couchbase.client.java.Bucket' (OnClassCondition)

   DataSourceAutoConfiguration.EmbeddedDatabaseConfiguration:
      Did not match:
         - EmbeddedDataSource spring.datasource.url is set (DataSourceAutoConfiguration.EmbeddedDatabaseCondition)

   DataSourceCheckpointRestoreConfiguration:
      Did not match:
         - @ConditionalOnClass did not find required class 'org.crac.Resource' (OnClassCondition)

   DataSourceConfiguration.Dbcp2:
      Did not match:
         - @ConditionalOnClass did not find required class 'org.apache.commons.dbcp2.BasicDataSource' (OnClassCondition)

   DataSourceConfiguration.Generic:
      Did not match:
         - @ConditionalOnProperty (spring.datasource.type) did not find property 'spring.datasource.type' (OnPropertyCondition)

   DataSourceConfiguration.OracleUcp:
      Did not match:
         - @ConditionalOnClass did not find required classes 'oracle.ucp.jdbc.PoolDataSourceImpl', 'oracle.jdbc.OracleConnection' (OnClassCondition)

   DataSourceConfiguration.Tomcat:
      Did not match:
         - @ConditionalOnClass did not find required class 'org.apache.tomcat.jdbc.pool.DataSource' (OnClassCondition)

   DataSourceJmxConfiguration:
      Did not match:
         - @ConditionalOnBooleanProperty (spring.jmx.enabled=true) did not find property 'spring.jmx.enabled' (OnPropertyCondition)

   DataSourcePoolMetadataProvidersConfiguration.CommonsDbcp2PoolDataSourceMetadataProviderConfiguration:
      Did not match:
         - @ConditionalOnClass did not find required class 'org.apache.commons.dbcp2.BasicDataSource' (OnClassCondition)

   DataSourcePoolMetadataProvidersConfiguration.OracleUcpPoolDataSourceMetadataProviderConfiguration:
      Did not match:
         - @ConditionalOnClass did not find required classes 'oracle.ucp.jdbc.PoolDataSource', 'oracle.jdbc.OracleConnection' (OnClassCondition)

   DataSourcePoolMetadataProvidersConfiguration.TomcatDataSourcePoolMetadataProviderConfiguration:
      Did not match:
         - @ConditionalOnClass did not find required class 'org.apache.tomcat.jdbc.pool.DataSource' (OnClassCondition)

   DataSourceTransactionManagerAutoConfiguration.JdbcTransactionManagerConfiguration#transactionManager:
      Did not match:
         - @ConditionalOnMissingBean (types: org.springframework.transaction.TransactionManager; SearchStrategy: all) found beans of type 'org.springframework.transaction.TransactionManager' transactionManager (OnBeanCondition)

   DevToolsR2dbcAutoConfiguration:
      Did not match:
         - @ConditionalOnClass did not find required class 'io.r2dbc.spi.ConnectionFactory' (OnClassCondition)

   DispatcherServletAutoConfiguration.DispatcherServletConfiguration#multipartResolver:
      Did not match:
         - @ConditionalOnBean (types: org.springframework.web.multipart.MultipartResolver; SearchStrategy: all) did not find any beans of type org.springframework.web.multipart.MultipartResolver (OnBeanCondition)

   ElasticsearchClientAutoConfiguration:
      Did not match:
         - @ConditionalOnClass did not find required class 'co.elastic.clients.elasticsearch.ElasticsearchClient' (OnClassCondition)

   ElasticsearchDataAutoConfiguration:
      Did not match:
         - @ConditionalOnClass did not find required class 'org.springframework.data.elasticsearch.client.elc.ElasticsearchTemplate' (OnClassCondition)

   ElasticsearchRepositoriesAutoConfiguration:
      Did not match:
         - @ConditionalOnClass did not find required class 'org.springframework.data.elasticsearch.repository.ElasticsearchRepository' (OnClassCondition)

   ElasticsearchRestClientAutoConfiguration:
      Did not match:
         - @ConditionalOnClass did not find required class 'org.elasticsearch.client.RestClientBuilder' (OnClassCondition)

   EmbeddedLdapAutoConfiguration:
      Did not match:
         - @ConditionalOnClass did not find required class 'com.unboundid.ldap.listener.InMemoryDirectoryServer' (OnClassCondition)

   EmbeddedWebServerFactoryCustomizerAutoConfiguration.JettyWebServerFactoryCustomizerConfiguration:
      Did not match:
         - @ConditionalOnClass did not find required classes 'org.eclipse.jetty.server.Server', 'org.eclipse.jetty.util.Loader', 'org.eclipse.jetty.ee10.webapp.WebAppContext' (OnClassCondition)

   EmbeddedWebServerFactoryCustomizerAutoConfiguration.NettyWebServerFactoryCustomizerConfiguration:
      Did not match:
         - @ConditionalOnClass did not find required class 'reactor.netty.http.server.HttpServer' (OnClassCondition)

   EmbeddedWebServerFactoryCustomizerAutoConfiguration.TomcatWebServerFactoryCustomizerConfiguration#tomcatVirtualThreadsProtocolHandlerCustomizer:
      Did not match:
         - @ConditionalOnThreading did not find VIRTUAL (OnThreadingCondition)

   EmbeddedWebServerFactoryCustomizerAutoConfiguration.UndertowWebServerFactoryCustomizerConfiguration:
      Did not match:
         - @ConditionalOnClass did not find required classes 'io.undertow.Undertow', 'org.xnio.SslClientAuthMode' (OnClassCondition)

   ErrorWebFluxAutoConfiguration:
      Did not match:
         - @ConditionalOnClass did not find required class 'org.springframework.web.reactive.config.WebFluxConfigurer' (OnClassCondition)

   FlywayAutoConfiguration:
      Did not match:
         - @ConditionalOnClass did not find required class 'org.flywaydb.core.Flyway' (OnClassCondition)

   FreeMarkerAutoConfiguration:
      Did not match:
         - @ConditionalOnClass did not find required class 'freemarker.template.Configuration' (OnClassCondition)

   GenericCacheConfiguration:
      Did not match:
         - @ConditionalOnBean (types: org.springframework.cache.Cache; SearchStrategy: all) did not find any beans of type org.springframework.cache.Cache (OnBeanCondition)
      Matched:
         - Cache org.springframework.boot.autoconfigure.cache.GenericCacheConfiguration automatic cache type (CacheCondition)

   GraphQlAutoConfiguration:
      Did not match:
         - @ConditionalOnClass did not find required class 'graphql.GraphQL' (OnClassCondition)

   GraphQlQueryByExampleAutoConfiguration:
      Did not match:
         - @ConditionalOnClass did not find required class 'graphql.GraphQL' (OnClassCondition)

   GraphQlQuerydslAutoConfiguration:
      Did not match:
         - @ConditionalOnClass did not find required class 'com.querydsl.core.Query' (OnClassCondition)

   GraphQlRSocketAutoConfiguration:
      Did not match:
         - @ConditionalOnClass did not find required class 'graphql.GraphQL' (OnClassCondition)

   GraphQlReactiveQueryByExampleAutoConfiguration:
      Did not match:
         - @ConditionalOnClass did not find required class 'graphql.GraphQL' (OnClassCondition)

   GraphQlReactiveQuerydslAutoConfiguration:
      Did not match:
         - @ConditionalOnClass did not find required class 'com.querydsl.core.Query' (OnClassCondition)

   GraphQlWebFluxAutoConfiguration:
      Did not match:
         - @ConditionalOnClass did not find required class 'graphql.GraphQL' (OnClassCondition)

   GraphQlWebFluxSecurityAutoConfiguration:
      Did not match:
         - @ConditionalOnClass did not find required class 'graphql.GraphQL' (OnClassCondition)

   GraphQlWebMvcAutoConfiguration:
      Did not match:
         - @ConditionalOnClass did not find required class 'graphql.GraphQL' (OnClassCondition)

   GraphQlWebMvcSecurityAutoConfiguration:
      Did not match:
         - @ConditionalOnClass did not find required class 'graphql.GraphQL' (OnClassCondition)

   GroovyTemplateAutoConfiguration:
      Did not match:
         - @ConditionalOnClass did not find required class 'groovy.text.markup.MarkupTemplateEngine' (OnClassCondition)

   GsonHttpMessageConvertersConfiguration.GsonHttpMessageConverterConfiguration:
      Did not match:
         - AnyNestedCondition 0 matched 2 did not; NestedCondition on GsonHttpMessageConvertersConfiguration.PreferGsonOrJacksonAndJsonbUnavailableCondition.JacksonJsonbUnavailable NoneNestedConditions 1 matched 1 did not; NestedCondition on GsonHttpMessageConvertersConfiguration.JacksonAndJsonbUnavailableCondition.JsonbPreferred @ConditionalOnPreferredJsonMapper JSONB no property was configured and Jackson is the default; NestedCondition on GsonHttpMessageConvertersConfiguration.JacksonAndJsonbUnavailableCondition.JacksonAvailable @ConditionalOnBean (types: org.springframework.http.converter.json.MappingJackson2HttpMessageConverter; SearchStrategy: all) found bean 'mappingJackson2HttpMessageConverter'; NestedCondition on GsonHttpMessageConvertersConfiguration.PreferGsonOrJacksonAndJsonbUnavailableCondition.GsonPreferred @ConditionalOnPreferredJsonMapper GSON no property was configured and Jackson is the default (GsonHttpMessageConvertersConfiguration.PreferGsonOrJacksonAndJsonbUnavailableCondition)

   H2ConsoleAutoConfiguration:
      Did not match:
         - @ConditionalOnClass did not find required class 'org.h2.server.web.JakartaWebServlet' (OnClassCondition)

   HazelcastAutoConfiguration:
      Did not match:
         - @ConditionalOnClass did not find required class 'com.hazelcast.core.HazelcastInstance' (OnClassCondition)

   HazelcastCacheConfiguration:
      Did not match:
         - @ConditionalOnClass did not find required class 'com.hazelcast.core.HazelcastInstance' (OnClassCondition)

   HazelcastJpaDependencyAutoConfiguration:
      Did not match:
         - @ConditionalOnClass did not find required class 'com.hazelcast.core.HazelcastInstance' (OnClassCondition)

   HttpHandlerAutoConfiguration:
      Did not match:
         - @ConditionalOnClass did not find required class 'org.springframework.web.reactive.DispatcherHandler' (OnClassCondition)

   HypermediaAutoConfiguration:
      Did not match:
         - @ConditionalOnClass did not find required class 'org.springframework.hateoas.EntityModel' (OnClassCondition)

   InfinispanCacheConfiguration:
      Did not match:
         - @ConditionalOnClass did not find required class 'org.infinispan.spring.embedded.provider.SpringEmbeddedCacheManager' (OnClassCondition)

   IntegrationAutoConfiguration:
      Did not match:
         - @ConditionalOnClass did not find required class 'org.springframework.integration.config.EnableIntegration' (OnClassCondition)

   JCacheCacheConfiguration:
      Did not match:
         - @ConditionalOnClass did not find required class 'javax.cache.Caching' (OnClassCondition)

   JacksonHttpMessageConvertersConfiguration.MappingJackson2XmlHttpMessageConverterConfiguration:
      Did not match:
         - @ConditionalOnClass did not find required class 'com.fasterxml.jackson.dataformat.xml.XmlMapper' (OnClassCondition)

   JdbcRepositoriesAutoConfiguration:
      Did not match:
         - @ConditionalOnClass did not find required class 'org.springframework.data.jdbc.repository.config.AbstractJdbcConfiguration' (OnClassCondition)

   JerseyAutoConfiguration:
      Did not match:
         - @ConditionalOnClass did not find required class 'org.glassfish.jersey.server.spring.SpringComponentProvider' (OnClassCondition)

   JmsAutoConfiguration:
      Did not match:
         - @ConditionalOnClass did not find required class 'jakarta.jms.Message' (OnClassCondition)

   JmxAutoConfiguration:
      Did not match:
         - @ConditionalOnBooleanProperty (spring.jmx.enabled=true) did not find property 'spring.jmx.enabled' (OnPropertyCondition)
      Matched:
         - @ConditionalOnClass found required class 'org.springframework.jmx.export.MBeanExporter' (OnClassCondition)

   JndiConnectionFactoryAutoConfiguration:
      Did not match:
         - @ConditionalOnClass did not find required class 'org.springframework.jms.core.JmsTemplate' (OnClassCondition)

   JndiDataSourceAutoConfiguration:
      Did not match:
         - @ConditionalOnProperty (spring.datasource.jndi-name) did not find property 'spring.datasource.jndi-name' (OnPropertyCondition)
      Matched:
         - @ConditionalOnClass found required classes 'javax.sql.DataSource', 'org.springframework.jdbc.datasource.embedded.EmbeddedDatabaseType' (OnClassCondition)

   JndiJtaConfiguration:
      Did not match:
         - @ConditionalOnJndi JNDI environment is not available (OnJndiCondition)
      Matched:
         - @ConditionalOnClass found required class 'org.springframework.transaction.jta.JtaTransactionManager' (OnClassCondition)

   JooqAutoConfiguration:
      Did not match:
         - @ConditionalOnClass did not find required class 'org.jooq.DSLContext' (OnClassCondition)

   JpaRepositoriesAutoConfiguration#entityManagerFactoryBootstrapExecutorCustomizer:
      Did not match:
         - AnyNestedCondition 0 matched 2 did not; NestedCondition on JpaRepositoriesAutoConfiguration.BootstrapExecutorCondition.LazyBootstrapMode @ConditionalOnProperty (spring.data.jpa.repositories.bootstrap-mode=lazy) did not find property 'spring.data.jpa.repositories.bootstrap-mode'; NestedCondition on JpaRepositoriesAutoConfiguration.BootstrapExecutorCondition.DeferredBootstrapMode @ConditionalOnProperty (spring.data.jpa.repositories.bootstrap-mode=deferred) did not find property 'spring.data.jpa.repositories.bootstrap-mode' (JpaRepositoriesAutoConfiguration.BootstrapExecutorCondition)

   JsonbAutoConfiguration:
      Did not match:
         - @ConditionalOnClass did not find required class 'jakarta.json.bind.Jsonb' (OnClassCondition)

   JsonbHttpMessageConvertersConfiguration:
      Did not match:
         - @ConditionalOnClass did not find required class 'jakarta.json.bind.Jsonb' (OnClassCondition)

   KafkaAutoConfiguration:
      Did not match:
         - @ConditionalOnClass did not find required class 'org.springframework.kafka.core.KafkaTemplate' (OnClassCondition)

   LdapAutoConfiguration:
      Did not match:
         - @ConditionalOnClass did not find required class 'org.springframework.ldap.core.ContextSource' (OnClassCondition)

   LdapRepositoriesAutoConfiguration:
      Did not match:
         - @ConditionalOnClass did not find required class 'org.springframework.data.ldap.repository.LdapRepository' (OnClassCondition)

   LiquibaseAutoConfiguration:
      Did not match:
         - @ConditionalOnClass did not find required class 'liquibase.change.DatabaseChange' (OnClassCondition)

   MailSenderJndiConfiguration:
      Did not match:
         - @ConditionalOnProperty (spring.mail.jndi-name) did not find property 'spring.mail.jndi-name' (OnPropertyCondition)
      Matched:
         - @ConditionalOnClass found required class 'jakarta.mail.Session' (OnClassCondition)

   MailSenderValidatorAutoConfiguration:
      Did not match:
         - @ConditionalOnBooleanProperty (spring.mail.test-connection=true) did not find property 'spring.mail.test-connection' (OnPropertyCondition)

   MessageSourceAutoConfiguration:
      Did not match:
         - ResourceBundle did not find bundle with basename messages (MessageSourceAutoConfiguration.ResourceBundleCondition)

   MongoAutoConfiguration:
      Did not match:
         - @ConditionalOnClass did not find required class 'com.mongodb.client.MongoClient' (OnClassCondition)

   MongoDataAutoConfiguration:
      Did not match:
         - @ConditionalOnClass did not find required class 'com.mongodb.client.MongoClient' (OnClassCondition)

   MongoReactiveAutoConfiguration:
      Did not match:
         - @ConditionalOnClass did not find required class 'com.mongodb.reactivestreams.client.MongoClient' (OnClassCondition)

   MongoReactiveDataAutoConfiguration:
      Did not match:
         - @ConditionalOnClass did not find required class 'com.mongodb.reactivestreams.client.MongoClient' (OnClassCondition)

   MongoReactiveRepositoriesAutoConfiguration:
      Did not match:
         - @ConditionalOnClass did not find required class 'com.mongodb.reactivestreams.client.MongoClient' (OnClassCondition)

   MongoRepositoriesAutoConfiguration:
      Did not match:
         - @ConditionalOnClass did not find required class 'com.mongodb.client.MongoClient' (OnClassCondition)

   MultipleOpenApiSupportConfiguration:
      Did not match:
         - AnyNestedCondition 0 matched 2 did not; NestedCondition on MultipleOpenApiSupportCondition.OnActuatorDifferentPort @ConditionalOnProperty (springdoc.show-actuator) did not find property 'springdoc.show-actuator'; NestedCondition on MultipleOpenApiSupportCondition.OnMultipleOpenApiSupportCondition AnyNestedCondition 0 matched 3 did not; NestedCondition on MultipleOpenApiGroupsCondition.OnListGroupedOpenApiBean @ConditionalOnBean (types: org.springdoc.core.models.GroupedOpenApi; SearchStrategy: all) did not find any beans of type org.springdoc.core.models.GroupedOpenApi; NestedCondition on MultipleOpenApiGroupsCondition.OnGroupConfigProperty @ConditionalOnProperty (springdoc.group-configs[0].group) did not find property 'springdoc.group-configs[0].group'; NestedCondition on MultipleOpenApiGroupsCondition.OnGroupedOpenApiBean @ConditionalOnBean (types: org.springdoc.core.models.GroupedOpenApi; SearchStrategy: all) did not find any beans of type org.springdoc.core.models.GroupedOpenApi (MultipleOpenApiSupportCondition)
      Matched:
         - found 'session' scope (OnWebApplicationCondition)
         - @ConditionalOnProperty (springdoc.api-docs.enabled) matched (OnPropertyCondition)

   MultipleOpenApiSupportConfiguration.SpringDocWebMvcActuatorDifferentConfiguration:
      Did not match:
         - @ConditionalOnClass did not find required class 'org.springframework.boot.actuate.endpoint.web.servlet.WebMvcEndpointHandlerMapping' (OnClassCondition)
         - Ancestor org.springdoc.webmvc.core.configuration.MultipleOpenApiSupportConfiguration did not match (ConditionEvaluationReport.AncestorsMatchedCondition)

   MustacheAutoConfiguration:
      Did not match:
         - @ConditionalOnClass did not find required class 'com.samskivert.mustache.Mustache' (OnClassCondition)

   Neo4jAutoConfiguration:
      Did not match:
         - @ConditionalOnClass did not find required class 'org.neo4j.driver.Driver' (OnClassCondition)

   Neo4jDataAutoConfiguration:
      Did not match:
         - @ConditionalOnClass did not find required class 'org.neo4j.driver.Driver' (OnClassCondition)

   Neo4jReactiveDataAutoConfiguration:
      Did not match:
         - @ConditionalOnClass did not find required class 'org.neo4j.driver.Driver' (OnClassCondition)

   Neo4jReactiveRepositoriesAutoConfiguration:
      Did not match:
         - @ConditionalOnClass did not find required class 'org.neo4j.driver.Driver' (OnClassCondition)

   Neo4jRepositoriesAutoConfiguration:
      Did not match:
         - @ConditionalOnClass did not find required class 'org.neo4j.driver.Driver' (OnClassCondition)

   NettyAutoConfiguration:
      Did not match:
         - @ConditionalOnClass did not find required class 'io.netty.util.NettyRuntime' (OnClassCondition)

   NoOpCacheConfiguration:
      Did not match:
         - @ConditionalOnMissingBean (types: org.springframework.cache.CacheManager; SearchStrategy: all) found beans of type 'org.springframework.cache.CacheManager' cacheManager (OnBeanCondition)
      Matched:
         - Cache org.springframework.boot.autoconfigure.cache.NoOpCacheConfiguration automatic cache type (CacheCondition)

   OAuth2AuthorizationServerAutoConfiguration:
      Did not match:
         - @ConditionalOnClass did not find required class 'org.springframework.security.oauth2.server.authorization.OAuth2Authorization' (OnClassCondition)

   OAuth2AuthorizationServerJwtAutoConfiguration:
      Did not match:
         - @ConditionalOnClass did not find required class 'com.nimbusds.jose.jwk.source.JWKSource' (OnClassCondition)

   OAuth2ClientAutoConfiguration:
      Did not match:
         - @ConditionalOnClass did not find required class 'org.springframework.security.oauth2.client.registration.ClientRegistration' (OnClassCondition)

   OAuth2ClientWebSecurityAutoConfiguration:
      Did not match:
         - @ConditionalOnClass did not find required class 'org.springframework.security.oauth2.client.web.OAuth2AuthorizedClientRepository' (OnClassCondition)

   OAuth2ResourceServerAutoConfiguration:
      Did not match:
         - @ConditionalOnClass did not find required class 'org.springframework.security.oauth2.server.resource.authentication.BearerTokenAuthenticationToken' (OnClassCondition)

   ProjectInfoAutoConfiguration#buildProperties:
      Did not match:
         - @ConditionalOnResource did not find resource '${spring.info.build.location:classpath:META-INF/build-info.properties}' (OnResourceCondition)

   ProjectInfoAutoConfiguration#gitProperties:
      Did not match:
         - GitResource did not find git info at classpath:git.properties (ProjectInfoAutoConfiguration.GitResourceAvailableCondition)

   PulsarAutoConfiguration:
      Did not match:
         - @ConditionalOnClass did not find required class 'org.apache.pulsar.client.api.PulsarClient' (OnClassCondition)

   PulsarReactiveAutoConfiguration:
      Did not match:
         - @ConditionalOnClass did not find required class 'org.apache.pulsar.client.api.PulsarClient' (OnClassCondition)

   QuartzAutoConfiguration:
      Did not match:
         - @ConditionalOnClass did not find required class 'org.quartz.Scheduler' (OnClassCondition)

   R2dbcAutoConfiguration:
      Did not match:
         - @ConditionalOnClass did not find required class 'io.r2dbc.spi.ConnectionFactory' (OnClassCondition)

   R2dbcDataAutoConfiguration:
      Did not match:
         - @ConditionalOnClass did not find required class 'org.springframework.data.r2dbc.core.R2dbcEntityTemplate' (OnClassCondition)

   R2dbcInitializationConfiguration:
      Did not match:
         - @ConditionalOnClass did not find required classes 'io.r2dbc.spi.ConnectionFactory', 'org.springframework.r2dbc.connection.init.DatabasePopulator' (OnClassCondition)

   R2dbcProxyAutoConfiguration:
      Did not match:
         - @ConditionalOnClass did not find required class 'io.r2dbc.proxy.ProxyConnectionFactory' (OnClassCondition)

   R2dbcRepositoriesAutoConfiguration:
      Did not match:
         - @ConditionalOnClass did not find required class 'io.r2dbc.spi.ConnectionFactory' (OnClassCondition)

   R2dbcTransactionManagerAutoConfiguration:
      Did not match:
         - @ConditionalOnClass did not find required class 'org.springframework.r2dbc.connection.R2dbcTransactionManager' (OnClassCondition)

   RSocketGraphQlClientAutoConfiguration:
      Did not match:
         - @ConditionalOnClass did not find required class 'graphql.GraphQL' (OnClassCondition)

   RSocketMessagingAutoConfiguration:
      Did not match:
         - @ConditionalOnClass did not find required class 'io.rsocket.RSocket' (OnClassCondition)

   RSocketRequesterAutoConfiguration:
      Did not match:
         - @ConditionalOnClass did not find required class 'io.rsocket.RSocket' (OnClassCondition)

   RSocketSecurityAutoConfiguration:
      Did not match:
         - @ConditionalOnClass did not find required class 'org.springframework.security.rsocket.core.SecuritySocketAcceptorInterceptor' (OnClassCondition)

   RSocketServerAutoConfiguration:
      Did not match:
         - @ConditionalOnClass did not find required class 'io.rsocket.core.RSocketServer' (OnClassCondition)

   RSocketStrategiesAutoConfiguration:
      Did not match:
         - @ConditionalOnClass did not find required class 'io.netty.buffer.PooledByteBufAllocator' (OnClassCondition)

   RabbitAutoConfiguration:
      Did not match:
         - @ConditionalOnClass did not find required class 'com.rabbitmq.client.Channel' (OnClassCondition)

   ReactiveElasticsearchClientAutoConfiguration:
      Did not match:
         - @ConditionalOnClass did not find required class 'co.elastic.clients.transport.ElasticsearchTransport' (OnClassCondition)

   ReactiveElasticsearchRepositoriesAutoConfiguration:
      Did not match:
         - @ConditionalOnClass did not find required class 'reactor.core.publisher.Mono' (OnClassCondition)

   ReactiveMultipartAutoConfiguration:
      Did not match:
         - @ConditionalOnClass did not find required class 'org.springframework.web.reactive.config.WebFluxConfigurer' (OnClassCondition)

   ReactiveOAuth2ClientAutoConfiguration:
      Did not match:
         - @ConditionalOnClass did not find required class 'reactor.core.publisher.Flux' (OnClassCondition)

   ReactiveOAuth2ClientWebSecurityAutoConfiguration:
      Did not match:
         - @ConditionalOnClass did not find required class 'reactor.core.publisher.Flux' (OnClassCondition)

   ReactiveOAuth2ResourceServerAutoConfiguration:
      Did not match:
         - @ConditionalOnWebApplication did not find reactive web application classes (OnWebApplicationCondition)

   ReactiveSecurityAutoConfiguration:
      Did not match:
         - @ConditionalOnClass did not find required class 'reactor.core.publisher.Flux' (OnClassCondition)

   ReactiveUserDetailsServiceAutoConfiguration:
      Did not match:
         - AnyNestedCondition 0 matched 2 did not; NestedCondition on ReactiveUserDetailsServiceAutoConfiguration.RSocketEnabledOrReactiveWebApplication.ReactiveWebApplicationCondition did not find reactive web application classes; NestedCondition on ReactiveUserDetailsServiceAutoConfiguration.RSocketEnabledOrReactiveWebApplication.RSocketSecurityEnabledCondition @ConditionalOnBean (types: org.springframework.messaging.rsocket.annotation.support.RSocketMessageHandler; SearchStrategy: all) did not find any beans of type org.springframework.messaging.rsocket.annotation.support.RSocketMessageHandler (ReactiveUserDetailsServiceAutoConfiguration.RSocketEnabledOrReactiveWebApplication)
      Matched:
         - @ConditionalOnClass found required class 'org.springframework.security.authentication.ReactiveAuthenticationManager' (OnClassCondition)
         - AnyNestedCondition 1 matched 2 did not; NestedCondition on ReactiveUserDetailsServiceAutoConfiguration.MissingAlternativeOrUserPropertiesConfigured.PasswordConfigured @ConditionalOnProperty (spring.security.user.password) did not find property 'spring.security.user.password'; NestedCondition on ReactiveUserDetailsServiceAutoConfiguration.MissingAlternativeOrUserPropertiesConfigured.NameConfigured @ConditionalOnProperty (spring.security.user.name) did not find property 'spring.security.user.name'; NestedCondition on ReactiveUserDetailsServiceAutoConfiguration.MissingAlternativeOrUserPropertiesConfigured.MissingAlternative @ConditionalOnMissingClass did not find unwanted classes 'org.springframework.security.oauth2.client.registration.ClientRegistrationRepository', 'org.springframework.security.oauth2.server.resource.introspection.ReactiveOpaqueTokenIntrospector' (ReactiveUserDetailsServiceAutoConfiguration.MissingAlternativeOrUserPropertiesConfigured)

   ReactiveWebServerFactoryAutoConfiguration:
      Did not match:
         - @ConditionalOnWebApplication did not find reactive web application classes (OnWebApplicationCondition)

   ReactorAutoConfiguration:
      Did not match:
         - @ConditionalOnClass did not find required class 'reactor.core.publisher.Hooks' (OnClassCondition)

   RedisAutoConfiguration:
      Did not match:
         - @ConditionalOnClass did not find required class 'org.springframework.data.redis.core.RedisOperations' (OnClassCondition)

   RedisCacheConfiguration:
      Did not match:
         - @ConditionalOnClass did not find required class 'org.springframework.data.redis.connection.RedisConnectionFactory' (OnClassCondition)

   RedisReactiveAutoConfiguration:
      Did not match:
         - @ConditionalOnClass did not find required class 'reactor.core.publisher.Flux' (OnClassCondition)

   RedisRepositoriesAutoConfiguration:
      Did not match:
         - @ConditionalOnClass did not find required class 'org.springframework.data.redis.repository.configuration.EnableRedisRepositories' (OnClassCondition)

   RemoteDevToolsAutoConfiguration:
      Did not match:
         - @ConditionalOnProperty (spring.devtools.remote.secret) did not find property 'spring.devtools.remote.secret' (OnPropertyCondition)
      Matched:
         - @ConditionalOnClass found required classes 'jakarta.servlet.Filter', 'org.springframework.http.server.ServerHttpRequest' (OnClassCondition)

   RepositoryRestMvcAutoConfiguration:
      Did not match:
         - @ConditionalOnClass did not find required class 'org.springframework.data.rest.webmvc.config.RepositoryRestMvcConfiguration' (OnClassCondition)

   Saml2RelyingPartyAutoConfiguration:
      Did not match:
         - @ConditionalOnClass did not find required class 'org.springframework.security.saml2.provider.service.registration.RelyingPartyRegistrationRepository' (OnClassCondition)

   SecurityDataConfiguration:
      Did not match:
         - @ConditionalOnClass did not find required class 'org.springframework.security.data.repository.query.SecurityEvaluationContextExtension' (OnClassCondition)

   SendGridAutoConfiguration:
      Did not match:
         - @ConditionalOnClass did not find required class 'com.sendgrid.SendGrid' (OnClassCondition)

   ServletWebServerFactoryAutoConfiguration.ForwardedHeaderFilterConfiguration:
      Did not match:
         - @ConditionalOnProperty (server.forward-headers-strategy=framework) did not find property 'server.forward-headers-strategy' (OnPropertyCondition)

   ServletWebServerFactoryConfiguration.EmbeddedJetty:
      Did not match:
         - @ConditionalOnClass did not find required classes 'org.eclipse.jetty.server.Server', 'org.eclipse.jetty.util.Loader', 'org.eclipse.jetty.ee10.webapp.WebAppContext' (OnClassCondition)

   ServletWebServerFactoryConfiguration.EmbeddedUndertow:
      Did not match:
         - @ConditionalOnClass did not find required classes 'io.undertow.Undertow', 'org.xnio.SslClientAuthMode' (OnClassCondition)

   SessionAutoConfiguration:
      Did not match:
         - @ConditionalOnClass did not find required class 'org.springframework.session.Session' (OnClassCondition)

   SpringApplicationAdminJmxAutoConfiguration:
      Did not match:
         - @ConditionalOnBooleanProperty (spring.application.admin.enabled=true) did not find property 'spring.application.admin.enabled' (OnPropertyCondition)

   SpringBootWebSecurityConfiguration.SecurityFilterChainConfiguration:
      Did not match:
         - AllNestedConditions 1 matched 1 did not; NestedCondition on DefaultWebSecurityCondition.Beans @ConditionalOnMissingBean (types: org.springframework.security.web.SecurityFilterChain; SearchStrategy: all) found beans of type 'org.springframework.security.web.SecurityFilterChain' securityFilterChain; NestedCondition on DefaultWebSecurityCondition.Classes @ConditionalOnClass found required classes 'org.springframework.security.web.SecurityFilterChain', 'org.springframework.security.config.annotation.web.builders.HttpSecurity' (DefaultWebSecurityCondition)

   SpringDocConfiguration#oas31ModelConverter:
      Did not match:
         - @ConditionalOnProperty (springdoc.explicit-object-schema=true) did not find property 'springdoc.explicit-object-schema' (OnPropertyCondition)

   SpringDocConfiguration#propertiesResolverForSchema:
      Did not match:
         - @ConditionalOnProperty (springdoc.api-docs.resolve-schema-properties) did not find property 'springdoc.api-docs.resolve-schema-properties' (OnPropertyCondition)

   SpringDocConfiguration#propertyCustomizingConverter:
      Did not match:
         - @ConditionalOnBean (types: org.springdoc.core.customizers.PropertyCustomizer; SearchStrategy: all) did not find any beans of type org.springdoc.core.customizers.PropertyCustomizer (OnBeanCondition)

   SpringDocConfiguration#springdocBeanFactoryPostProcessor:
      Did not match:
         - AnyNestedCondition 0 matched 2 did not; NestedCondition on CacheOrGroupedOpenApiCondition.OnCacheDisabled found non-matching nested conditions @ConditionalOnProperty (springdoc.cache.disabled) did not find property 'springdoc.cache.disabled'; NestedCondition on CacheOrGroupedOpenApiCondition.OnMultipleOpenApiSupportCondition AnyNestedCondition 0 matched 2 did not; NestedCondition on MultipleOpenApiSupportCondition.OnActuatorDifferentPort @ConditionalOnProperty (springdoc.show-actuator) did not find property 'springdoc.show-actuator'; NestedCondition on MultipleOpenApiSupportCondition.OnMultipleOpenApiSupportCondition AnyNestedCondition 0 matched 3 did not; NestedCondition on MultipleOpenApiGroupsCondition.OnListGroupedOpenApiBean @ConditionalOnBean (types: org.springdoc.core.models.GroupedOpenApi; SearchStrategy: all) did not find any beans of type org.springdoc.core.models.GroupedOpenApi; NestedCondition on MultipleOpenApiGroupsCondition.OnGroupConfigProperty @ConditionalOnProperty (springdoc.group-configs[0].group) did not find property 'springdoc.group-configs[0].group'; NestedCondition on MultipleOpenApiGroupsCondition.OnGroupedOpenApiBean @ConditionalOnBean (types: org.springdoc.core.models.GroupedOpenApi; SearchStrategy: all) did not find any beans of type org.springdoc.core.models.GroupedOpenApi (CacheOrGroupedOpenApiCondition)
      Matched:
         - @ConditionalOnClass found required class 'org.springframework.boot.context.properties.bind.BindResult' (OnClassCondition)

   SpringDocConfiguration#springdocBeanFactoryPostProcessor2:
      Did not match:
         - @ConditionalOnMissingClass found unwanted class 'org.springframework.boot.context.properties.bind.BindResult' (OnClassCondition)

   SpringDocConfiguration.SpringDocActuatorConfiguration:
      Did not match:
         - @ConditionalOnClass did not find required class 'org.springframework.boot.actuate.autoconfigure.endpoint.web.WebEndpointProperties' (OnClassCondition)

   SpringDocConfiguration.SpringDocRepositoryRestConfiguration:
      Did not match:
         - @ConditionalOnClass did not find required class 'org.springframework.data.rest.core.config.RepositoryRestConfiguration' (OnClassCondition)

   SpringDocConfiguration.SpringDocWebFluxSupportConfiguration:
      Did not match:
         - @ConditionalOnClass did not find required class 'reactor.core.publisher.Flux' (OnClassCondition)

   SpringDocDataRestConfiguration:
      Did not match:
         - @ConditionalOnClass did not find required class 'org.springframework.data.rest.core.config.RepositoryRestConfiguration' (OnClassCondition)

   SpringDocFunctionCatalogConfiguration:
      Did not match:
         - @ConditionalOnClass did not find required class 'org.springframework.cloud.function.web.function.FunctionEndpointInitializer' (OnClassCondition)

   SpringDocGroovyConfiguration:
      Did not match:
         - @ConditionalOnClass did not find required class 'groovy.lang.MetaClass' (OnClassCondition)

   SpringDocHateoasConfiguration:
      Did not match:
         - @ConditionalOnClass did not find required class 'org.springframework.hateoas.server.LinkRelationProvider' (OnClassCondition)

   SpringDocJacksonKotlinModuleConfiguration:
      Did not match:
         - @ConditionalOnClass did not find required class 'com.fasterxml.jackson.module.kotlin.KotlinModule' (OnClassCondition)

   SpringDocJavadocConfiguration:
      Did not match:
         - @ConditionalOnClass did not find required class 'com.github.therapi.runtimejavadoc.CommentFormatter' (OnClassCondition)

   SpringDocKotlinConfiguration:
      Did not match:
         - @ConditionalOnClass did not find required class 'kotlin.coroutines.Continuation' (OnClassCondition)

   SpringDocKotlinxConfiguration:
      Did not match:
         - @ConditionalOnClass did not find required class 'kotlinx.coroutines.flow.Flow' (OnClassCondition)

   SpringDocSecurityConfiguration.SpringDocSecurityOAuth2ClientConfiguration:
      Did not match:
         - @ConditionalOnClass did not find required class 'org.springframework.security.oauth2.client.annotation.RegisteredOAuth2AuthorizedClient' (OnClassCondition)

   SpringDocSecurityConfiguration.SpringDocSecurityOAuth2Configuration:
      Did not match:
         - @ConditionalOnClass did not find required class 'org.springframework.security.oauth2.server.authorization.OAuth2AuthorizationService' (OnClassCondition)

   SpringDocSecurityConfiguration.SpringSecurityLoginEndpointConfiguration#springSecurityLoginEndpointCustomizer:
      Did not match:
         - @ConditionalOnProperty (springdoc.show-login-endpoint) did not find property 'springdoc.show-login-endpoint' (OnPropertyCondition)

   SpringDocSortConfiguration#dataRestDelegatingMethodParameterCustomizer:
      Did not match:
         - @ConditionalOnMissingBean (types: org.springdoc.core.customizers.DataRestDelegatingMethodParameterCustomizer; SearchStrategy: all) found beans of type 'org.springdoc.core.customizers.DataRestDelegatingMethodParameterCustomizer' dataRestDelegatingMethodParameterCustomizer (OnBeanCondition)

   SpringDocWebMvcConfiguration.SpringDocWebMvcActuatorConfiguration:
      Did not match:
         - @ConditionalOnClass did not find required class 'org.springframework.boot.actuate.endpoint.web.servlet.WebMvcEndpointHandlerMapping' (OnClassCondition)

   SwaggerConfig#springWebProvider:
      Did not match:
         - @ConditionalOnMissingBean (types: org.springdoc.core.providers.SpringWebProvider; SearchStrategy: all) found beans of type 'org.springdoc.core.providers.SpringWebProvider' springWebProvider (OnBeanCondition)

   SwaggerConfig#swaggerUiHome:
      Did not match:
         - @ConditionalOnProperty (springdoc.swagger-ui.use-root-path=true) did not find property 'springdoc.swagger-ui.use-root-path' (OnPropertyCondition)

   SwaggerConfig.SwaggerActuatorWelcomeConfiguration:
      Did not match:
         - @ConditionalOnClass did not find required class 'org.springframework.boot.actuate.endpoint.web.servlet.WebMvcEndpointHandlerMapping' (OnClassCondition)

   TaskExecutorConfigurations.SimpleAsyncTaskExecutorBuilderConfiguration#simpleAsyncTaskExecutorBuilderVirtualThreads:
      Did not match:
         - @ConditionalOnMissingBean (types: org.springframework.boot.task.SimpleAsyncTaskExecutorBuilder; SearchStrategy: all) found beans of type 'org.springframework.boot.task.SimpleAsyncTaskExecutorBuilder' simpleAsyncTaskExecutorBuilder (OnBeanCondition)

   TaskExecutorConfigurations.TaskExecutorConfiguration:
      Did not match:
         - AnyNestedCondition 0 matched 2 did not; NestedCondition on TaskExecutorConfigurations.OnExecutorCondition.ModelCondition @ConditionalOnProperty (spring.task.execution.mode=force) did not find property 'spring.task.execution.mode'; NestedCondition on TaskExecutorConfigurations.OnExecutorCondition.ExecutorBeanCondition @ConditionalOnMissingBean (types: java.util.concurrent.Executor; SearchStrategy: all) found beans of type 'java.util.concurrent.Executor' auditExecutor (TaskExecutorConfigurations.OnExecutorCondition)

   TaskSchedulingConfigurations.SimpleAsyncTaskSchedulerBuilderConfiguration#simpleAsyncTaskSchedulerBuilderVirtualThreads:
      Did not match:
         - @ConditionalOnMissingBean (types: org.springframework.boot.task.SimpleAsyncTaskSchedulerBuilder; SearchStrategy: all) found beans of type 'org.springframework.boot.task.SimpleAsyncTaskSchedulerBuilder' simpleAsyncTaskSchedulerBuilder (OnBeanCondition)

   TaskSchedulingConfigurations.TaskSchedulerConfiguration#taskSchedulerVirtualThreads:
      Did not match:
         - @ConditionalOnThreading did not find VIRTUAL (OnThreadingCondition)

   TemplateEngineConfigurations.ReactiveTemplateEngineConfiguration:
      Did not match:
         - did not find reactive web application classes (OnWebApplicationCondition)

   ThymeleafAutoConfiguration.DataAttributeDialectConfiguration:
      Did not match:
         - @ConditionalOnClass did not find required class 'com.github.mxab.thymeleaf.extras.dataattribute.dialect.DataAttributeDialect' (OnClassCondition)

   ThymeleafAutoConfiguration.ThymeleafSecurityDialectConfiguration:
      Did not match:
         - @ConditionalOnClass did not find required class 'org.thymeleaf.extras.springsecurity6.dialect.SpringSecurityDialect' (OnClassCondition)

   ThymeleafAutoConfiguration.ThymeleafWebFluxConfiguration:
      Did not match:
         - did not find reactive web application classes (OnWebApplicationCondition)

   ThymeleafAutoConfiguration.ThymeleafWebLayoutConfiguration:
      Did not match:
         - @ConditionalOnClass did not find required class 'nz.net.ultraq.thymeleaf.layoutdialect.LayoutDialect' (OnClassCondition)

   TransactionAutoConfiguration#transactionalOperator:
      Did not match:
         - @ConditionalOnSingleCandidate (types: org.springframework.transaction.ReactiveTransactionManager; SearchStrategy: all) did not find any beans (OnBeanCondition)

   TransactionAutoConfiguration.AspectJTransactionManagementConfiguration:
      Did not match:
         - @ConditionalOnBean (types: org.springframework.transaction.aspectj.AbstractTransactionAspect; SearchStrategy: all) did not find any beans of type org.springframework.transaction.aspectj.AbstractTransactionAspect (OnBeanCondition)

   TransactionAutoConfiguration.EnableTransactionManagementConfiguration.JdkDynamicAutoProxyConfiguration:
      Did not match:
         - @ConditionalOnBooleanProperty (spring.aop.proxy-target-class=false) did not find property 'spring.aop.proxy-target-class' (OnPropertyCondition)

   UserDetailsServiceAutoConfiguration:
      Did not match:
         - @ConditionalOnMissingBean (types: org.springframework.security.authentication.AuthenticationManager,org.springframework.security.authentication.AuthenticationProvider,org.springframework.security.core.userdetails.UserDetailsService,org.springframework.security.authentication.AuthenticationManagerResolver,org.springframework.security.oauth2.jwt.JwtDecoder; SearchStrategy: all) found beans of type 'org.springframework.security.authentication.AuthenticationManager' authenticationManager and found beans of type 'org.springframework.security.core.userdetails.UserDetailsService' userDetailsServiceImpl and found beans of type 'org.springframework.security.authentication.AuthenticationProvider' authenticationProvider (OnBeanCondition)
      Matched:
         - @ConditionalOnClass found required class 'org.springframework.security.authentication.AuthenticationManager' (OnClassCondition)
         - found 'session' scope (OnWebApplicationCondition)
         - AnyNestedCondition 1 matched 2 did not; NestedCondition on UserDetailsServiceAutoConfiguration.MissingAlternativeOrUserPropertiesConfigured.PasswordConfigured @ConditionalOnProperty (spring.security.user.password) did not find property 'spring.security.user.password'; NestedCondition on UserDetailsServiceAutoConfiguration.MissingAlternativeOrUserPropertiesConfigured.NameConfigured @ConditionalOnProperty (spring.security.user.name) did not find property 'spring.security.user.name'; NestedCondition on UserDetailsServiceAutoConfiguration.MissingAlternativeOrUserPropertiesConfigured.MissingAlternative @ConditionalOnMissingClass did not find unwanted classes 'org.springframework.security.oauth2.client.registration.ClientRegistrationRepository', 'org.springframework.security.oauth2.server.resource.introspection.OpaqueTokenIntrospector', 'org.springframework.security.saml2.provider.service.registration.RelyingPartyRegistrationRepository' (UserDetailsServiceAutoConfiguration.MissingAlternativeOrUserPropertiesConfigured)

   WebClientAutoConfiguration:
      Did not match:
         - @ConditionalOnClass did not find required class 'org.springframework.web.reactive.function.client.WebClient' (OnClassCondition)

   WebFluxAutoConfiguration:
      Did not match:
         - @ConditionalOnClass did not find required class 'org.springframework.web.reactive.config.WebFluxConfigurer' (OnClassCondition)

   WebMvcAutoConfiguration#hiddenHttpMethodFilter:
      Did not match:
         - @ConditionalOnBooleanProperty (spring.mvc.hiddenmethod.filter.enabled=true) did not find property 'spring.mvc.hiddenmethod.filter.enabled' (OnPropertyCondition)

   WebMvcAutoConfiguration.ProblemDetailsErrorHandlingConfiguration:
      Did not match:
         - @ConditionalOnBooleanProperty (spring.mvc.problemdetails.enabled=true) did not find property 'spring.mvc.problemdetails.enabled' (OnPropertyCondition)

   WebMvcAutoConfiguration.WebMvcAutoConfigurationAdapter#beanNameViewResolver:
      Did not match:
         - @ConditionalOnMissingBean (types: org.springframework.web.servlet.view.BeanNameViewResolver; SearchStrategy: all) found beans of type 'org.springframework.web.servlet.view.BeanNameViewResolver' beanNameViewResolver (OnBeanCondition)

   WebServiceTemplateAutoConfiguration:
      Did not match:
         - @ConditionalOnClass did not find required class 'org.springframework.oxm.Marshaller' (OnClassCondition)

   WebServicesAutoConfiguration:
      Did not match:
         - @ConditionalOnClass did not find required class 'org.springframework.ws.transport.http.MessageDispatcherServlet' (OnClassCondition)

   WebSessionIdResolverAutoConfiguration:
      Did not match:
         - @ConditionalOnClass did not find required class 'reactor.core.publisher.Mono' (OnClassCondition)

   WebSocketMessagingAutoConfiguration:
      Did not match:
         - @ConditionalOnClass did not find required class 'org.springframework.web.socket.config.annotation.DelegatingWebSocketMessageBrokerConfiguration' (OnClassCondition)

   WebSocketReactiveAutoConfiguration:
      Did not match:
         - @ConditionalOnWebApplication did not find reactive web application classes (OnWebApplicationCondition)

   WebSocketServletAutoConfiguration.JettyWebSocketConfiguration:
      Did not match:
         - @ConditionalOnClass did not find required class 'org.eclipse.jetty.ee10.websocket.jakarta.server.config.JakartaWebSocketServletContainerInitializer' (OnClassCondition)

   WebSocketServletAutoConfiguration.UndertowWebSocketConfiguration:
      Did not match:
         - @ConditionalOnClass did not find required class 'io.undertow.websockets.jsr.Bootstrap' (OnClassCondition)

   XADataSourceAutoConfiguration:
      Did not match:
         - @ConditionalOnBean (types: org.springframework.boot.jdbc.XADataSourceWrapper; SearchStrategy: all) did not find any beans of type org.springframework.boot.jdbc.XADataSourceWrapper (OnBeanCondition)
      Matched:
         - @ConditionalOnClass found required classes 'javax.sql.DataSource', 'jakarta.transaction.TransactionManager', 'org.springframework.jdbc.datasource.embedded.EmbeddedDatabaseType' (OnClassCondition)


Exclusions:
-----------

    None


Unconditional classes:
----------------------

    org.springframework.boot.autoconfigure.context.ConfigurationPropertiesAutoConfiguration

    org.springframework.boot.autoconfigure.ssl.SslAutoConfiguration

    org.springframework.boot.autoconfigure.context.PropertyPlaceholderAutoConfiguration

    org.springframework.boot.autoconfigure.context.LifecycleAutoConfiguration

    org.springdoc.core.configuration.SpringDocSpecPropertiesConfiguration

    org.springframework.boot.autoconfigure.availability.ApplicationAvailabilityAutoConfiguration

    org.springframework.boot.autoconfigure.info.ProjectInfoAutoConfiguration



2026-07-13T18:56:58.360+02:00  INFO 81128 --- [ProgettoNutrizionista] [  restartedMain] i.n.r.ProgettoNutrizionistaApplication   : Started ProgettoNutrizionistaApplication in 26.526 seconds (process running for 26.935)
2026-07-13T18:56:58.361+02:00 DEBUG 81128 --- [ProgettoNutrizionista] [  restartedMain] o.s.b.a.ApplicationAvailabilityBean      : Application availability state LivenessState changed to CORRECT
2026-07-13T18:56:58.958+02:00 DEBUG 81128 --- [ProgettoNutrizionista] [  restartedMain] org.hibernate.SQL                        : 
    select
        count(*) 
    from
        progressione_nutrizionista pn1_0
Hibernate: 
    select
        count(*) 
    from
        progressione_nutrizionista pn1_0
2026-07-13T18:56:59.273+02:00 DEBUG 81128 --- [ProgettoNutrizionista] [  restartedMain] org.hibernate.SQL                        : 
    select
        p1_0.id,
        p1_0.alias,
        p1_0.created_at,
        p1_0.gruppo_id,
        p1_0.nome,
        p1_0.updated_at 
    from
        permessi p1_0 
    where
        p1_0.alias=?
Hibernate: 
    select
        p1_0.id,
        p1_0.alias,
        p1_0.created_at,
        p1_0.gruppo_id,
        p1_0.nome,
        p1_0.updated_at 
    from
        permessi p1_0 
    where
        p1_0.alias=?
2026-07-13T18:56:59.401+02:00 DEBUG 81128 --- [ProgettoNutrizionista] [  restartedMain] org.hibernate.SQL                        : 
    select
        r1_0.id,
        r1_0.alias,
        r1_0.created_at,
        r1_0.nome,
        r1_0.updated_at 
    from
        ruoli r1_0 
    where
        r1_0.alias=?
Hibernate: 
    select
        r1_0.id,
        r1_0.alias,
        r1_0.created_at,
        r1_0.nome,
        r1_0.updated_at 
    from
        ruoli r1_0 
    where
        r1_0.alias=?
2026-07-13T18:56:59.472+02:00 DEBUG 81128 --- [ProgettoNutrizionista] [  restartedMain] org.hibernate.SQL                        : 
    select
        rp1_0.id 
    from
        ruoli_permessi rp1_0 
    left join
        ruoli r1_0 
            on r1_0.id=rp1_0.ruolo_id 
    left join
        permessi p1_0 
            on p1_0.id=rp1_0.permesso_id 
    where
        r1_0.id=? 
        and p1_0.id=? 
    limit
        ?
Hibernate: 
    select
        rp1_0.id 
    from
        ruoli_permessi rp1_0 
    left join
        ruoli r1_0 
            on r1_0.id=rp1_0.ruolo_id 
    left join
        permessi p1_0 
            on p1_0.id=rp1_0.permesso_id 
    where
        r1_0.id=? 
        and p1_0.id=? 
    limit
        ?
2026-07-13T18:56:59.539+02:00 DEBUG 81128 --- [ProgettoNutrizionista] [  restartedMain] org.hibernate.SQL                        : 
    select
        u1_0.id,
        u1_0.codice_fiscale,
        u1_0.cognome,
        u1_0.created_at,
        u1_0.data_nascita,
        u1_0.email,
        u1_0.logo,
        u1_0.indirizzo,
        u1_0.last_login_at,
        u1_0.metodo_registrazione,
        u1_0.nome,
        u1_0.password,
        u1_0.pdf_tema_colore,
        u1_0.ruolo_id,
        u1_0.telefono,
        u1_0.updated_at 
    from
        utenti u1_0 
    where
        u1_0.email=?
Hibernate: 
    select
        u1_0.id,
        u1_0.codice_fiscale,
        u1_0.cognome,
        u1_0.created_at,
        u1_0.data_nascita,
        u1_0.email,
        u1_0.logo,
        u1_0.indirizzo,
        u1_0.last_login_at,
        u1_0.metodo_registrazione,
        u1_0.nome,
        u1_0.password,
        u1_0.pdf_tema_colore,
        u1_0.ruolo_id,
        u1_0.telefono,
        u1_0.updated_at 
    from
        utenti u1_0 
    where
        u1_0.email=?
2026-07-13T18:56:59.744+02:00 DEBUG 81128 --- [ProgettoNutrizionista] [  restartedMain] org.hibernate.SQL                        : 
    select
        p1_0.id,
        p1_0.alias,
        p1_0.created_at,
        p1_0.gruppo_id,
        p1_0.nome,
        p1_0.updated_at 
    from
        permessi p1_0 
    where
        p1_0.alias=?
Hibernate: 
    select
        p1_0.id,
        p1_0.alias,
        p1_0.created_at,
        p1_0.gruppo_id,
        p1_0.nome,
        p1_0.updated_at 
    from
        permessi p1_0 
    where
        p1_0.alias=?
2026-07-13T18:56:59.802+02:00 DEBUG 81128 --- [ProgettoNutrizionista] [  restartedMain] org.hibernate.SQL                        : 
    select
        r1_0.id,
        r1_0.alias,
        r1_0.created_at,
        r1_0.nome,
        r1_0.updated_at 
    from
        ruoli r1_0 
    where
        r1_0.alias=?
Hibernate: 
    select
        r1_0.id,
        r1_0.alias,
        r1_0.created_at,
        r1_0.nome,
        r1_0.updated_at 
    from
        ruoli r1_0 
    where
        r1_0.alias=?
2026-07-13T18:56:59.869+02:00 DEBUG 81128 --- [ProgettoNutrizionista] [  restartedMain] org.hibernate.SQL                        : 
    select
        rp1_0.id 
    from
        ruoli_permessi rp1_0 
    left join
        ruoli r1_0 
            on r1_0.id=rp1_0.ruolo_id 
    left join
        permessi p1_0 
            on p1_0.id=rp1_0.permesso_id 
    where
        r1_0.id=? 
        and p1_0.id=? 
    limit
        ?
Hibernate: 
    select
        rp1_0.id 
    from
        ruoli_permessi rp1_0 
    left join
        ruoli r1_0 
            on r1_0.id=rp1_0.ruolo_id 
    left join
        permessi p1_0 
            on p1_0.id=rp1_0.permesso_id 
    where
        r1_0.id=? 
        and p1_0.id=? 
    limit
        ?
2026-07-13T18:56:59.948+02:00  INFO 81128 --- [ProgettoNutrizionista] [  restartedMain] i.n.r.config.AssistenzaSeeder            : Permesso ASSISTENZA_USE già configurato
2026-07-13T18:57:00.044+02:00 DEBUG 81128 --- [ProgettoNutrizionista] [  restartedMain] o.s.boot.devtools.restart.Restarter      : Creating new Restarter for thread Thread[#3,main,5,main]
2026-07-13T18:57:00.044+02:00 DEBUG 81128 --- [ProgettoNutrizionista] [  restartedMain] o.s.boot.devtools.restart.Restarter      : Immediately restarting application
2026-07-13T18:57:00.044+02:00 DEBUG 81128 --- [ProgettoNutrizionista] [  restartedMain] o.s.boot.devtools.restart.Restarter      : Starting application it.nutrizionista.restnutrizionista.ProgettoNutrizionistaApplication with URLs [file:/C:/Users/tomma/Documents/GitHub/app_nutrizione/ProgettoNutrizionista/target/classes/]
2026-07-13T18:57:00.045+02:00  WARN 81128 --- [ProgettoNutrizionista] [  restartedMain] o.s.core.events.SpringDocAppInitializer  : SpringDoc /v3/api-docs endpoint is enabled by default. To disable it in production, set the property 'springdoc.api-docs.enabled=false'
2026-07-13T18:57:00.045+02:00  WARN 81128 --- [ProgettoNutrizionista] [  restartedMain] o.s.core.events.SpringDocAppInitializer  : SpringDoc /swagger-ui.html endpoint is enabled by default. To disable it in production, set the property 'springdoc.swagger-ui.enabled=false'
2026-07-13T18:57:00.046+02:00 DEBUG 81128 --- [ProgettoNutrizionista] [  restartedMain] o.s.b.a.ApplicationAvailabilityBean      : Application availability state ReadinessState changed to ACCEPTING_TRAFFIC
2026-07-13T18:57:15.116+02:00  INFO 81128 --- [ProgettoNutrizionista] [nio-8080-exec-1] o.a.c.c.C.[Tomcat].[localhost].[/]       : Initializing Spring DispatcherServlet 'dispatcherServlet'
2026-07-13T18:57:15.117+02:00  INFO 81128 --- [ProgettoNutrizionista] [nio-8080-exec-1] o.s.web.servlet.DispatcherServlet        : Initializing Servlet 'dispatcherServlet'
2026-07-13T18:57:15.117+02:00 DEBUG 81128 --- [ProgettoNutrizionista] [nio-8080-exec-1] o.s.web.servlet.DispatcherServlet        : Detected StandardServletMultipartResolver
2026-07-13T18:57:15.117+02:00 DEBUG 81128 --- [ProgettoNutrizionista] [nio-8080-exec-1] o.s.web.servlet.DispatcherServlet        : Detected AcceptHeaderLocaleResolver
2026-07-13T18:57:15.117+02:00 DEBUG 81128 --- [ProgettoNutrizionista] [nio-8080-exec-1] o.s.web.servlet.DispatcherServlet        : Detected FixedThemeResolver
2026-07-13T18:57:15.118+02:00 DEBUG 81128 --- [ProgettoNutrizionista] [nio-8080-exec-1] o.s.web.servlet.DispatcherServlet        : Detected org.springframework.web.servlet.view.DefaultRequestToViewNameTranslator@71f6a774
2026-07-13T18:57:15.119+02:00 DEBUG 81128 --- [ProgettoNutrizionista] [nio-8080-exec-1] o.s.web.servlet.DispatcherServlet        : Detected org.springframework.web.servlet.support.SessionFlashMapManager@45b00330
2026-07-13T18:57:15.119+02:00 DEBUG 81128 --- [ProgettoNutrizionista] [nio-8080-exec-1] o.s.web.servlet.DispatcherServlet        : enableLoggingRequestDetails='false': request parameters and headers will be masked to prevent unsafe logging of potentially sensitive data
2026-07-13T18:57:15.119+02:00  INFO 81128 --- [ProgettoNutrizionista] [nio-8080-exec-1] o.s.web.servlet.DispatcherServlet        : Completed initialization in 2 ms
2026-07-13T18:57:31.344+02:00 DEBUG 81128 --- [ProgettoNutrizionista] [nio-8080-exec-4] o.s.web.servlet.DispatcherServlet        : POST "/api/auth/login", parameters={}
2026-07-13T18:57:31.345+02:00 DEBUG 81128 --- [ProgettoNutrizionista] [nio-8080-exec-4] s.w.s.m.m.a.RequestMappingHandlerMapping : Mapped to it.nutrizionista.restnutrizionista.controller.AuthController#login(LoginRequest, HttpServletRequest)
2026-07-13T18:57:31.403+02:00 DEBUG 81128 --- [ProgettoNutrizionista] [nio-8080-exec-4] m.m.a.RequestResponseBodyMethodProcessor : Read "application/json;charset=UTF-8" to [it.nutrizionista.restnutrizionista.dto.LoginRequest@1a0d12c]
2026-07-13T18:57:31.509+02:00 DEBUG 81128 --- [ProgettoNutrizionista] [nio-8080-exec-4] org.hibernate.SQL                        : 
    select
        u1_0.id,
        u1_0.codice_fiscale,
        u1_0.cognome,
        u1_0.created_at,
        u1_0.data_nascita,
        u1_0.email,
        u1_0.logo,
        u1_0.indirizzo,
        u1_0.last_login_at,
        u1_0.metodo_registrazione,
        u1_0.nome,
        u1_0.password,
        u1_0.pdf_tema_colore,
        r1_0.id,
        r1_0.alias,
        r1_0.created_at,
        r1_0.nome,
        rp1_0.ruolo_id,
        rp1_0.id,
        rp1_0.created_at,
        rp1_0.permesso_id,
        p1_0.id,
        p1_0.alias,
        p1_0.created_at,
        g1_0.id,
        g1_0.alias,
        g1_0.created_at,
        g1_0.nome,
        g1_0.updated_at,
        p1_0.nome,
        p1_0.updated_at,
        rp1_0.updated_at,
        r1_0.updated_at,
        u1_0.telefono,
        u1_0.updated_at 
    from
        utenti u1_0 
    left join
        ruoli r1_0 
            on r1_0.id=u1_0.ruolo_id 
    left join
        ruoli_permessi rp1_0 
            on r1_0.id=rp1_0.ruolo_id 
    left join
        permessi p1_0 
            on p1_0.id=rp1_0.permesso_id 
    left join
        gruppi g1_0 
            on g1_0.id=p1_0.gruppo_id 
    where
        u1_0.email=?
Hibernate: 
    select
        u1_0.id,
        u1_0.codice_fiscale,
        u1_0.cognome,
        u1_0.created_at,
        u1_0.data_nascita,
        u1_0.email,
        u1_0.logo,
        u1_0.indirizzo,
        u1_0.last_login_at,
        u1_0.metodo_registrazione,
        u1_0.nome,
        u1_0.password,
        u1_0.pdf_tema_colore,
        r1_0.id,
        r1_0.alias,
        r1_0.created_at,
        r1_0.nome,
        rp1_0.ruolo_id,
        rp1_0.id,
        rp1_0.created_at,
        rp1_0.permesso_id,
        p1_0.id,
        p1_0.alias,
        p1_0.created_at,
        g1_0.id,
        g1_0.alias,
        g1_0.created_at,
        g1_0.nome,
        g1_0.updated_at,
        p1_0.nome,
        p1_0.updated_at,
        rp1_0.updated_at,
        r1_0.updated_at,
        u1_0.telefono,
        u1_0.updated_at 
    from
        utenti u1_0 
    left join
        ruoli r1_0 
            on r1_0.id=u1_0.ruolo_id 
    left join
        ruoli_permessi rp1_0 
            on r1_0.id=rp1_0.ruolo_id 
    left join
        permessi p1_0 
            on p1_0.id=rp1_0.permesso_id 
    left join
        gruppi g1_0 
            on g1_0.id=p1_0.gruppo_id 
    where
        u1_0.email=?
2026-07-13T18:57:31.717+02:00 DEBUG 81128 --- [ProgettoNutrizionista] [nio-8080-exec-4] .m.m.a.ExceptionHandlerExceptionResolver : Using @ExceptionHandler it.nutrizionista.restnutrizionista.exception.GlobalExceptionHandler#handleAuth(AuthenticationException)
2026-07-13T18:57:31.724+02:00 DEBUG 81128 --- [ProgettoNutrizionista] [nio-8080-exec-4] o.s.w.s.m.m.a.HttpEntityMethodProcessor  : Using 'text/plain', given [*/*] and supported [text/plain, */*, application/json, application/*+json, application/yaml]
2026-07-13T18:57:31.725+02:00 DEBUG 81128 --- [ProgettoNutrizionista] [nio-8080-exec-4] o.s.w.s.m.m.a.HttpEntityMethodProcessor  : Writing ["Credenziali non valide"]
2026-07-13T18:57:31.727+02:00  WARN 81128 --- [ProgettoNutrizionista] [nio-8080-exec-4] .m.m.a.ExceptionHandlerExceptionResolver : Resolved [org.springframework.security.authentication.BadCredentialsException: Bad credentials]
2026-07-13T18:57:31.728+02:00 DEBUG 81128 --- [ProgettoNutrizionista] [nio-8080-exec-4] o.s.web.servlet.DispatcherServlet        : Completed 401 UNAUTHORIZED
2026-07-13T18:57:31.734+02:00 DEBUG 81128 --- [ProgettoNutrizionista] [nio-8080-exec-5] o.s.web.servlet.DispatcherServlet        : POST "/api/auth/login", parameters={}
2026-07-13T18:57:31.735+02:00 DEBUG 81128 --- [ProgettoNutrizionista] [nio-8080-exec-5] s.w.s.m.m.a.RequestMappingHandlerMapping : Mapped to it.nutrizionista.restnutrizionista.controller.AuthController#login(LoginRequest, HttpServletRequest)
2026-07-13T18:57:31.736+02:00 DEBUG 81128 --- [ProgettoNutrizionista] [nio-8080-exec-5] m.m.a.RequestResponseBodyMethodProcessor : Read "application/json;charset=UTF-8" to [it.nutrizionista.restnutrizionista.dto.LoginRequest@5472d860]
2026-07-13T18:57:31.737+02:00 DEBUG 81128 --- [ProgettoNutrizionista] [nio-8080-exec-5] org.hibernate.SQL                        : 
    select
        u1_0.id,
        u1_0.codice_fiscale,
        u1_0.cognome,
        u1_0.created_at,
        u1_0.data_nascita,
        u1_0.email,
        u1_0.logo,
        u1_0.indirizzo,
        u1_0.last_login_at,
        u1_0.metodo_registrazione,
        u1_0.nome,
        u1_0.password,
        u1_0.pdf_tema_colore,
        r1_0.id,
        r1_0.alias,
        r1_0.created_at,
        r1_0.nome,
        rp1_0.ruolo_id,
        rp1_0.id,
        rp1_0.created_at,
        rp1_0.permesso_id,
        p1_0.id,
        p1_0.alias,
        p1_0.created_at,
        g1_0.id,
        g1_0.alias,
        g1_0.created_at,
        g1_0.nome,
        g1_0.updated_at,
        p1_0.nome,
        p1_0.updated_at,
        rp1_0.updated_at,
        r1_0.updated_at,
        u1_0.telefono,
        u1_0.updated_at 
    from
        utenti u1_0 
    left join
        ruoli r1_0 
            on r1_0.id=u1_0.ruolo_id 
    left join
        ruoli_permessi rp1_0 
            on r1_0.id=rp1_0.ruolo_id 
    left join
        permessi p1_0 
            on p1_0.id=rp1_0.permesso_id 
    left join
        gruppi g1_0 
            on g1_0.id=p1_0.gruppo_id 
    where
        u1_0.email=?
Hibernate: 
    select
        u1_0.id,
        u1_0.codice_fiscale,
        u1_0.cognome,
        u1_0.created_at,
        u1_0.data_nascita,
        u1_0.email,
        u1_0.logo,
        u1_0.indirizzo,
        u1_0.last_login_at,
        u1_0.metodo_registrazione,
        u1_0.nome,
        u1_0.password,
        u1_0.pdf_tema_colore,
        r1_0.id,
        r1_0.alias,
        r1_0.created_at,
        r1_0.nome,
        rp1_0.ruolo_id,
        rp1_0.id,
        rp1_0.created_at,
        rp1_0.permesso_id,
        p1_0.id,
        p1_0.alias,
        p1_0.created_at,
        g1_0.id,
        g1_0.alias,
        g1_0.created_at,
        g1_0.nome,
        g1_0.updated_at,
        p1_0.nome,
        p1_0.updated_at,
        rp1_0.updated_at,
        r1_0.updated_at,
        u1_0.telefono,
        u1_0.updated_at 
    from
        utenti u1_0 
    left join
        ruoli r1_0 
            on r1_0.id=u1_0.ruolo_id 
    left join
        ruoli_permessi rp1_0 
            on r1_0.id=rp1_0.ruolo_id 
    left join
        permessi p1_0 
            on p1_0.id=rp1_0.permesso_id 
    left join
        gruppi g1_0 
            on g1_0.id=p1_0.gruppo_id 
    where
        u1_0.email=?
2026-07-13T18:57:31.897+02:00 DEBUG 81128 --- [ProgettoNutrizionista] [nio-8080-exec-5] .m.m.a.ExceptionHandlerExceptionResolver : Using @ExceptionHandler it.nutrizionista.restnutrizionista.exception.GlobalExceptionHandler#handleAuth(AuthenticationException)
2026-07-13T18:57:31.898+02:00 DEBUG 81128 --- [ProgettoNutrizionista] [nio-8080-exec-5] o.s.w.s.m.m.a.HttpEntityMethodProcessor  : Using 'text/plain', given [*/*] and supported [text/plain, */*, application/json, application/*+json, application/yaml]
2026-07-13T18:57:31.900+02:00 DEBUG 81128 --- [ProgettoNutrizionista] [nio-8080-exec-5] o.s.w.s.m.m.a.HttpEntityMethodProcessor  : Writing ["Credenziali non valide"]
2026-07-13T18:57:31.900+02:00  WARN 81128 --- [ProgettoNutrizionista] [nio-8080-exec-5] .m.m.a.ExceptionHandlerExceptionResolver : Resolved [org.springframework.security.authentication.BadCredentialsException: Bad credentials]
2026-07-13T18:57:31.900+02:00 DEBUG 81128 --- [ProgettoNutrizionista] [nio-8080-exec-5] o.s.web.servlet.DispatcherServlet        : Completed 401 UNAUTHORIZED
2026-07-13T18:57:31.944+02:00 DEBUG 81128 --- [ProgettoNutrizionista] [nio-8080-exec-6] o.s.web.servlet.DispatcherServlet        : POST "/api/auth/login", parameters={}
2026-07-13T18:57:31.945+02:00 DEBUG 81128 --- [ProgettoNutrizionista] [nio-8080-exec-6] s.w.s.m.m.a.RequestMappingHandlerMapping : Mapped to it.nutrizionista.restnutrizionista.controller.AuthController#login(LoginRequest, HttpServletRequest)
2026-07-13T18:57:31.945+02:00 DEBUG 81128 --- [ProgettoNutrizionista] [nio-8080-exec-6] m.m.a.RequestResponseBodyMethodProcessor : Read "application/json;charset=UTF-8" to [it.nutrizionista.restnutrizionista.dto.LoginRequest@213c6a27]
2026-07-13T18:57:31.946+02:00 DEBUG 81128 --- [ProgettoNutrizionista] [nio-8080-exec-6] org.hibernate.SQL                        : 
    select
        u1_0.id,
        u1_0.codice_fiscale,
        u1_0.cognome,
        u1_0.created_at,
        u1_0.data_nascita,
        u1_0.email,
        u1_0.logo,
        u1_0.indirizzo,
        u1_0.last_login_at,
        u1_0.metodo_registrazione,
        u1_0.nome,
        u1_0.password,
        u1_0.pdf_tema_colore,
        r1_0.id,
        r1_0.alias,
        r1_0.created_at,
        r1_0.nome,
        rp1_0.ruolo_id,
        rp1_0.id,
        rp1_0.created_at,
        rp1_0.permesso_id,
        p1_0.id,
        p1_0.alias,
        p1_0.created_at,
        g1_0.id,
        g1_0.alias,
        g1_0.created_at,
        g1_0.nome,
        g1_0.updated_at,
        p1_0.nome,
        p1_0.updated_at,
        rp1_0.updated_at,
        r1_0.updated_at,
        u1_0.telefono,
        u1_0.updated_at 
    from
        utenti u1_0 
    left join
        ruoli r1_0 
            on r1_0.id=u1_0.ruolo_id 
    left join
        ruoli_permessi rp1_0 
            on r1_0.id=rp1_0.ruolo_id 
    left join
        permessi p1_0 
            on p1_0.id=rp1_0.permesso_id 
    left join
        gruppi g1_0 
            on g1_0.id=p1_0.gruppo_id 
    where
        u1_0.email=?
Hibernate: 
    select
        u1_0.id,
        u1_0.codice_fiscale,
        u1_0.cognome,
        u1_0.created_at,
        u1_0.data_nascita,
        u1_0.email,
        u1_0.logo,
        u1_0.indirizzo,
        u1_0.last_login_at,
        u1_0.metodo_registrazione,
        u1_0.nome,
        u1_0.password,
        u1_0.pdf_tema_colore,
        r1_0.id,
        r1_0.alias,
        r1_0.created_at,
        r1_0.nome,
        rp1_0.ruolo_id,
        rp1_0.id,
        rp1_0.created_at,
        rp1_0.permesso_id,
        p1_0.id,
        p1_0.alias,
        p1_0.created_at,
        g1_0.id,
        g1_0.alias,
        g1_0.created_at,
        g1_0.nome,
        g1_0.updated_at,
        p1_0.nome,
        p1_0.updated_at,
        rp1_0.updated_at,
        r1_0.updated_at,
        u1_0.telefono,
        u1_0.updated_at 
    from
        utenti u1_0 
    left join
        ruoli r1_0 
            on r1_0.id=u1_0.ruolo_id 
    left join
        ruoli_permessi rp1_0 
            on r1_0.id=rp1_0.ruolo_id 
    left join
        permessi p1_0 
            on p1_0.id=rp1_0.permesso_id 
    left join
        gruppi g1_0 
            on g1_0.id=p1_0.gruppo_id 
    where
        u1_0.email=?
2026-07-13T18:57:32.341+02:00 DEBUG 81128 --- [ProgettoNutrizionista] [nio-8080-exec-6] .m.m.a.ExceptionHandlerExceptionResolver : Using @ExceptionHandler it.nutrizionista.restnutrizionista.exception.GlobalExceptionHandler#handleAuth(AuthenticationException)
2026-07-13T18:57:32.343+02:00 DEBUG 81128 --- [ProgettoNutrizionista] [nio-8080-exec-6] o.s.w.s.m.m.a.HttpEntityMethodProcessor  : Using 'text/plain', given [*/*] and supported [text/plain, */*, application/json, application/*+json, application/yaml]
2026-07-13T18:57:32.343+02:00 DEBUG 81128 --- [ProgettoNutrizionista] [nio-8080-exec-6] o.s.w.s.m.m.a.HttpEntityMethodProcessor  : Writing ["Credenziali non valide"]
2026-07-13T18:57:32.344+02:00  WARN 81128 --- [ProgettoNutrizionista] [nio-8080-exec-6] .m.m.a.ExceptionHandlerExceptionResolver : Resolved [org.springframework.security.authentication.BadCredentialsException: Bad credentials]
2026-07-13T18:57:32.344+02:00 DEBUG 81128 --- [ProgettoNutrizionista] [nio-8080-exec-6] o.s.web.servlet.DispatcherServlet        : Completed 401 UNAUTHORIZED
2026-07-13T18:57:32.346+02:00 DEBUG 81128 --- [ProgettoNutrizionista] [nio-8080-exec-7] o.s.web.servlet.DispatcherServlet        : POST "/api/auth/login", parameters={}
2026-07-13T18:57:32.346+02:00 DEBUG 81128 --- [ProgettoNutrizionista] [nio-8080-exec-7] s.w.s.m.m.a.RequestMappingHandlerMapping : Mapped to it.nutrizionista.restnutrizionista.controller.AuthController#login(LoginRequest, HttpServletRequest)
2026-07-13T18:57:32.347+02:00 DEBUG 81128 --- [ProgettoNutrizionista] [nio-8080-exec-7] m.m.a.RequestResponseBodyMethodProcessor : Read "application/json;charset=UTF-8" to [it.nutrizionista.restnutrizionista.dto.LoginRequest@4f0ce37f]
2026-07-13T18:57:32.347+02:00 DEBUG 81128 --- [ProgettoNutrizionista] [nio-8080-exec-7] org.hibernate.SQL                        : 
    select
        u1_0.id,
        u1_0.codice_fiscale,
        u1_0.cognome,
        u1_0.created_at,
        u1_0.data_nascita,
        u1_0.email,
        u1_0.logo,
        u1_0.indirizzo,
        u1_0.last_login_at,
        u1_0.metodo_registrazione,
        u1_0.nome,
        u1_0.password,
        u1_0.pdf_tema_colore,
        r1_0.id,
        r1_0.alias,
        r1_0.created_at,
        r1_0.nome,
        rp1_0.ruolo_id,
        rp1_0.id,
        rp1_0.created_at,
        rp1_0.permesso_id,
        p1_0.id,
        p1_0.alias,
        p1_0.created_at,
        g1_0.id,
        g1_0.alias,
        g1_0.created_at,
        g1_0.nome,
        g1_0.updated_at,
        p1_0.nome,
        p1_0.updated_at,
        rp1_0.updated_at,
        r1_0.updated_at,
        u1_0.telefono,
        u1_0.updated_at 
    from
        utenti u1_0 
    left join
        ruoli r1_0 
            on r1_0.id=u1_0.ruolo_id 
    left join
        ruoli_permessi rp1_0 
            on r1_0.id=rp1_0.ruolo_id 
    left join
        permessi p1_0 
            on p1_0.id=rp1_0.permesso_id 
    left join
        gruppi g1_0 
            on g1_0.id=p1_0.gruppo_id 
    where
        u1_0.email=?
Hibernate: 
    select
        u1_0.id,
        u1_0.codice_fiscale,
        u1_0.cognome,
        u1_0.created_at,
        u1_0.data_nascita,
        u1_0.email,
        u1_0.logo,
        u1_0.indirizzo,
        u1_0.last_login_at,
        u1_0.metodo_registrazione,
        u1_0.nome,
        u1_0.password,
        u1_0.pdf_tema_colore,
        r1_0.id,
        r1_0.alias,
        r1_0.created_at,
        r1_0.nome,
        rp1_0.ruolo_id,
        rp1_0.id,
        rp1_0.created_at,
        rp1_0.permesso_id,
        p1_0.id,
        p1_0.alias,
        p1_0.created_at,
        g1_0.id,
        g1_0.alias,
        g1_0.created_at,
        g1_0.nome,
        g1_0.updated_at,
        p1_0.nome,
        p1_0.updated_at,
        rp1_0.updated_at,
        r1_0.updated_at,
        u1_0.telefono,
        u1_0.updated_at 
    from
        utenti u1_0 
    left join
        ruoli r1_0 
            on r1_0.id=u1_0.ruolo_id 
    left join
        ruoli_permessi rp1_0 
            on r1_0.id=rp1_0.ruolo_id 
    left join
        permessi p1_0 
            on p1_0.id=rp1_0.permesso_id 
    left join
        gruppi g1_0 
            on g1_0.id=p1_0.gruppo_id 
    where
        u1_0.email=?
2026-07-13T18:57:32.720+02:00 DEBUG 81128 --- [ProgettoNutrizionista] [nio-8080-exec-7] .m.m.a.ExceptionHandlerExceptionResolver : Using @ExceptionHandler it.nutrizionista.restnutrizionista.exception.GlobalExceptionHandler#handleAuth(AuthenticationException)
2026-07-13T18:57:32.721+02:00 DEBUG 81128 --- [ProgettoNutrizionista] [nio-8080-exec-7] o.s.w.s.m.m.a.HttpEntityMethodProcessor  : Using 'text/plain', given [*/*] and supported [text/plain, */*, application/json, application/*+json, application/yaml]
2026-07-13T18:57:32.722+02:00 DEBUG 81128 --- [ProgettoNutrizionista] [nio-8080-exec-7] o.s.w.s.m.m.a.HttpEntityMethodProcessor  : Writing ["Credenziali non valide"]
2026-07-13T18:57:32.722+02:00  WARN 81128 --- [ProgettoNutrizionista] [nio-8080-exec-7] .m.m.a.ExceptionHandlerExceptionResolver : Resolved [org.springframework.security.authentication.BadCredentialsException: Bad credentials]
2026-07-13T18:57:32.722+02:00 DEBUG 81128 --- [ProgettoNutrizionista] [nio-8080-exec-7] o.s.web.servlet.DispatcherServlet        : Completed 401 UNAUTHORIZED
2026-07-13T18:57:32.724+02:00 DEBUG 81128 --- [ProgettoNutrizionista] [nio-8080-exec-9] o.s.web.servlet.DispatcherServlet        : POST "/api/auth/login", parameters={}
2026-07-13T18:57:32.725+02:00 DEBUG 81128 --- [ProgettoNutrizionista] [nio-8080-exec-9] s.w.s.m.m.a.RequestMappingHandlerMapping : Mapped to it.nutrizionista.restnutrizionista.controller.AuthController#login(LoginRequest, HttpServletRequest)
2026-07-13T18:57:32.725+02:00 DEBUG 81128 --- [ProgettoNutrizionista] [nio-8080-exec-9] m.m.a.RequestResponseBodyMethodProcessor : Read "application/json;charset=UTF-8" to [it.nutrizionista.restnutrizionista.dto.LoginRequest@6e00974f]
2026-07-13T18:57:32.726+02:00 DEBUG 81128 --- [ProgettoNutrizionista] [nio-8080-exec-9] org.hibernate.SQL                        : 
    select
        u1_0.id,
        u1_0.codice_fiscale,
        u1_0.cognome,
        u1_0.created_at,
        u1_0.data_nascita,
        u1_0.email,
        u1_0.logo,
        u1_0.indirizzo,
        u1_0.last_login_at,
        u1_0.metodo_registrazione,
        u1_0.nome,
        u1_0.password,
        u1_0.pdf_tema_colore,
        r1_0.id,
        r1_0.alias,
        r1_0.created_at,
        r1_0.nome,
        rp1_0.ruolo_id,
        rp1_0.id,
        rp1_0.created_at,
        rp1_0.permesso_id,
        p1_0.id,
        p1_0.alias,
        p1_0.created_at,
        g1_0.id,
        g1_0.alias,
        g1_0.created_at,
        g1_0.nome,
        g1_0.updated_at,
        p1_0.nome,
        p1_0.updated_at,
        rp1_0.updated_at,
        r1_0.updated_at,
        u1_0.telefono,
        u1_0.updated_at 
    from
        utenti u1_0 
    left join
        ruoli r1_0 
            on r1_0.id=u1_0.ruolo_id 
    left join
        ruoli_permessi rp1_0 
            on r1_0.id=rp1_0.ruolo_id 
    left join
        permessi p1_0 
            on p1_0.id=rp1_0.permesso_id 
    left join
        gruppi g1_0 
            on g1_0.id=p1_0.gruppo_id 
    where
        u1_0.email=?
Hibernate: 
    select
        u1_0.id,
        u1_0.codice_fiscale,
        u1_0.cognome,
        u1_0.created_at,
        u1_0.data_nascita,
        u1_0.email,
        u1_0.logo,
        u1_0.indirizzo,
        u1_0.last_login_at,
        u1_0.metodo_registrazione,
        u1_0.nome,
        u1_0.password,
        u1_0.pdf_tema_colore,
        r1_0.id,
        r1_0.alias,
        r1_0.created_at,
        r1_0.nome,
        rp1_0.ruolo_id,
        rp1_0.id,
        rp1_0.created_at,
        rp1_0.permesso_id,
        p1_0.id,
        p1_0.alias,
        p1_0.created_at,
        g1_0.id,
        g1_0.alias,
        g1_0.created_at,
        g1_0.nome,
        g1_0.updated_at,
        p1_0.nome,
        p1_0.updated_at,
        rp1_0.updated_at,
        r1_0.updated_at,
        u1_0.telefono,
        u1_0.updated_at 
    from
        utenti u1_0 
    left join
        ruoli r1_0 
            on r1_0.id=u1_0.ruolo_id 
    left join
        ruoli_permessi rp1_0 
            on r1_0.id=rp1_0.ruolo_id 
    left join
        permessi p1_0 
            on p1_0.id=rp1_0.permesso_id 
    left join
        gruppi g1_0 
            on g1_0.id=p1_0.gruppo_id 
    where
        u1_0.email=?
2026-07-13T18:57:32.888+02:00 DEBUG 81128 --- [ProgettoNutrizionista] [nio-8080-exec-9] .m.m.a.ExceptionHandlerExceptionResolver : Using @ExceptionHandler it.nutrizionista.restnutrizionista.exception.GlobalExceptionHandler#handleAuth(AuthenticationException)
2026-07-13T18:57:32.889+02:00 DEBUG 81128 --- [ProgettoNutrizionista] [nio-8080-exec-9] o.s.w.s.m.m.a.HttpEntityMethodProcessor  : Using 'text/plain', given [*/*] and supported [text/plain, */*, application/json, application/*+json, application/yaml]
2026-07-13T18:57:32.889+02:00 DEBUG 81128 --- [ProgettoNutrizionista] [nio-8080-exec-9] o.s.w.s.m.m.a.HttpEntityMethodProcessor  : Writing ["Credenziali non valide"]
2026-07-13T18:57:32.891+02:00  WARN 81128 --- [ProgettoNutrizionista] [nio-8080-exec-9] .m.m.a.ExceptionHandlerExceptionResolver : Resolved [org.springframework.security.authentication.BadCredentialsException: Bad credentials]
2026-07-13T18:57:32.891+02:00 DEBUG 81128 --- [ProgettoNutrizionista] [nio-8080-exec-9] o.s.web.servlet.DispatcherServlet        : Completed 401 UNAUTHORIZED
2026-07-13T18:57:32.893+02:00 DEBUG 81128 --- [ProgettoNutrizionista] [nio-8080-exec-8] o.s.web.servlet.DispatcherServlet        : POST "/api/auth/login", parameters={}
2026-07-13T18:57:32.893+02:00 DEBUG 81128 --- [ProgettoNutrizionista] [nio-8080-exec-8] s.w.s.m.m.a.RequestMappingHandlerMapping : Mapped to it.nutrizionista.restnutrizionista.controller.AuthController#login(LoginRequest, HttpServletRequest)
2026-07-13T18:57:32.894+02:00 DEBUG 81128 --- [ProgettoNutrizionista] [nio-8080-exec-8] m.m.a.RequestResponseBodyMethodProcessor : Read "application/json;charset=UTF-8" to [it.nutrizionista.restnutrizionista.dto.LoginRequest@2df6c605]
2026-07-13T18:57:32.895+02:00 DEBUG 81128 --- [ProgettoNutrizionista] [nio-8080-exec-8] org.hibernate.SQL                        : 
    select
        u1_0.id,
        u1_0.codice_fiscale,
        u1_0.cognome,
        u1_0.created_at,
        u1_0.data_nascita,
        u1_0.email,
        u1_0.logo,
        u1_0.indirizzo,
        u1_0.last_login_at,
        u1_0.metodo_registrazione,
        u1_0.nome,
        u1_0.password,
        u1_0.pdf_tema_colore,
        r1_0.id,
        r1_0.alias,
        r1_0.created_at,
        r1_0.nome,
        rp1_0.ruolo_id,
        rp1_0.id,
        rp1_0.created_at,
        rp1_0.permesso_id,
        p1_0.id,
        p1_0.alias,
        p1_0.created_at,
        g1_0.id,
        g1_0.alias,
        g1_0.created_at,
        g1_0.nome,
        g1_0.updated_at,
        p1_0.nome,
        p1_0.updated_at,
        rp1_0.updated_at,
        r1_0.updated_at,
        u1_0.telefono,
        u1_0.updated_at 
    from
        utenti u1_0 
    left join
        ruoli r1_0 
            on r1_0.id=u1_0.ruolo_id 
    left join
        ruoli_permessi rp1_0 
            on r1_0.id=rp1_0.ruolo_id 
    left join
        permessi p1_0 
            on p1_0.id=rp1_0.permesso_id 
    left join
        gruppi g1_0 
            on g1_0.id=p1_0.gruppo_id 
    where
        u1_0.email=?
Hibernate: 
    select
        u1_0.id,
        u1_0.codice_fiscale,
        u1_0.cognome,
        u1_0.created_at,
        u1_0.data_nascita,
        u1_0.email,
        u1_0.logo,
        u1_0.indirizzo,
        u1_0.last_login_at,
        u1_0.metodo_registrazione,
        u1_0.nome,
        u1_0.password,
        u1_0.pdf_tema_colore,
        r1_0.id,
        r1_0.alias,
        r1_0.created_at,
        r1_0.nome,
        rp1_0.ruolo_id,
        rp1_0.id,
        rp1_0.created_at,
        rp1_0.permesso_id,
        p1_0.id,
        p1_0.alias,
        p1_0.created_at,
        g1_0.id,
        g1_0.alias,
        g1_0.created_at,
        g1_0.nome,
        g1_0.updated_at,
        p1_0.nome,
        p1_0.updated_at,
        rp1_0.updated_at,
        r1_0.updated_at,
        u1_0.telefono,
        u1_0.updated_at 
    from
        utenti u1_0 
    left join
        ruoli r1_0 
            on r1_0.id=u1_0.ruolo_id 
    left join
        ruoli_permessi rp1_0 
            on r1_0.id=rp1_0.ruolo_id 
    left join
        permessi p1_0 
            on p1_0.id=rp1_0.permesso_id 
    left join
        gruppi g1_0 
            on g1_0.id=p1_0.gruppo_id 
    where
        u1_0.email=?
2026-07-13T18:57:33.119+02:00 DEBUG 81128 --- [ProgettoNutrizionista] [nio-8080-exec-8] .m.m.a.ExceptionHandlerExceptionResolver : Using @ExceptionHandler it.nutrizionista.restnutrizionista.exception.GlobalExceptionHandler#handleAuth(AuthenticationException)
2026-07-13T18:57:33.120+02:00 DEBUG 81128 --- [ProgettoNutrizionista] [nio-8080-exec-8] o.s.w.s.m.m.a.HttpEntityMethodProcessor  : Using 'text/plain', given [*/*] and supported [text/plain, */*, application/json, application/*+json, application/yaml]
2026-07-13T18:57:33.121+02:00 DEBUG 81128 --- [ProgettoNutrizionista] [nio-8080-exec-8] o.s.w.s.m.m.a.HttpEntityMethodProcessor  : Writing ["Credenziali non valide"]
2026-07-13T18:57:33.122+02:00  WARN 81128 --- [ProgettoNutrizionista] [nio-8080-exec-8] .m.m.a.ExceptionHandlerExceptionResolver : Resolved [org.springframework.security.authentication.BadCredentialsException: Bad credentials]
2026-07-13T18:57:33.123+02:00 DEBUG 81128 --- [ProgettoNutrizionista] [nio-8080-exec-8] o.s.web.servlet.DispatcherServlet        : Completed 401 UNAUTHORIZED
2026-07-13T18:57:33.124+02:00 DEBUG 81128 --- [ProgettoNutrizionista] [io-8080-exec-10] o.s.web.servlet.DispatcherServlet        : POST "/api/auth/login", parameters={}
2026-07-13T18:57:33.124+02:00 DEBUG 81128 --- [ProgettoNutrizionista] [io-8080-exec-10] s.w.s.m.m.a.RequestMappingHandlerMapping : Mapped to it.nutrizionista.restnutrizionista.controller.AuthController#login(LoginRequest, HttpServletRequest)
2026-07-13T18:57:33.125+02:00 DEBUG 81128 --- [ProgettoNutrizionista] [io-8080-exec-10] m.m.a.RequestResponseBodyMethodProcessor : Read "application/json;charset=UTF-8" to [it.nutrizionista.restnutrizionista.dto.LoginRequest@67d2dde8]
2026-07-13T18:57:33.125+02:00 DEBUG 81128 --- [ProgettoNutrizionista] [io-8080-exec-10] org.hibernate.SQL                        : 
    select
        u1_0.id,
        u1_0.codice_fiscale,
        u1_0.cognome,
        u1_0.created_at,
        u1_0.data_nascita,
        u1_0.email,
        u1_0.logo,
        u1_0.indirizzo,
        u1_0.last_login_at,
        u1_0.metodo_registrazione,
        u1_0.nome,
        u1_0.password,
        u1_0.pdf_tema_colore,
        r1_0.id,
        r1_0.alias,
        r1_0.created_at,
        r1_0.nome,
        rp1_0.ruolo_id,
        rp1_0.id,
        rp1_0.created_at,
        rp1_0.permesso_id,
        p1_0.id,
        p1_0.alias,
        p1_0.created_at,
        g1_0.id,
        g1_0.alias,
        g1_0.created_at,
        g1_0.nome,
        g1_0.updated_at,
        p1_0.nome,
        p1_0.updated_at,
        rp1_0.updated_at,
        r1_0.updated_at,
        u1_0.telefono,
        u1_0.updated_at 
    from
        utenti u1_0 
    left join
        ruoli r1_0 
            on r1_0.id=u1_0.ruolo_id 
    left join
        ruoli_permessi rp1_0 
            on r1_0.id=rp1_0.ruolo_id 
    left join
        permessi p1_0 
            on p1_0.id=rp1_0.permesso_id 
    left join
        gruppi g1_0 
            on g1_0.id=p1_0.gruppo_id 
    where
        u1_0.email=?
Hibernate: 
    select
        u1_0.id,
        u1_0.codice_fiscale,
        u1_0.cognome,
        u1_0.created_at,
        u1_0.data_nascita,
        u1_0.email,
        u1_0.logo,
        u1_0.indirizzo,
        u1_0.last_login_at,
        u1_0.metodo_registrazione,
        u1_0.nome,
        u1_0.password,
        u1_0.pdf_tema_colore,
        r1_0.id,
        r1_0.alias,
        r1_0.created_at,
        r1_0.nome,
        rp1_0.ruolo_id,
        rp1_0.id,
        rp1_0.created_at,
        rp1_0.permesso_id,
        p1_0.id,
        p1_0.alias,
        p1_0.created_at,
        g1_0.id,
        g1_0.alias,
        g1_0.created_at,
        g1_0.nome,
        g1_0.updated_at,
        p1_0.nome,
        p1_0.updated_at,
        rp1_0.updated_at,
        r1_0.updated_at,
        u1_0.telefono,
        u1_0.updated_at 
    from
        utenti u1_0 
    left join
        ruoli r1_0 
            on r1_0.id=u1_0.ruolo_id 
    left join
        ruoli_permessi rp1_0 
            on r1_0.id=rp1_0.ruolo_id 
    left join
        permessi p1_0 
            on p1_0.id=rp1_0.permesso_id 
    left join
        gruppi g1_0 
            on g1_0.id=p1_0.gruppo_id 
    where
        u1_0.email=?
2026-07-13T18:57:33.265+02:00 DEBUG 81128 --- [ProgettoNutrizionista] [io-8080-exec-10] .m.m.a.ExceptionHandlerExceptionResolver : Using @ExceptionHandler it.nutrizionista.restnutrizionista.exception.GlobalExceptionHandler#handleAuth(AuthenticationException)
2026-07-13T18:57:33.267+02:00 DEBUG 81128 --- [ProgettoNutrizionista] [io-8080-exec-10] o.s.w.s.m.m.a.HttpEntityMethodProcessor  : Using 'text/plain', given [*/*] and supported [text/plain, */*, application/json, application/*+json, application/yaml]
2026-07-13T18:57:33.267+02:00 DEBUG 81128 --- [ProgettoNutrizionista] [io-8080-exec-10] o.s.w.s.m.m.a.HttpEntityMethodProcessor  : Writing ["Credenziali non valide"]
2026-07-13T18:57:33.268+02:00  WARN 81128 --- [ProgettoNutrizionista] [io-8080-exec-10] .m.m.a.ExceptionHandlerExceptionResolver : Resolved [org.springframework.security.authentication.BadCredentialsException: Bad credentials]
2026-07-13T18:57:33.268+02:00 DEBUG 81128 --- [ProgettoNutrizionista] [io-8080-exec-10] o.s.web.servlet.DispatcherServlet        : Completed 401 UNAUTHORIZED
2026-07-13T18:57:33.270+02:00 DEBUG 81128 --- [ProgettoNutrizionista] [nio-8080-exec-1] o.s.web.servlet.DispatcherServlet        : POST "/api/auth/login", parameters={}
2026-07-13T18:57:33.270+02:00 DEBUG 81128 --- [ProgettoNutrizionista] [nio-8080-exec-1] s.w.s.m.m.a.RequestMappingHandlerMapping : Mapped to it.nutrizionista.restnutrizionista.controller.AuthController#login(LoginRequest, HttpServletRequest)
2026-07-13T18:57:33.271+02:00 DEBUG 81128 --- [ProgettoNutrizionista] [nio-8080-exec-1] m.m.a.RequestResponseBodyMethodProcessor : Read "application/json;charset=UTF-8" to [it.nutrizionista.restnutrizionista.dto.LoginRequest@5c7d6127]
2026-07-13T18:57:33.271+02:00 DEBUG 81128 --- [ProgettoNutrizionista] [nio-8080-exec-1] org.hibernate.SQL                        : 
    select
        u1_0.id,
        u1_0.codice_fiscale,
        u1_0.cognome,
        u1_0.created_at,
        u1_0.data_nascita,
        u1_0.email,
        u1_0.logo,
        u1_0.indirizzo,
        u1_0.last_login_at,
        u1_0.metodo_registrazione,
        u1_0.nome,
        u1_0.password,
        u1_0.pdf_tema_colore,
        r1_0.id,
        r1_0.alias,
        r1_0.created_at,
        r1_0.nome,
        rp1_0.ruolo_id,
        rp1_0.id,
        rp1_0.created_at,
        rp1_0.permesso_id,
        p1_0.id,
        p1_0.alias,
        p1_0.created_at,
        g1_0.id,
        g1_0.alias,
        g1_0.created_at,
        g1_0.nome,
        g1_0.updated_at,
        p1_0.nome,
        p1_0.updated_at,
        rp1_0.updated_at,
        r1_0.updated_at,
        u1_0.telefono,
        u1_0.updated_at 
    from
        utenti u1_0 
    left join
        ruoli r1_0 
            on r1_0.id=u1_0.ruolo_id 
    left join
        ruoli_permessi rp1_0 
            on r1_0.id=rp1_0.ruolo_id 
    left join
        permessi p1_0 
            on p1_0.id=rp1_0.permesso_id 
    left join
        gruppi g1_0 
            on g1_0.id=p1_0.gruppo_id 
    where
        u1_0.email=?
Hibernate: 
    select
        u1_0.id,
        u1_0.codice_fiscale,
        u1_0.cognome,
        u1_0.created_at,
        u1_0.data_nascita,
        u1_0.email,
        u1_0.logo,
        u1_0.indirizzo,
        u1_0.last_login_at,
        u1_0.metodo_registrazione,
        u1_0.nome,
        u1_0.password,
        u1_0.pdf_tema_colore,
        r1_0.id,
        r1_0.alias,
        r1_0.created_at,
        r1_0.nome,
        rp1_0.ruolo_id,
        rp1_0.id,
        rp1_0.created_at,
        rp1_0.permesso_id,
        p1_0.id,
        p1_0.alias,
        p1_0.created_at,
        g1_0.id,
        g1_0.alias,
        g1_0.created_at,
        g1_0.nome,
        g1_0.updated_at,
        p1_0.nome,
        p1_0.updated_at,
        rp1_0.updated_at,
        r1_0.updated_at,
        u1_0.telefono,
        u1_0.updated_at 
    from
        utenti u1_0 
    left join
        ruoli r1_0 
            on r1_0.id=u1_0.ruolo_id 
    left join
        ruoli_permessi rp1_0 
            on r1_0.id=rp1_0.ruolo_id 
    left join
        permessi p1_0 
            on p1_0.id=rp1_0.permesso_id 
    left join
        gruppi g1_0 
            on g1_0.id=p1_0.gruppo_id 
    where
        u1_0.email=?
2026-07-13T18:57:33.431+02:00 DEBUG 81128 --- [ProgettoNutrizionista] [nio-8080-exec-1] .m.m.a.ExceptionHandlerExceptionResolver : Using @ExceptionHandler it.nutrizionista.restnutrizionista.exception.GlobalExceptionHandler#handleAuth(AuthenticationException)
2026-07-13T18:57:33.433+02:00 DEBUG 81128 --- [ProgettoNutrizionista] [nio-8080-exec-1] o.s.w.s.m.m.a.HttpEntityMethodProcessor  : Using 'text/plain', given [*/*] and supported [text/plain, */*, application/json, application/*+json, application/yaml]
2026-07-13T18:57:33.433+02:00 DEBUG 81128 --- [ProgettoNutrizionista] [nio-8080-exec-1] o.s.w.s.m.m.a.HttpEntityMethodProcessor  : Writing ["Credenziali non valide"]
2026-07-13T18:57:33.433+02:00  WARN 81128 --- [ProgettoNutrizionista] [nio-8080-exec-1] .m.m.a.ExceptionHandlerExceptionResolver : Resolved [org.springframework.security.authentication.BadCredentialsException: Bad credentials]
2026-07-13T18:57:33.434+02:00 DEBUG 81128 --- [ProgettoNutrizionista] [nio-8080-exec-1] o.s.web.servlet.DispatcherServlet        : Completed 401 UNAUTHORIZED
2026-07-13T18:58:36.477+02:00 DEBUG 81128 --- [ProgettoNutrizionista] [nio-8080-exec-3] o.s.web.servlet.DispatcherServlet        : POST "/api/auth/register", parameters={}
2026-07-13T18:58:36.477+02:00 DEBUG 81128 --- [ProgettoNutrizionista] [nio-8080-exec-3] s.w.s.m.m.a.RequestMappingHandlerMapping : Mapped to it.nutrizionista.restnutrizionista.controller.AuthController#register(RegisterRequest)
2026-07-13T18:58:36.482+02:00 DEBUG 81128 --- [ProgettoNutrizionista] [nio-8080-exec-3] m.m.a.RequestResponseBodyMethodProcessor : Read "application/json;charset=UTF-8" to [it.nutrizionista.restnutrizionista.dto.RegisterRequest@55cdc0ae]
2026-07-13T18:58:36.488+02:00 DEBUG 81128 --- [ProgettoNutrizionista] [nio-8080-exec-3] org.hibernate.SQL                        : 
    select
        u1_0.id,
        u1_0.codice_fiscale,
        u1_0.cognome,
        u1_0.created_at,
        u1_0.data_nascita,
        u1_0.email,
        u1_0.logo,
        u1_0.indirizzo,
        u1_0.last_login_at,
        u1_0.metodo_registrazione,
        u1_0.nome,
        u1_0.password,
        u1_0.pdf_tema_colore,
        u1_0.ruolo_id,
        u1_0.telefono,
        u1_0.updated_at 
    from
        utenti u1_0 
    where
        u1_0.email=?
Hibernate: 
    select
        u1_0.id,
        u1_0.codice_fiscale,
        u1_0.cognome,
        u1_0.created_at,
        u1_0.data_nascita,
        u1_0.email,
        u1_0.logo,
        u1_0.indirizzo,
        u1_0.last_login_at,
        u1_0.metodo_registrazione,
        u1_0.nome,
        u1_0.password,
        u1_0.pdf_tema_colore,
        u1_0.ruolo_id,
        u1_0.telefono,
        u1_0.updated_at 
    from
        utenti u1_0 
    where
        u1_0.email=?
2026-07-13T18:58:36.623+02:00 DEBUG 81128 --- [ProgettoNutrizionista] [nio-8080-exec-3] org.hibernate.SQL                        : 
    select
        u1_0.id,
        u1_0.codice_fiscale,
        u1_0.cognome,
        u1_0.created_at,
        u1_0.data_nascita,
        u1_0.email,
        u1_0.logo,
        u1_0.indirizzo,
        u1_0.last_login_at,
        u1_0.metodo_registrazione,
        u1_0.nome,
        u1_0.password,
        u1_0.pdf_tema_colore,
        u1_0.ruolo_id,
        u1_0.telefono,
        u1_0.updated_at 
    from
        utenti u1_0 
    where
        u1_0.codice_fiscale=?
Hibernate: 
    select
        u1_0.id,
        u1_0.codice_fiscale,
        u1_0.cognome,
        u1_0.created_at,
        u1_0.data_nascita,
        u1_0.email,
        u1_0.logo,
        u1_0.indirizzo,
        u1_0.last_login_at,
        u1_0.metodo_registrazione,
        u1_0.nome,
        u1_0.password,
        u1_0.pdf_tema_colore,
        u1_0.ruolo_id,
        u1_0.telefono,
        u1_0.updated_at 
    from
        utenti u1_0 
    where
        u1_0.codice_fiscale=?
2026-07-13T18:58:36.680+02:00 DEBUG 81128 --- [ProgettoNutrizionista] [nio-8080-exec-3] org.hibernate.SQL                        : 
    select
        r1_0.id,
        r1_0.alias,
        r1_0.created_at,
        r1_0.nome,
        r1_0.updated_at 
    from
        ruoli r1_0 
    where
        r1_0.alias=?
Hibernate: 
    select
        r1_0.id,
        r1_0.alias,
        r1_0.created_at,
        r1_0.nome,
        r1_0.updated_at 
    from
        ruoli r1_0 
    where
        r1_0.alias=?
2026-07-13T18:58:36.906+02:00 DEBUG 81128 --- [ProgettoNutrizionista] [nio-8080-exec-3] org.hibernate.SQL                        : 
    insert 
    into
        utenti
        (codice_fiscale, cognome, created_at, data_nascita, email, logo, indirizzo, last_login_at, metodo_registrazione, nome, password, pdf_tema_colore, ruolo_id, telefono, updated_at) 
    values
        (?, ?, ?, ?, ?, ?, ?, ?, ?, ?, ?, ?, ?, ?, ?)
Hibernate: 
    insert 
    into
        utenti
        (codice_fiscale, cognome, created_at, data_nascita, email, logo, indirizzo, last_login_at, metodo_registrazione, nome, password, pdf_tema_colore, ruolo_id, telefono, updated_at) 
    values
        (?, ?, ?, ?, ?, ?, ?, ?, ?, ?, ?, ?, ?, ?, ?)
2026-07-13T18:58:37.096+02:00 DEBUG 81128 --- [ProgettoNutrizionista] [nio-8080-exec-3] o.s.w.s.m.m.a.HttpEntityMethodProcessor  : Using 'application/json', given [*/*] and supported [application/json, application/*+json, application/yaml]
2026-07-13T18:58:37.098+02:00 DEBUG 81128 --- [ProgettoNutrizionista] [nio-8080-exec-3] o.s.w.s.m.m.a.HttpEntityMethodProcessor  : Nothing to write: null body
2026-07-13T18:58:37.101+02:00 DEBUG 81128 --- [ProgettoNutrizionista] [nio-8080-exec-3] o.s.web.servlet.DispatcherServlet        : Completed 204 NO_CONTENT
2026-07-13T18:58:37.126+02:00 DEBUG 81128 --- [ProgettoNutrizionista] [nio-8080-exec-4] o.s.web.servlet.DispatcherServlet        : POST "/api/auth/login", parameters={}
2026-07-13T18:58:37.127+02:00 DEBUG 81128 --- [ProgettoNutrizionista] [nio-8080-exec-4] s.w.s.m.m.a.RequestMappingHandlerMapping : Mapped to it.nutrizionista.restnutrizionista.controller.AuthController#login(LoginRequest, HttpServletRequest)
2026-07-13T18:58:37.128+02:00 DEBUG 81128 --- [ProgettoNutrizionista] [nio-8080-exec-4] m.m.a.RequestResponseBodyMethodProcessor : Read "application/json;charset=UTF-8" to [it.nutrizionista.restnutrizionista.dto.LoginRequest@6f478383]
2026-07-13T18:58:37.129+02:00 DEBUG 81128 --- [ProgettoNutrizionista] [nio-8080-exec-4] org.hibernate.SQL                        : 
    select
        u1_0.id,
        u1_0.codice_fiscale,
        u1_0.cognome,
        u1_0.created_at,
        u1_0.data_nascita,
        u1_0.email,
        u1_0.logo,
        u1_0.indirizzo,
        u1_0.last_login_at,
        u1_0.metodo_registrazione,
        u1_0.nome,
        u1_0.password,
        u1_0.pdf_tema_colore,
        r1_0.id,
        r1_0.alias,
        r1_0.created_at,
        r1_0.nome,
        rp1_0.ruolo_id,
        rp1_0.id,
        rp1_0.created_at,
        rp1_0.permesso_id,
        p1_0.id,
        p1_0.alias,
        p1_0.created_at,
        g1_0.id,
        g1_0.alias,
        g1_0.created_at,
        g1_0.nome,
        g1_0.updated_at,
        p1_0.nome,
        p1_0.updated_at,
        rp1_0.updated_at,
        r1_0.updated_at,
        u1_0.telefono,
        u1_0.updated_at 
    from
        utenti u1_0 
    left join
        ruoli r1_0 
            on r1_0.id=u1_0.ruolo_id 
    left join
        ruoli_permessi rp1_0 
            on r1_0.id=rp1_0.ruolo_id 
    left join
        permessi p1_0 
            on p1_0.id=rp1_0.permesso_id 
    left join
        gruppi g1_0 
            on g1_0.id=p1_0.gruppo_id 
    where
        u1_0.email=?
Hibernate: 
    select
        u1_0.id,
        u1_0.codice_fiscale,
        u1_0.cognome,
        u1_0.created_at,
        u1_0.data_nascita,
        u1_0.email,
        u1_0.logo,
        u1_0.indirizzo,
        u1_0.last_login_at,
        u1_0.metodo_registrazione,
        u1_0.nome,
        u1_0.password,
        u1_0.pdf_tema_colore,
        r1_0.id,
        r1_0.alias,
        r1_0.created_at,
        r1_0.nome,
        rp1_0.ruolo_id,
        rp1_0.id,
        rp1_0.created_at,
        rp1_0.permesso_id,
        p1_0.id,
        p1_0.alias,
        p1_0.created_at,
        g1_0.id,
        g1_0.alias,
        g1_0.created_at,
        g1_0.nome,
        g1_0.updated_at,
        p1_0.nome,
        p1_0.updated_at,
        rp1_0.updated_at,
        r1_0.updated_at,
        u1_0.telefono,
        u1_0.updated_at 
    from
        utenti u1_0 
    left join
        ruoli r1_0 
            on r1_0.id=u1_0.ruolo_id 
    left join
        ruoli_permessi rp1_0 
            on r1_0.id=rp1_0.ruolo_id 
    left join
        permessi p1_0 
            on p1_0.id=rp1_0.permesso_id 
    left join
        gruppi g1_0 
            on g1_0.id=p1_0.gruppo_id 
    where
        u1_0.email=?
2026-07-13T18:58:37.390+02:00 DEBUG 81128 --- [ProgettoNutrizionista] [nio-8080-exec-4] org.hibernate.SQL                        : 
    update
        utenti 
    set
        codice_fiscale=?,
        cognome=?,
        data_nascita=?,
        email=?,
        logo=?,
        indirizzo=?,
        last_login_at=?,
        metodo_registrazione=?,
        nome=?,
        password=?,
        pdf_tema_colore=?,
        ruolo_id=?,
        telefono=?,
        updated_at=? 
    where
        id=?
Hibernate: 
    update
        utenti 
    set
        codice_fiscale=?,
        cognome=?,
        data_nascita=?,
        email=?,
        logo=?,
        indirizzo=?,
        last_login_at=?,
        metodo_registrazione=?,
        nome=?,
        password=?,
        pdf_tema_colore=?,
        ruolo_id=?,
        telefono=?,
        updated_at=? 
    where
        id=?
2026-07-13T18:58:37.612+02:00 DEBUG 81128 --- [ProgettoNutrizionista] [nio-8080-exec-4] org.hibernate.SQL                        : 
    select
        eg1_0.id 
    from
        eventi_gamification eg1_0 
    left join
        utenti n1_0 
            on n1_0.id=eg1_0.utente_id 
    where
        n1_0.id=? 
        and eg1_0.tipo_evento=? 
        and eg1_0.created_at>=? 
    limit
        ?
Hibernate: 
    select
        eg1_0.id 
    from
        eventi_gamification eg1_0 
    left join
        utenti n1_0 
            on n1_0.id=eg1_0.utente_id 
    where
        n1_0.id=? 
        and eg1_0.tipo_evento=? 
        and eg1_0.created_at>=? 
    limit
        ?
2026-07-13T18:58:37.684+02:00 DEBUG 81128 --- [ProgettoNutrizionista] [nio-8080-exec-4] org.hibernate.SQL                        : 
    insert 
    into
        eventi_gamification
        (cliente_id, created_at, utente_id, punti, tipo_evento) 
    values
        (?, ?, ?, ?, ?)
Hibernate: 
    insert 
    into
        eventi_gamification
        (cliente_id, created_at, utente_id, punti, tipo_evento) 
    values
        (?, ?, ?, ?, ?)
2026-07-13T18:58:37.777+02:00 DEBUG 81128 --- [ProgettoNutrizionista] [nio-8080-exec-4] org.hibernate.SQL                        : 
    update
        progressione_nutrizionista pn1_0 
    set
        punti_totali=(pn1_0.punti_totali+?),
        punti_riscattabili=(pn1_0.punti_riscattabili+?) 
    where
        pn1_0.utente_id=?
Hibernate: 
    update
        progressione_nutrizionista pn1_0 
    set
        punti_totali=(pn1_0.punti_totali+?),
        punti_riscattabili=(pn1_0.punti_riscattabili+?) 
    where
        pn1_0.utente_id=?
2026-07-13T18:58:37.842+02:00 DEBUG 81128 --- [ProgettoNutrizionista] [nio-8080-exec-4] org.hibernate.SQL                        : 
    insert 
    into
        progressione_nutrizionista
        (utente_id, punti_riscattabili, punti_totali, updated_at) 
    values
        (?, ?, ?, ?)
Hibernate: 
    insert 
    into
        progressione_nutrizionista
        (utente_id, punti_riscattabili, punti_totali, updated_at) 
    values
        (?, ?, ?, ?)
2026-07-13T18:58:37.950+02:00 DEBUG 81128 --- [ProgettoNutrizionista] [nio-8080-exec-4] org.hibernate.SQL                        : 
    select
        eg1_0.id,
        eg1_0.cliente_id,
        eg1_0.created_at,
        eg1_0.utente_id,
        eg1_0.punti,
        eg1_0.tipo_evento 
    from
        eventi_gamification eg1_0 
    left join
        utenti n1_0 
            on n1_0.id=eg1_0.utente_id 
    where
        n1_0.id=? 
        and eg1_0.tipo_evento=? 
        and eg1_0.created_at>=?
Hibernate: 
    select
        eg1_0.id,
        eg1_0.cliente_id,
        eg1_0.created_at,
        eg1_0.utente_id,
        eg1_0.punti,
        eg1_0.tipo_evento 
    from
        eventi_gamification eg1_0 
    left join
        utenti n1_0 
            on n1_0.id=eg1_0.utente_id 
    where
        n1_0.id=? 
        and eg1_0.tipo_evento=? 
        and eg1_0.created_at>=?
2026-07-13T18:58:38.031+02:00 DEBUG 81128 --- [ProgettoNutrizionista] [nio-8080-exec-4] org.hibernate.SQL                        : 
    select
        os1_0.id,
        os1_0.created_at,
        os1_0.fine_pausa_pranzo,
        os1_0.giorno_lavorativo,
        os1_0.giorno_settimana,
        os1_0.inizio_pausa_pranzo,
        os1_0.lavora_sabato,
        os1_0.nutrizionista_id,
        os1_0.ora_apertura,
        os1_0.ora_chiusura,
        os1_0.updated_at 
    from
        orari_studio os1_0 
    left join
        utenti n1_0 
            on n1_0.id=os1_0.nutrizionista_id 
    where
        n1_0.id=?
Hibernate: 
    select
        os1_0.id,
        os1_0.created_at,
        os1_0.fine_pausa_pranzo,
        os1_0.giorno_lavorativo,
        os1_0.giorno_settimana,
        os1_0.inizio_pausa_pranzo,
        os1_0.lavora_sabato,
        os1_0.nutrizionista_id,
        os1_0.ora_apertura,
        os1_0.ora_chiusura,
        os1_0.updated_at 
    from
        orari_studio os1_0 
    left join
        utenti n1_0 
            on n1_0.id=os1_0.nutrizionista_id 
    where
        n1_0.id=?
2026-07-13T18:58:38.100+02:00 DEBUG 81128 --- [ProgettoNutrizionista] [nio-8080-exec-4] org.hibernate.SQL                        : 
    select
        bs1_0.id,
        bs1_0.codice_badge,
        bs1_0.data_sblocco,
        bs1_0.utente_id 
    from
        badge_sbloccati bs1_0 
    left join
        utenti n1_0 
            on n1_0.id=bs1_0.utente_id 
    where
        n1_0.id=?
Hibernate: 
    select
        bs1_0.id,
        bs1_0.codice_badge,
        bs1_0.data_sblocco,
        bs1_0.utente_id 
    from
        badge_sbloccati bs1_0 
    left join
        utenti n1_0 
            on n1_0.id=bs1_0.utente_id 
    where
        n1_0.id=?
2026-07-13T18:58:38.364+02:00 DEBUG 81128 --- [ProgettoNutrizionista] [nio-8080-exec-4] o.s.w.s.m.m.a.HttpEntityMethodProcessor  : Using 'application/json', given [*/*] and supported [application/json, application/*+json, application/yaml]
2026-07-13T18:58:38.365+02:00 DEBUG 81128 --- [ProgettoNutrizionista] [nio-8080-exec-4] o.s.w.s.m.m.a.HttpEntityMethodProcessor  : Writing [it.nutrizionista.restnutrizionista.dto.LoginResponse@10d274b9]
2026-07-13T18:58:38.375+02:00 DEBUG 81128 --- [ProgettoNutrizionista] [nio-8080-exec-4] o.s.web.servlet.DispatcherServlet        : Completed 200 OK
2026-07-13T18:58:38.421+02:00 DEBUG 81128 --- [ProgettoNutrizionista] [nio-8080-exec-5] o.s.web.servlet.DispatcherServlet        : POST "/api/auth/register", parameters={}
2026-07-13T18:58:38.421+02:00 DEBUG 81128 --- [ProgettoNutrizionista] [nio-8080-exec-5] s.w.s.m.m.a.RequestMappingHandlerMapping : Mapped to it.nutrizionista.restnutrizionista.controller.AuthController#register(RegisterRequest)
2026-07-13T18:58:38.422+02:00 DEBUG 81128 --- [ProgettoNutrizionista] [nio-8080-exec-5] m.m.a.RequestResponseBodyMethodProcessor : Read "application/json;charset=UTF-8" to [it.nutrizionista.restnutrizionista.dto.RegisterRequest@605cf145]
2026-07-13T18:58:38.424+02:00 DEBUG 81128 --- [ProgettoNutrizionista] [nio-8080-exec-5] org.hibernate.SQL                        : 
    select
        u1_0.id,
        u1_0.codice_fiscale,
        u1_0.cognome,
        u1_0.created_at,
        u1_0.data_nascita,
        u1_0.email,
        u1_0.logo,
        u1_0.indirizzo,
        u1_0.last_login_at,
        u1_0.metodo_registrazione,
        u1_0.nome,
        u1_0.password,
        u1_0.pdf_tema_colore,
        u1_0.ruolo_id,
        u1_0.telefono,
        u1_0.updated_at 
    from
        utenti u1_0 
    where
        u1_0.email=?
Hibernate: 
    select
        u1_0.id,
        u1_0.codice_fiscale,
        u1_0.cognome,
        u1_0.created_at,
        u1_0.data_nascita,
        u1_0.email,
        u1_0.logo,
        u1_0.indirizzo,
        u1_0.last_login_at,
        u1_0.metodo_registrazione,
        u1_0.nome,
        u1_0.password,
        u1_0.pdf_tema_colore,
        u1_0.ruolo_id,
        u1_0.telefono,
        u1_0.updated_at 
    from
        utenti u1_0 
    where
        u1_0.email=?
2026-07-13T18:58:38.479+02:00 DEBUG 81128 --- [ProgettoNutrizionista] [nio-8080-exec-5] org.hibernate.SQL                        : 
    select
        u1_0.id,
        u1_0.codice_fiscale,
        u1_0.cognome,
        u1_0.created_at,
        u1_0.data_nascita,
        u1_0.email,
        u1_0.logo,
        u1_0.indirizzo,
        u1_0.last_login_at,
        u1_0.metodo_registrazione,
        u1_0.nome,
        u1_0.password,
        u1_0.pdf_tema_colore,
        u1_0.ruolo_id,
        u1_0.telefono,
        u1_0.updated_at 
    from
        utenti u1_0 
    where
        u1_0.codice_fiscale=?
Hibernate: 
    select
        u1_0.id,
        u1_0.codice_fiscale,
        u1_0.cognome,
        u1_0.created_at,
        u1_0.data_nascita,
        u1_0.email,
        u1_0.logo,
        u1_0.indirizzo,
        u1_0.last_login_at,
        u1_0.metodo_registrazione,
        u1_0.nome,
        u1_0.password,
        u1_0.pdf_tema_colore,
        u1_0.ruolo_id,
        u1_0.telefono,
        u1_0.updated_at 
    from
        utenti u1_0 
    where
        u1_0.codice_fiscale=?
2026-07-13T18:58:38.540+02:00 DEBUG 81128 --- [ProgettoNutrizionista] [nio-8080-exec-5] org.hibernate.SQL                        : 
    select
        r1_0.id,
        r1_0.alias,
        r1_0.created_at,
        r1_0.nome,
        r1_0.updated_at 
    from
        ruoli r1_0 
    where
        r1_0.alias=?
Hibernate: 
    select
        r1_0.id,
        r1_0.alias,
        r1_0.created_at,
        r1_0.nome,
        r1_0.updated_at 
    from
        ruoli r1_0 
    where
        r1_0.alias=?
2026-07-13T18:58:38.736+02:00 DEBUG 81128 --- [ProgettoNutrizionista] [nio-8080-exec-5] org.hibernate.SQL                        : 
    insert 
    into
        utenti
        (codice_fiscale, cognome, created_at, data_nascita, email, logo, indirizzo, last_login_at, metodo_registrazione, nome, password, pdf_tema_colore, ruolo_id, telefono, updated_at) 
    values
        (?, ?, ?, ?, ?, ?, ?, ?, ?, ?, ?, ?, ?, ?, ?)
Hibernate: 
    insert 
    into
        utenti
        (codice_fiscale, cognome, created_at, data_nascita, email, logo, indirizzo, last_login_at, metodo_registrazione, nome, password, pdf_tema_colore, ruolo_id, telefono, updated_at) 
    values
        (?, ?, ?, ?, ?, ?, ?, ?, ?, ?, ?, ?, ?, ?, ?)
2026-07-13T18:58:38.920+02:00 DEBUG 81128 --- [ProgettoNutrizionista] [nio-8080-exec-5] o.s.w.s.m.m.a.HttpEntityMethodProcessor  : Using 'application/json', given [*/*] and supported [application/json, application/*+json, application/yaml]
2026-07-13T18:58:38.922+02:00 DEBUG 81128 --- [ProgettoNutrizionista] [nio-8080-exec-5] o.s.w.s.m.m.a.HttpEntityMethodProcessor  : Nothing to write: null body
2026-07-13T18:58:38.923+02:00 DEBUG 81128 --- [ProgettoNutrizionista] [nio-8080-exec-5] o.s.web.servlet.DispatcherServlet        : Completed 204 NO_CONTENT
2026-07-13T18:58:38.941+02:00 DEBUG 81128 --- [ProgettoNutrizionista] [nio-8080-exec-6] o.s.web.servlet.DispatcherServlet        : POST "/api/auth/login", parameters={}
2026-07-13T18:58:38.941+02:00 DEBUG 81128 --- [ProgettoNutrizionista] [nio-8080-exec-6] s.w.s.m.m.a.RequestMappingHandlerMapping : Mapped to it.nutrizionista.restnutrizionista.controller.AuthController#login(LoginRequest, HttpServletRequest)
2026-07-13T18:58:38.943+02:00 DEBUG 81128 --- [ProgettoNutrizionista] [nio-8080-exec-6] m.m.a.RequestResponseBodyMethodProcessor : Read "application/json;charset=UTF-8" to [it.nutrizionista.restnutrizionista.dto.LoginRequest@5f0fa120]
2026-07-13T18:58:38.944+02:00 DEBUG 81128 --- [ProgettoNutrizionista] [nio-8080-exec-6] org.hibernate.SQL                        : 
    select
        u1_0.id,
        u1_0.codice_fiscale,
        u1_0.cognome,
        u1_0.created_at,
        u1_0.data_nascita,
        u1_0.email,
        u1_0.logo,
        u1_0.indirizzo,
        u1_0.last_login_at,
        u1_0.metodo_registrazione,
        u1_0.nome,
        u1_0.password,
        u1_0.pdf_tema_colore,
        r1_0.id,
        r1_0.alias,
        r1_0.created_at,
        r1_0.nome,
        rp1_0.ruolo_id,
        rp1_0.id,
        rp1_0.created_at,
        rp1_0.permesso_id,
        p1_0.id,
        p1_0.alias,
        p1_0.created_at,
        g1_0.id,
        g1_0.alias,
        g1_0.created_at,
        g1_0.nome,
        g1_0.updated_at,
        p1_0.nome,
        p1_0.updated_at,
        rp1_0.updated_at,
        r1_0.updated_at,
        u1_0.telefono,
        u1_0.updated_at 
    from
        utenti u1_0 
    left join
        ruoli r1_0 
            on r1_0.id=u1_0.ruolo_id 
    left join
        ruoli_permessi rp1_0 
            on r1_0.id=rp1_0.ruolo_id 
    left join
        permessi p1_0 
            on p1_0.id=rp1_0.permesso_id 
    left join
        gruppi g1_0 
            on g1_0.id=p1_0.gruppo_id 
    where
        u1_0.email=?
Hibernate: 
    select
        u1_0.id,
        u1_0.codice_fiscale,
        u1_0.cognome,
        u1_0.created_at,
        u1_0.data_nascita,
        u1_0.email,
        u1_0.logo,
        u1_0.indirizzo,
        u1_0.last_login_at,
        u1_0.metodo_registrazione,
        u1_0.nome,
        u1_0.password,
        u1_0.pdf_tema_colore,
        r1_0.id,
        r1_0.alias,
        r1_0.created_at,
        r1_0.nome,
        rp1_0.ruolo_id,
        rp1_0.id,
        rp1_0.created_at,
        rp1_0.permesso_id,
        p1_0.id,
        p1_0.alias,
        p1_0.created_at,
        g1_0.id,
        g1_0.alias,
        g1_0.created_at,
        g1_0.nome,
        g1_0.updated_at,
        p1_0.nome,
        p1_0.updated_at,
        rp1_0.updated_at,
        r1_0.updated_at,
        u1_0.telefono,
        u1_0.updated_at 
    from
        utenti u1_0 
    left join
        ruoli r1_0 
            on r1_0.id=u1_0.ruolo_id 
    left join
        ruoli_permessi rp1_0 
            on r1_0.id=rp1_0.ruolo_id 
    left join
        permessi p1_0 
            on p1_0.id=rp1_0.permesso_id 
    left join
        gruppi g1_0 
            on g1_0.id=p1_0.gruppo_id 
    where
        u1_0.email=?
2026-07-13T18:58:39.218+02:00 DEBUG 81128 --- [ProgettoNutrizionista] [nio-8080-exec-6] org.hibernate.SQL                        : 
    update
        utenti 
    set
        codice_fiscale=?,
        cognome=?,
        data_nascita=?,
        email=?,
        logo=?,
        indirizzo=?,
        last_login_at=?,
        metodo_registrazione=?,
        nome=?,
        password=?,
        pdf_tema_colore=?,
        ruolo_id=?,
        telefono=?,
        updated_at=? 
    where
        id=?
Hibernate: 
    update
        utenti 
    set
        codice_fiscale=?,
        cognome=?,
        data_nascita=?,
        email=?,
        logo=?,
        indirizzo=?,
        last_login_at=?,
        metodo_registrazione=?,
        nome=?,
        password=?,
        pdf_tema_colore=?,
        ruolo_id=?,
        telefono=?,
        updated_at=? 
    where
        id=?
2026-07-13T18:58:39.447+02:00 DEBUG 81128 --- [ProgettoNutrizionista] [nio-8080-exec-6] org.hibernate.SQL                        : 
    select
        eg1_0.id 
    from
        eventi_gamification eg1_0 
    left join
        utenti n1_0 
            on n1_0.id=eg1_0.utente_id 
    where
        n1_0.id=? 
        and eg1_0.tipo_evento=? 
        and eg1_0.created_at>=? 
    limit
        ?
Hibernate: 
    select
        eg1_0.id 
    from
        eventi_gamification eg1_0 
    left join
        utenti n1_0 
            on n1_0.id=eg1_0.utente_id 
    where
        n1_0.id=? 
        and eg1_0.tipo_evento=? 
        and eg1_0.created_at>=? 
    limit
        ?
2026-07-13T18:58:39.520+02:00 DEBUG 81128 --- [ProgettoNutrizionista] [nio-8080-exec-6] org.hibernate.SQL                        : 
    insert 
    into
        eventi_gamification
        (cliente_id, created_at, utente_id, punti, tipo_evento) 
    values
        (?, ?, ?, ?, ?)
Hibernate: 
    insert 
    into
        eventi_gamification
        (cliente_id, created_at, utente_id, punti, tipo_evento) 
    values
        (?, ?, ?, ?, ?)
2026-07-13T18:58:39.584+02:00 DEBUG 81128 --- [ProgettoNutrizionista] [nio-8080-exec-6] org.hibernate.SQL                        : 
    update
        progressione_nutrizionista pn1_0 
    set
        punti_totali=(pn1_0.punti_totali+?),
        punti_riscattabili=(pn1_0.punti_riscattabili+?) 
    where
        pn1_0.utente_id=?
Hibernate: 
    update
        progressione_nutrizionista pn1_0 
    set
        punti_totali=(pn1_0.punti_totali+?),
        punti_riscattabili=(pn1_0.punti_riscattabili+?) 
    where
        pn1_0.utente_id=?
2026-07-13T18:58:39.638+02:00 DEBUG 81128 --- [ProgettoNutrizionista] [nio-8080-exec-6] org.hibernate.SQL                        : 
    insert 
    into
        progressione_nutrizionista
        (utente_id, punti_riscattabili, punti_totali, updated_at) 
    values
        (?, ?, ?, ?)
Hibernate: 
    insert 
    into
        progressione_nutrizionista
        (utente_id, punti_riscattabili, punti_totali, updated_at) 
    values
        (?, ?, ?, ?)
2026-07-13T18:58:39.693+02:00 DEBUG 81128 --- [ProgettoNutrizionista] [nio-8080-exec-6] org.hibernate.SQL                        : 
    select
        eg1_0.id,
        eg1_0.cliente_id,
        eg1_0.created_at,
        eg1_0.utente_id,
        eg1_0.punti,
        eg1_0.tipo_evento 
    from
        eventi_gamification eg1_0 
    left join
        utenti n1_0 
            on n1_0.id=eg1_0.utente_id 
    where
        n1_0.id=? 
        and eg1_0.tipo_evento=? 
        and eg1_0.created_at>=?
Hibernate: 
    select
        eg1_0.id,
        eg1_0.cliente_id,
        eg1_0.created_at,
        eg1_0.utente_id,
        eg1_0.punti,
        eg1_0.tipo_evento 
    from
        eventi_gamification eg1_0 
    left join
        utenti n1_0 
            on n1_0.id=eg1_0.utente_id 
    where
        n1_0.id=? 
        and eg1_0.tipo_evento=? 
        and eg1_0.created_at>=?
2026-07-13T18:58:39.758+02:00 DEBUG 81128 --- [ProgettoNutrizionista] [nio-8080-exec-6] org.hibernate.SQL                        : 
    select
        os1_0.id,
        os1_0.created_at,
        os1_0.fine_pausa_pranzo,
        os1_0.giorno_lavorativo,
        os1_0.giorno_settimana,
        os1_0.inizio_pausa_pranzo,
        os1_0.lavora_sabato,
        os1_0.nutrizionista_id,
        os1_0.ora_apertura,
        os1_0.ora_chiusura,
        os1_0.updated_at 
    from
        orari_studio os1_0 
    left join
        utenti n1_0 
            on n1_0.id=os1_0.nutrizionista_id 
    where
        n1_0.id=?
Hibernate: 
    select
        os1_0.id,
        os1_0.created_at,
        os1_0.fine_pausa_pranzo,
        os1_0.giorno_lavorativo,
        os1_0.giorno_settimana,
        os1_0.inizio_pausa_pranzo,
        os1_0.lavora_sabato,
        os1_0.nutrizionista_id,
        os1_0.ora_apertura,
        os1_0.ora_chiusura,
        os1_0.updated_at 
    from
        orari_studio os1_0 
    left join
        utenti n1_0 
            on n1_0.id=os1_0.nutrizionista_id 
    where
        n1_0.id=?
2026-07-13T18:58:39.815+02:00 DEBUG 81128 --- [ProgettoNutrizionista] [nio-8080-exec-6] org.hibernate.SQL                        : 
    select
        bs1_0.id,
        bs1_0.codice_badge,
        bs1_0.data_sblocco,
        bs1_0.utente_id 
    from
        badge_sbloccati bs1_0 
    left join
        utenti n1_0 
            on n1_0.id=bs1_0.utente_id 
    where
        n1_0.id=?
Hibernate: 
    select
        bs1_0.id,
        bs1_0.codice_badge,
        bs1_0.data_sblocco,
        bs1_0.utente_id 
    from
        badge_sbloccati bs1_0 
    left join
        utenti n1_0 
            on n1_0.id=bs1_0.utente_id 
    where
        n1_0.id=?
2026-07-13T18:58:39.974+02:00 DEBUG 81128 --- [ProgettoNutrizionista] [nio-8080-exec-6] o.s.w.s.m.m.a.HttpEntityMethodProcessor  : Using 'application/json', given [*/*] and supported [application/json, application/*+json, application/yaml]
2026-07-13T18:58:39.975+02:00 DEBUG 81128 --- [ProgettoNutrizionista] [nio-8080-exec-6] o.s.w.s.m.m.a.HttpEntityMethodProcessor  : Writing [it.nutrizionista.restnutrizionista.dto.LoginResponse@bfad811]
2026-07-13T18:58:39.979+02:00 DEBUG 81128 --- [ProgettoNutrizionista] [nio-8080-exec-6] o.s.web.servlet.DispatcherServlet        : Completed 200 OK
2026-07-13T18:58:40.149+02:00 DEBUG 81128 --- [ProgettoNutrizionista] [io-8080-exec-10] o.s.web.servlet.DispatcherServlet        : POST "/api/assistenza/tickets", parameters={}
2026-07-13T18:58:40.151+02:00 DEBUG 81128 --- [ProgettoNutrizionista] [io-8080-exec-10] s.w.s.m.m.a.RequestMappingHandlerMapping : Mapped to it.nutrizionista.restnutrizionista.controller.AssistenzaController#crea(CreaTicketAssistenzaRequest)
2026-07-13T18:58:40.154+02:00 DEBUG 81128 --- [ProgettoNutrizionista] [io-8080-exec-10] m.m.a.RequestResponseBodyMethodProcessor : Read "application/json;charset=UTF-8" to [it.nutrizionista.restnutrizionista.dto.CreaTicketAssistenzaRequest@3cdef0d5]
2026-07-13T18:58:40.220+02:00 DEBUG 81128 --- [ProgettoNutrizionista] [io-8080-exec-10] org.hibernate.SQL                        : 
    select
        u1_0.id,
        u1_0.codice_fiscale,
        u1_0.cognome,
        u1_0.created_at,
        u1_0.data_nascita,
        u1_0.email,
        u1_0.logo,
        u1_0.indirizzo,
        u1_0.last_login_at,
        u1_0.metodo_registrazione,
        u1_0.nome,
        u1_0.password,
        u1_0.pdf_tema_colore,
        r1_0.id,
        r1_0.alias,
        r1_0.created_at,
        r1_0.nome,
        rp1_0.ruolo_id,
        rp1_0.id,
        rp1_0.created_at,
        rp1_0.permesso_id,
        p1_0.id,
        p1_0.alias,
        p1_0.created_at,
        g1_0.id,
        g1_0.alias,
        g1_0.created_at,
        g1_0.nome,
        g1_0.updated_at,
        p1_0.nome,
        p1_0.updated_at,
        rp1_0.updated_at,
        r1_0.updated_at,
        u1_0.telefono,
        u1_0.updated_at 
    from
        utenti u1_0 
    left join
        ruoli r1_0 
            on r1_0.id=u1_0.ruolo_id 
    left join
        ruoli_permessi rp1_0 
            on r1_0.id=rp1_0.ruolo_id 
    left join
        permessi p1_0 
            on p1_0.id=rp1_0.permesso_id 
    left join
        gruppi g1_0 
            on g1_0.id=p1_0.gruppo_id 
    where
        u1_0.email=?
Hibernate: 
    select
        u1_0.id,
        u1_0.codice_fiscale,
        u1_0.cognome,
        u1_0.created_at,
        u1_0.data_nascita,
        u1_0.email,
        u1_0.logo,
        u1_0.indirizzo,
        u1_0.last_login_at,
        u1_0.metodo_registrazione,
        u1_0.nome,
        u1_0.password,
        u1_0.pdf_tema_colore,
        r1_0.id,
        r1_0.alias,
        r1_0.created_at,
        r1_0.nome,
        rp1_0.ruolo_id,
        rp1_0.id,
        rp1_0.created_at,
        rp1_0.permesso_id,
        p1_0.id,
        p1_0.alias,
        p1_0.created_at,
        g1_0.id,
        g1_0.alias,
        g1_0.created_at,
        g1_0.nome,
        g1_0.updated_at,
        p1_0.nome,
        p1_0.updated_at,
        rp1_0.updated_at,
        r1_0.updated_at,
        u1_0.telefono,
        u1_0.updated_at 
    from
        utenti u1_0 
    left join
        ruoli r1_0 
            on r1_0.id=u1_0.ruolo_id 
    left join
        ruoli_permessi rp1_0 
            on r1_0.id=rp1_0.ruolo_id 
    left join
        permessi p1_0 
            on p1_0.id=rp1_0.permesso_id 
    left join
        gruppi g1_0 
            on g1_0.id=p1_0.gruppo_id 
    where
        u1_0.email=?
2026-07-13T18:58:40.413+02:00 DEBUG 81128 --- [ProgettoNutrizionista] [io-8080-exec-10] org.hibernate.SQL                        : 
    select
        ta1_0.id 
    from
        ticket_assistenza ta1_0 
    join
        utenti n1_0 
            on n1_0.id=ta1_0.nutrizionista_id 
    where
        n1_0.id=? 
        and ta1_0.stato in (?, ?) 
    limit
        ?
Hibernate: 
    select
        ta1_0.id 
    from
        ticket_assistenza ta1_0 
    join
        utenti n1_0 
            on n1_0.id=ta1_0.nutrizionista_id 
    where
        n1_0.id=? 
        and ta1_0.stato in (?, ?) 
    limit
        ?
2026-07-13T18:58:40.487+02:00 DEBUG 81128 --- [ProgettoNutrizionista] [io-8080-exec-10] org.hibernate.SQL                        : 
    insert 
    into
        ticket_assistenza
        (accepted_at, closed_at, created_at, descrizione, motivo_rifiuto, nutrizionista_id, oggetto, stato, updated_at, version) 
    values
        (?, ?, ?, ?, ?, ?, ?, ?, ?, ?)
Hibernate: 
    insert 
    into
        ticket_assistenza
        (accepted_at, closed_at, created_at, descrizione, motivo_rifiuto, nutrizionista_id, oggetto, stato, updated_at, version) 
    values
        (?, ?, ?, ?, ?, ?, ?, ?, ?, ?)
2026-07-13T18:58:40.573+02:00  INFO 81128 --- [ProgettoNutrizionista] [io-8080-exec-10] AUDIT.assistenza                         : transizione assistenza utenteId=120001 ticketId=1 NUOVO->IN_ATTESA
2026-07-13T18:58:40.579+02:00 DEBUG 81128 --- [ProgettoNutrizionista] [io-8080-exec-10] org.hibernate.SQL                        : 
    select
        count(ma1_0.id) 
    from
        messaggi_assistenza ma1_0 
    join
        ticket_assistenza t1_0 
            on t1_0.id=ma1_0.ticket_id 
    join
        utenti m1_0 
            on m1_0.id=ma1_0.mittente_id 
    where
        t1_0.id=? 
        and not(ma1_0.letto) 
        and m1_0.id<>?
Hibernate: 
    select
        count(ma1_0.id) 
    from
        messaggi_assistenza ma1_0 
    join
        ticket_assistenza t1_0 
            on t1_0.id=ma1_0.ticket_id 
    join
        utenti m1_0 
            on m1_0.id=ma1_0.mittente_id 
    where
        t1_0.id=? 
        and not(ma1_0.letto) 
        and m1_0.id<>?
2026-07-13T18:58:40.768+02:00 DEBUG 81128 --- [ProgettoNutrizionista] [io-8080-exec-10] o.s.w.s.m.m.a.HttpEntityMethodProcessor  : Using 'application/json', given [*/*] and supported [application/json, application/*+json, application/yaml]
2026-07-13T18:58:40.769+02:00 DEBUG 81128 --- [ProgettoNutrizionista] [io-8080-exec-10] o.s.w.s.m.m.a.HttpEntityMethodProcessor  : Writing [it.nutrizionista.restnutrizionista.dto.TicketAssistenzaDto@6b9f4f19]
2026-07-13T18:58:40.770+02:00 DEBUG 81128 --- [ProgettoNutrizionista] [io-8080-exec-10] o.s.web.servlet.DispatcherServlet        : Completed 201 CREATED
2026-07-13T18:58:40.789+02:00 DEBUG 81128 --- [ProgettoNutrizionista] [nio-8080-exec-1] o.s.web.servlet.DispatcherServlet        : POST "/api/assistenza/tickets/1/messaggi", parameters={}
2026-07-13T18:58:40.789+02:00 DEBUG 81128 --- [ProgettoNutrizionista] [nio-8080-exec-1] s.w.s.m.m.a.RequestMappingHandlerMapping : Mapped to it.nutrizionista.restnutrizionista.controller.AssistenzaController#invia(Long, CreaMessaggioAssistenzaRequest)
2026-07-13T18:58:40.791+02:00 DEBUG 81128 --- [ProgettoNutrizionista] [nio-8080-exec-1] m.m.a.RequestResponseBodyMethodProcessor : Read "application/json;charset=UTF-8" to [it.nutrizionista.restnutrizionista.dto.CreaMessaggioAssistenzaRequest@2e696746]
2026-07-13T18:58:40.844+02:00 DEBUG 81128 --- [ProgettoNutrizionista] [nio-8080-exec-1] org.hibernate.SQL                        : 
    select
        u1_0.id,
        u1_0.codice_fiscale,
        u1_0.cognome,
        u1_0.created_at,
        u1_0.data_nascita,
        u1_0.email,
        u1_0.logo,
        u1_0.indirizzo,
        u1_0.last_login_at,
        u1_0.metodo_registrazione,
        u1_0.nome,
        u1_0.password,
        u1_0.pdf_tema_colore,
        r1_0.id,
        r1_0.alias,
        r1_0.created_at,
        r1_0.nome,
        rp1_0.ruolo_id,
        rp1_0.id,
        rp1_0.created_at,
        rp1_0.permesso_id,
        p1_0.id,
        p1_0.alias,
        p1_0.created_at,
        g1_0.id,
        g1_0.alias,
        g1_0.created_at,
        g1_0.nome,
        g1_0.updated_at,
        p1_0.nome,
        p1_0.updated_at,
        rp1_0.updated_at,
        r1_0.updated_at,
        u1_0.telefono,
        u1_0.updated_at 
    from
        utenti u1_0 
    left join
        ruoli r1_0 
            on r1_0.id=u1_0.ruolo_id 
    left join
        ruoli_permessi rp1_0 
            on r1_0.id=rp1_0.ruolo_id 
    left join
        permessi p1_0 
            on p1_0.id=rp1_0.permesso_id 
    left join
        gruppi g1_0 
            on g1_0.id=p1_0.gruppo_id 
    where
        u1_0.email=?
Hibernate: 
    select
        u1_0.id,
        u1_0.codice_fiscale,
        u1_0.cognome,
        u1_0.created_at,
        u1_0.data_nascita,
        u1_0.email,
        u1_0.logo,
        u1_0.indirizzo,
        u1_0.last_login_at,
        u1_0.metodo_registrazione,
        u1_0.nome,
        u1_0.password,
        u1_0.pdf_tema_colore,
        r1_0.id,
        r1_0.alias,
        r1_0.created_at,
        r1_0.nome,
        rp1_0.ruolo_id,
        rp1_0.id,
        rp1_0.created_at,
        rp1_0.permesso_id,
        p1_0.id,
        p1_0.alias,
        p1_0.created_at,
        g1_0.id,
        g1_0.alias,
        g1_0.created_at,
        g1_0.nome,
        g1_0.updated_at,
        p1_0.nome,
        p1_0.updated_at,
        rp1_0.updated_at,
        r1_0.updated_at,
        u1_0.telefono,
        u1_0.updated_at 
    from
        utenti u1_0 
    left join
        ruoli r1_0 
            on r1_0.id=u1_0.ruolo_id 
    left join
        ruoli_permessi rp1_0 
            on r1_0.id=rp1_0.ruolo_id 
    left join
        permessi p1_0 
            on p1_0.id=rp1_0.permesso_id 
    left join
        gruppi g1_0 
            on g1_0.id=p1_0.gruppo_id 
    where
        u1_0.email=?
2026-07-13T18:58:40.964+02:00 DEBUG 81128 --- [ProgettoNutrizionista] [nio-8080-exec-1] org.hibernate.SQL                        : 
    select
        ta1_0.id,
        ta1_0.accepted_at,
        ta1_0.closed_at,
        ta1_0.created_at,
        ta1_0.descrizione,
        ta1_0.motivo_rifiuto,
        ta1_0.nutrizionista_id,
        n1_0.id,
        n1_0.codice_fiscale,
        n1_0.cognome,
        n1_0.created_at,
        n1_0.data_nascita,
        n1_0.email,
        n1_0.logo,
        n1_0.indirizzo,
        n1_0.last_login_at,
        n1_0.metodo_registrazione,
        n1_0.nome,
        n1_0.password,
        n1_0.pdf_tema_colore,
        n1_0.ruolo_id,
        n1_0.telefono,
        n1_0.updated_at,
        ta1_0.oggetto,
        ta1_0.stato,
        ta1_0.updated_at,
        ta1_0.version 
    from
        ticket_assistenza ta1_0 
    join
        utenti n1_0 
            on n1_0.id=ta1_0.nutrizionista_id 
    where
        ta1_0.id=?
Hibernate: 
    select
        ta1_0.id,
        ta1_0.accepted_at,
        ta1_0.closed_at,
        ta1_0.created_at,
        ta1_0.descrizione,
        ta1_0.motivo_rifiuto,
        ta1_0.nutrizionista_id,
        n1_0.id,
        n1_0.codice_fiscale,
        n1_0.cognome,
        n1_0.created_at,
        n1_0.data_nascita,
        n1_0.email,
        n1_0.logo,
        n1_0.indirizzo,
        n1_0.last_login_at,
        n1_0.metodo_registrazione,
        n1_0.nome,
        n1_0.password,
        n1_0.pdf_tema_colore,
        n1_0.ruolo_id,
        n1_0.telefono,
        n1_0.updated_at,
        ta1_0.oggetto,
        ta1_0.stato,
        ta1_0.updated_at,
        ta1_0.version 
    from
        ticket_assistenza ta1_0 
    join
        utenti n1_0 
            on n1_0.id=ta1_0.nutrizionista_id 
    where
        ta1_0.id=?
2026-07-13T18:58:41.136+02:00 DEBUG 81128 --- [ProgettoNutrizionista] [nio-8080-exec-1] .m.m.a.ExceptionHandlerExceptionResolver : Using @ExceptionHandler it.nutrizionista.restnutrizionista.exception.GlobalExceptionHandler#handleConflict(ConflictException)
2026-07-13T18:58:41.138+02:00 DEBUG 81128 --- [ProgettoNutrizionista] [nio-8080-exec-1] o.s.w.s.m.m.a.HttpEntityMethodProcessor  : Using 'text/plain', given [*/*] and supported [text/plain, */*, application/json, application/*+json, application/yaml]
2026-07-13T18:58:41.138+02:00 DEBUG 81128 --- [ProgettoNutrizionista] [nio-8080-exec-1] o.s.w.s.m.m.a.HttpEntityMethodProcessor  : Writing ["Transizione non consentita dallo stato IN_ATTESA"]
2026-07-13T18:58:41.140+02:00  WARN 81128 --- [ProgettoNutrizionista] [nio-8080-exec-1] .m.m.a.ExceptionHandlerExceptionResolver : Resolved [it.nutrizionista.restnutrizionista.exception.ConflictException: Transizione non consentita dallo stato IN_ATTESA]
2026-07-13T18:58:41.141+02:00 DEBUG 81128 --- [ProgettoNutrizionista] [nio-8080-exec-1] o.s.web.servlet.DispatcherServlet        : Completed 409 CONFLICT
2026-07-13T18:58:41.153+02:00 DEBUG 81128 --- [ProgettoNutrizionista] [nio-8080-exec-2] o.s.web.servlet.DispatcherServlet        : POST "/api/assistenza/tickets", parameters={}
2026-07-13T18:58:41.154+02:00 DEBUG 81128 --- [ProgettoNutrizionista] [nio-8080-exec-2] s.w.s.m.m.a.RequestMappingHandlerMapping : Mapped to it.nutrizionista.restnutrizionista.controller.AssistenzaController#crea(CreaTicketAssistenzaRequest)
2026-07-13T18:58:41.156+02:00 DEBUG 81128 --- [ProgettoNutrizionista] [nio-8080-exec-2] m.m.a.RequestResponseBodyMethodProcessor : Read "application/json;charset=UTF-8" to [it.nutrizionista.restnutrizionista.dto.CreaTicketAssistenzaRequest@5dcbd00f]
2026-07-13T18:58:41.213+02:00 DEBUG 81128 --- [ProgettoNutrizionista] [nio-8080-exec-2] org.hibernate.SQL                        : 
    select
        u1_0.id,
        u1_0.codice_fiscale,
        u1_0.cognome,
        u1_0.created_at,
        u1_0.data_nascita,
        u1_0.email,
        u1_0.logo,
        u1_0.indirizzo,
        u1_0.last_login_at,
        u1_0.metodo_registrazione,
        u1_0.nome,
        u1_0.password,
        u1_0.pdf_tema_colore,
        r1_0.id,
        r1_0.alias,
        r1_0.created_at,
        r1_0.nome,
        rp1_0.ruolo_id,
        rp1_0.id,
        rp1_0.created_at,
        rp1_0.permesso_id,
        p1_0.id,
        p1_0.alias,
        p1_0.created_at,
        g1_0.id,
        g1_0.alias,
        g1_0.created_at,
        g1_0.nome,
        g1_0.updated_at,
        p1_0.nome,
        p1_0.updated_at,
        rp1_0.updated_at,
        r1_0.updated_at,
        u1_0.telefono,
        u1_0.updated_at 
    from
        utenti u1_0 
    left join
        ruoli r1_0 
            on r1_0.id=u1_0.ruolo_id 
    left join
        ruoli_permessi rp1_0 
            on r1_0.id=rp1_0.ruolo_id 
    left join
        permessi p1_0 
            on p1_0.id=rp1_0.permesso_id 
    left join
        gruppi g1_0 
            on g1_0.id=p1_0.gruppo_id 
    where
        u1_0.email=?
Hibernate: 
    select
        u1_0.id,
        u1_0.codice_fiscale,
        u1_0.cognome,
        u1_0.created_at,
        u1_0.data_nascita,
        u1_0.email,
        u1_0.logo,
        u1_0.indirizzo,
        u1_0.last_login_at,
        u1_0.metodo_registrazione,
        u1_0.nome,
        u1_0.password,
        u1_0.pdf_tema_colore,
        r1_0.id,
        r1_0.alias,
        r1_0.created_at,
        r1_0.nome,
        rp1_0.ruolo_id,
        rp1_0.id,
        rp1_0.created_at,
        rp1_0.permesso_id,
        p1_0.id,
        p1_0.alias,
        p1_0.created_at,
        g1_0.id,
        g1_0.alias,
        g1_0.created_at,
        g1_0.nome,
        g1_0.updated_at,
        p1_0.nome,
        p1_0.updated_at,
        rp1_0.updated_at,
        r1_0.updated_at,
        u1_0.telefono,
        u1_0.updated_at 
    from
        utenti u1_0 
    left join
        ruoli r1_0 
            on r1_0.id=u1_0.ruolo_id 
    left join
        ruoli_permessi rp1_0 
            on r1_0.id=rp1_0.ruolo_id 
    left join
        permessi p1_0 
            on p1_0.id=rp1_0.permesso_id 
    left join
        gruppi g1_0 
            on g1_0.id=p1_0.gruppo_id 
    where
        u1_0.email=?
2026-07-13T18:58:41.312+02:00 DEBUG 81128 --- [ProgettoNutrizionista] [nio-8080-exec-2] org.hibernate.SQL                        : 
    select
        ta1_0.id 
    from
        ticket_assistenza ta1_0 
    join
        utenti n1_0 
            on n1_0.id=ta1_0.nutrizionista_id 
    where
        n1_0.id=? 
        and ta1_0.stato in (?, ?) 
    limit
        ?
Hibernate: 
    select
        ta1_0.id 
    from
        ticket_assistenza ta1_0 
    join
        utenti n1_0 
            on n1_0.id=ta1_0.nutrizionista_id 
    where
        n1_0.id=? 
        and ta1_0.stato in (?, ?) 
    limit
        ?
2026-07-13T18:58:41.482+02:00 DEBUG 81128 --- [ProgettoNutrizionista] [nio-8080-exec-2] .m.m.a.ExceptionHandlerExceptionResolver : Using @ExceptionHandler it.nutrizionista.restnutrizionista.exception.GlobalExceptionHandler#handleConflict(ConflictException)
2026-07-13T18:58:41.483+02:00 DEBUG 81128 --- [ProgettoNutrizionista] [nio-8080-exec-2] o.s.w.s.m.m.a.HttpEntityMethodProcessor  : Using 'text/plain', given [*/*] and supported [text/plain, */*, application/json, application/*+json, application/yaml]
2026-07-13T18:58:41.484+02:00 DEBUG 81128 --- [ProgettoNutrizionista] [nio-8080-exec-2] o.s.w.s.m.m.a.HttpEntityMethodProcessor  : Writing ["Esiste già una richiesta di assistenza aperta"]
2026-07-13T18:58:41.486+02:00  WARN 81128 --- [ProgettoNutrizionista] [nio-8080-exec-2] .m.m.a.ExceptionHandlerExceptionResolver : Resolved [it.nutrizionista.restnutrizionista.exception.ConflictException: Esiste già una richiesta di assistenza aperta]
2026-07-13T18:58:41.486+02:00 DEBUG 81128 --- [ProgettoNutrizionista] [nio-8080-exec-2] o.s.web.servlet.DispatcherServlet        : Completed 409 CONFLICT
2026-07-13T18:58:41.497+02:00 DEBUG 81128 --- [ProgettoNutrizionista] [nio-8080-exec-3] o.s.web.servlet.DispatcherServlet        : GET "/api/assistenza/tickets/1", parameters={}
2026-07-13T18:58:41.498+02:00 DEBUG 81128 --- [ProgettoNutrizionista] [nio-8080-exec-3] s.w.s.m.m.a.RequestMappingHandlerMapping : Mapped to it.nutrizionista.restnutrizionista.controller.AssistenzaController#dettaglio(Long)
2026-07-13T18:58:41.598+02:00 DEBUG 81128 --- [ProgettoNutrizionista] [nio-8080-exec-3] org.hibernate.SQL                        : 
    select
        u1_0.id,
        u1_0.codice_fiscale,
        u1_0.cognome,
        u1_0.created_at,
        u1_0.data_nascita,
        u1_0.email,
        u1_0.logo,
        u1_0.indirizzo,
        u1_0.last_login_at,
        u1_0.metodo_registrazione,
        u1_0.nome,
        u1_0.password,
        u1_0.pdf_tema_colore,
        r1_0.id,
        r1_0.alias,
        r1_0.created_at,
        r1_0.nome,
        rp1_0.ruolo_id,
        rp1_0.id,
        rp1_0.created_at,
        rp1_0.permesso_id,
        p1_0.id,
        p1_0.alias,
        p1_0.created_at,
        g1_0.id,
        g1_0.alias,
        g1_0.created_at,
        g1_0.nome,
        g1_0.updated_at,
        p1_0.nome,
        p1_0.updated_at,
        rp1_0.updated_at,
        r1_0.updated_at,
        u1_0.telefono,
        u1_0.updated_at 
    from
        utenti u1_0 
    left join
        ruoli r1_0 
            on r1_0.id=u1_0.ruolo_id 
    left join
        ruoli_permessi rp1_0 
            on r1_0.id=rp1_0.ruolo_id 
    left join
        permessi p1_0 
            on p1_0.id=rp1_0.permesso_id 
    left join
        gruppi g1_0 
            on g1_0.id=p1_0.gruppo_id 
    where
        u1_0.email=?
Hibernate: 
    select
        u1_0.id,
        u1_0.codice_fiscale,
        u1_0.cognome,
        u1_0.created_at,
        u1_0.data_nascita,
        u1_0.email,
        u1_0.logo,
        u1_0.indirizzo,
        u1_0.last_login_at,
        u1_0.metodo_registrazione,
        u1_0.nome,
        u1_0.password,
        u1_0.pdf_tema_colore,
        r1_0.id,
        r1_0.alias,
        r1_0.created_at,
        r1_0.nome,
        rp1_0.ruolo_id,
        rp1_0.id,
        rp1_0.created_at,
        rp1_0.permesso_id,
        p1_0.id,
        p1_0.alias,
        p1_0.created_at,
        g1_0.id,
        g1_0.alias,
        g1_0.created_at,
        g1_0.nome,
        g1_0.updated_at,
        p1_0.nome,
        p1_0.updated_at,
        rp1_0.updated_at,
        r1_0.updated_at,
        u1_0.telefono,
        u1_0.updated_at 
    from
        utenti u1_0 
    left join
        ruoli r1_0 
            on r1_0.id=u1_0.ruolo_id 
    left join
        ruoli_permessi rp1_0 
            on r1_0.id=rp1_0.ruolo_id 
    left join
        permessi p1_0 
            on p1_0.id=rp1_0.permesso_id 
    left join
        gruppi g1_0 
            on g1_0.id=p1_0.gruppo_id 
    where
        u1_0.email=?
2026-07-13T18:58:41.693+02:00 DEBUG 81128 --- [ProgettoNutrizionista] [nio-8080-exec-3] org.hibernate.SQL                        : 
    select
        ta1_0.id,
        ta1_0.accepted_at,
        ta1_0.closed_at,
        ta1_0.created_at,
        ta1_0.descrizione,
        ta1_0.motivo_rifiuto,
        ta1_0.nutrizionista_id,
        n1_0.id,
        n1_0.codice_fiscale,
        n1_0.cognome,
        n1_0.created_at,
        n1_0.data_nascita,
        n1_0.email,
        n1_0.logo,
        n1_0.indirizzo,
        n1_0.last_login_at,
        n1_0.metodo_registrazione,
        n1_0.nome,
        n1_0.password,
        n1_0.pdf_tema_colore,
        n1_0.ruolo_id,
        n1_0.telefono,
        n1_0.updated_at,
        ta1_0.oggetto,
        ta1_0.stato,
        ta1_0.updated_at,
        ta1_0.version 
    from
        ticket_assistenza ta1_0 
    join
        utenti n1_0 
            on n1_0.id=ta1_0.nutrizionista_id 
    where
        ta1_0.id=?
Hibernate: 
    select
        ta1_0.id,
        ta1_0.accepted_at,
        ta1_0.closed_at,
        ta1_0.created_at,
        ta1_0.descrizione,
        ta1_0.motivo_rifiuto,
        ta1_0.nutrizionista_id,
        n1_0.id,
        n1_0.codice_fiscale,
        n1_0.cognome,
        n1_0.created_at,
        n1_0.data_nascita,
        n1_0.email,
        n1_0.logo,
        n1_0.indirizzo,
        n1_0.last_login_at,
        n1_0.metodo_registrazione,
        n1_0.nome,
        n1_0.password,
        n1_0.pdf_tema_colore,
        n1_0.ruolo_id,
        n1_0.telefono,
        n1_0.updated_at,
        ta1_0.oggetto,
        ta1_0.stato,
        ta1_0.updated_at,
        ta1_0.version 
    from
        ticket_assistenza ta1_0 
    join
        utenti n1_0 
            on n1_0.id=ta1_0.nutrizionista_id 
    where
        ta1_0.id=?
2026-07-13T18:58:41.906+02:00 DEBUG 81128 --- [ProgettoNutrizionista] [nio-8080-exec-3] .m.m.a.ExceptionHandlerExceptionResolver : Using @ExceptionHandler it.nutrizionista.restnutrizionista.exception.GlobalExceptionHandler#handleNotFound(NotFoundException)
2026-07-13T18:58:41.906+02:00 DEBUG 81128 --- [ProgettoNutrizionista] [nio-8080-exec-3] o.s.w.s.m.m.a.HttpEntityMethodProcessor  : Using 'text/plain', given [*/*] and supported [text/plain, */*, application/json, application/*+json, application/yaml]
2026-07-13T18:58:41.906+02:00 DEBUG 81128 --- [ProgettoNutrizionista] [nio-8080-exec-3] o.s.w.s.m.m.a.HttpEntityMethodProcessor  : Writing ["Ticket di assistenza non trovato"]
2026-07-13T18:58:41.907+02:00  WARN 81128 --- [ProgettoNutrizionista] [nio-8080-exec-3] .m.m.a.ExceptionHandlerExceptionResolver : Resolved [it.nutrizionista.restnutrizionista.exception.NotFoundException: Ticket di assistenza non trovato]
2026-07-13T18:58:41.907+02:00 DEBUG 81128 --- [ProgettoNutrizionista] [nio-8080-exec-3] o.s.web.servlet.DispatcherServlet        : Completed 404 NOT_FOUND
2026-07-13T18:59:07.038+02:00 DEBUG 81128 --- [ProgettoNutrizionista] [nio-8080-exec-7] o.s.web.servlet.DispatcherServlet        : POST "/api/auth/google/login", parameters={}
2026-07-13T18:59:07.039+02:00 DEBUG 81128 --- [ProgettoNutrizionista] [nio-8080-exec-7] s.w.s.m.m.a.RequestMappingHandlerMapping : Mapped to it.nutrizionista.restnutrizionista.controller.AuthController#googleLogin(GoogleIdTokenRequest)
2026-07-13T18:59:07.041+02:00 DEBUG 81128 --- [ProgettoNutrizionista] [nio-8080-exec-7] m.m.a.RequestResponseBodyMethodProcessor : Read "application/json;charset=UTF-8" to [it.nutrizionista.restnutrizionista.dto.GoogleIdTokenRequest@2a2db0b4]
2026-07-13T18:59:07.376+02:00 DEBUG 81128 --- [ProgettoNutrizionista] [nio-8080-exec-7] org.hibernate.SQL                        : 
    select
        u1_0.id,
        u1_0.codice_fiscale,
        u1_0.cognome,
        u1_0.created_at,
        u1_0.data_nascita,
        u1_0.email,
        u1_0.logo,
        u1_0.indirizzo,
        u1_0.last_login_at,
        u1_0.metodo_registrazione,
        u1_0.nome,
        u1_0.password,
        u1_0.pdf_tema_colore,
        r1_0.id,
        r1_0.alias,
        r1_0.created_at,
        r1_0.nome,
        rp1_0.ruolo_id,
        rp1_0.id,
        rp1_0.created_at,
        rp1_0.permesso_id,
        p1_0.id,
        p1_0.alias,
        p1_0.created_at,
        g1_0.id,
        g1_0.alias,
        g1_0.created_at,
        g1_0.nome,
        g1_0.updated_at,
        p1_0.nome,
        p1_0.updated_at,
        rp1_0.updated_at,
        r1_0.updated_at,
        u1_0.telefono,
        u1_0.updated_at 
    from
        utenti u1_0 
    left join
        ruoli r1_0 
            on r1_0.id=u1_0.ruolo_id 
    left join
        ruoli_permessi rp1_0 
            on r1_0.id=rp1_0.ruolo_id 
    left join
        permessi p1_0 
            on p1_0.id=rp1_0.permesso_id 
    left join
        gruppi g1_0 
            on g1_0.id=p1_0.gruppo_id 
    where
        u1_0.email=?
Hibernate: 
    select
        u1_0.id,
        u1_0.codice_fiscale,
        u1_0.cognome,
        u1_0.created_at,
        u1_0.data_nascita,
        u1_0.email,
        u1_0.logo,
        u1_0.indirizzo,
        u1_0.last_login_at,
        u1_0.metodo_registrazione,
        u1_0.nome,
        u1_0.password,
        u1_0.pdf_tema_colore,
        r1_0.id,
        r1_0.alias,
        r1_0.created_at,
        r1_0.nome,
        rp1_0.ruolo_id,
        rp1_0.id,
        rp1_0.created_at,
        rp1_0.permesso_id,
        p1_0.id,
        p1_0.alias,
        p1_0.created_at,
        g1_0.id,
        g1_0.alias,
        g1_0.created_at,
        g1_0.nome,
        g1_0.updated_at,
        p1_0.nome,
        p1_0.updated_at,
        rp1_0.updated_at,
        r1_0.updated_at,
        u1_0.telefono,
        u1_0.updated_at 
    from
        utenti u1_0 
    left join
        ruoli r1_0 
            on r1_0.id=u1_0.ruolo_id 
    left join
        ruoli_permessi rp1_0 
            on r1_0.id=rp1_0.ruolo_id 
    left join
        permessi p1_0 
            on p1_0.id=rp1_0.permesso_id 
    left join
        gruppi g1_0 
            on g1_0.id=p1_0.gruppo_id 
    where
        u1_0.email=?
2026-07-13T18:59:07.588+02:00 DEBUG 81128 --- [ProgettoNutrizionista] [nio-8080-exec-7] org.hibernate.SQL                        : 
    select
        eg1_0.id 
    from
        eventi_gamification eg1_0 
    left join
        utenti n1_0 
            on n1_0.id=eg1_0.utente_id 
    where
        n1_0.id=? 
        and eg1_0.tipo_evento=? 
        and eg1_0.created_at>=? 
    limit
        ?
Hibernate: 
    select
        eg1_0.id 
    from
        eventi_gamification eg1_0 
    left join
        utenti n1_0 
            on n1_0.id=eg1_0.utente_id 
    where
        n1_0.id=? 
        and eg1_0.tipo_evento=? 
        and eg1_0.created_at>=? 
    limit
        ?
2026-07-13T18:59:07.786+02:00 DEBUG 81128 --- [ProgettoNutrizionista] [nio-8080-exec-7] org.hibernate.SQL                        : 
    update
        utenti 
    set
        codice_fiscale=?,
        cognome=?,
        data_nascita=?,
        email=?,
        logo=?,
        indirizzo=?,
        last_login_at=?,
        metodo_registrazione=?,
        nome=?,
        password=?,
        pdf_tema_colore=?,
        ruolo_id=?,
        telefono=?,
        updated_at=? 
    where
        id=?
Hibernate: 
    update
        utenti 
    set
        codice_fiscale=?,
        cognome=?,
        data_nascita=?,
        email=?,
        logo=?,
        indirizzo=?,
        last_login_at=?,
        metodo_registrazione=?,
        nome=?,
        password=?,
        pdf_tema_colore=?,
        ruolo_id=?,
        telefono=?,
        updated_at=? 
    where
        id=?
2026-07-13T18:59:07.975+02:00 DEBUG 81128 --- [ProgettoNutrizionista] [nio-8080-exec-7] o.s.w.s.m.m.a.HttpEntityMethodProcessor  : Using 'application/json', given [application/json, text/plain, */*] and supported [application/json, application/*+json, application/yaml]
2026-07-13T18:59:07.976+02:00 DEBUG 81128 --- [ProgettoNutrizionista] [nio-8080-exec-7] o.s.w.s.m.m.a.HttpEntityMethodProcessor  : Writing [it.nutrizionista.restnutrizionista.dto.GoogleAuthResponse@2cb5815]
2026-07-13T18:59:07.987+02:00 DEBUG 81128 --- [ProgettoNutrizionista] [nio-8080-exec-7] o.s.web.servlet.DispatcherServlet        : Completed 200 OK
2026-07-13T18:59:08.035+02:00 DEBUG 81128 --- [ProgettoNutrizionista] [nio-8080-exec-8] o.s.web.servlet.DispatcherServlet        : GET "/api/utenti/profilo/light", parameters={}
2026-07-13T18:59:08.036+02:00 DEBUG 81128 --- [ProgettoNutrizionista] [nio-8080-exec-8] s.w.s.m.m.a.RequestMappingHandlerMapping : Mapped to it.nutrizionista.restnutrizionista.controller.UtenteController#profileLight()
2026-07-13T18:59:08.050+02:00 DEBUG 81128 --- [ProgettoNutrizionista] [nio-8080-exec-5] o.s.web.servlet.DispatcherServlet        : GET "/api/schede/count-attive", parameters={}
2026-07-13T18:59:08.051+02:00 DEBUG 81128 --- [ProgettoNutrizionista] [nio-8080-exec-9] o.s.web.servlet.DispatcherServlet        : GET "/api/appuntamenti/upcoming", parameters={}
2026-07-13T18:59:08.051+02:00 DEBUG 81128 --- [ProgettoNutrizionista] [nio-8080-exec-6] o.s.web.servlet.DispatcherServlet        : GET "/api/clienti/lista-completa", parameters={}
2026-07-13T18:59:08.052+02:00 DEBUG 81128 --- [ProgettoNutrizionista] [nio-8080-exec-7] o.s.web.servlet.DispatcherServlet        : GET "/api/gamification/me", parameters={}
2026-07-13T18:59:08.051+02:00 DEBUG 81128 --- [ProgettoNutrizionista] [nio-8080-exec-5] s.w.s.m.m.a.RequestMappingHandlerMapping : Mapped to it.nutrizionista.restnutrizionista.controller.SchedaController#countAttive()
2026-07-13T18:59:08.052+02:00 DEBUG 81128 --- [ProgettoNutrizionista] [nio-8080-exec-9] s.w.s.m.m.a.RequestMappingHandlerMapping : Mapped to it.nutrizionista.restnutrizionista.controller.AppuntamentoController#getUpcoming()
2026-07-13T18:59:08.052+02:00 DEBUG 81128 --- [ProgettoNutrizionista] [nio-8080-exec-6] s.w.s.m.m.a.RequestMappingHandlerMapping : Mapped to it.nutrizionista.restnutrizionista.controller.ClienteController#getListaCompleta()
2026-07-13T18:59:08.053+02:00 DEBUG 81128 --- [ProgettoNutrizionista] [nio-8080-exec-7] s.w.s.m.m.a.RequestMappingHandlerMapping : Mapped to it.nutrizionista.restnutrizionista.controller.GamificationController#me()
2026-07-13T18:59:08.053+02:00 DEBUG 81128 --- [ProgettoNutrizionista] [nio-8080-exec-1] o.s.web.servlet.DispatcherServlet        : GET "/api/attivita/recenti?limit=5", parameters={masked}
2026-07-13T18:59:08.054+02:00 DEBUG 81128 --- [ProgettoNutrizionista] [nio-8080-exec-1] s.w.s.m.m.a.RequestMappingHandlerMapping : Mapped to it.nutrizionista.restnutrizionista.controller.AttivitaRecenteController#recenti(int)
2026-07-13T18:59:08.055+02:00 DEBUG 81128 --- [ProgettoNutrizionista] [nio-8080-exec-9] org.hibernate.SQL                        : 
    select
        u1_0.id,
        u1_0.codice_fiscale,
        u1_0.cognome,
        u1_0.created_at,
        u1_0.data_nascita,
        u1_0.email,
        u1_0.logo,
        u1_0.indirizzo,
        u1_0.last_login_at,
        u1_0.metodo_registrazione,
        u1_0.nome,
        u1_0.password,
        u1_0.pdf_tema_colore,
        r1_0.id,
        r1_0.alias,
        r1_0.created_at,
        r1_0.nome,
        rp1_0.ruolo_id,
        rp1_0.id,
        rp1_0.created_at,
        rp1_0.permesso_id,
        p1_0.id,
        p1_0.alias,
        p1_0.created_at,
        g1_0.id,
        g1_0.alias,
        g1_0.created_at,
        g1_0.nome,
        g1_0.updated_at,
        p1_0.nome,
        p1_0.updated_at,
        rp1_0.updated_at,
        r1_0.updated_at,
        u1_0.telefono,
        u1_0.updated_at 
    from
        utenti u1_0 
    left join
        ruoli r1_0 
            on r1_0.id=u1_0.ruolo_id 
    left join
        ruoli_permessi rp1_0 
            on r1_0.id=rp1_0.ruolo_id 
    left join
        permessi p1_0 
            on p1_0.id=rp1_0.permesso_id 
    left join
        gruppi g1_0 
            on g1_0.id=p1_0.gruppo_id 
    where
        u1_0.email=?
Hibernate: 
    select
        u1_0.id,
        u1_0.codice_fiscale,
        u1_0.cognome,
        u1_0.created_at,
        u1_0.data_nascita,
        u1_0.email,
        u1_0.logo,
        u1_0.indirizzo,
        u1_0.last_login_at,
        u1_0.metodo_registrazione,
        u1_0.nome,
        u1_0.password,
        u1_0.pdf_tema_colore,
        r1_0.id,
        r1_0.alias,
        r1_0.created_at,
        r1_0.nome,
        rp1_0.ruolo_id,
        rp1_0.id,
        rp1_0.created_at,
        rp1_0.permesso_id,
        p1_0.id,
        p1_0.alias,
        p1_0.created_at,
        g1_0.id,
        g1_0.alias,
        g1_0.created_at,
        g1_0.nome,
        g1_0.updated_at,
        p1_0.nome,
        p1_0.updated_at,
        rp1_0.updated_at,
        r1_0.updated_at,
        u1_0.telefono,
        u1_0.updated_at 
    from
        utenti u1_0 
    left join
        ruoli r1_0 
            on r1_0.id=u1_0.ruolo_id 
    left join
        ruoli_permessi rp1_0 
            on r1_0.id=rp1_0.ruolo_id 
    left join
        permessi p1_0 
            on p1_0.id=rp1_0.permesso_id 
    left join
        gruppi g1_0 
            on g1_0.id=p1_0.gruppo_id 
    where
        u1_0.email=?
2026-07-13T18:59:08.134+02:00 DEBUG 81128 --- [ProgettoNutrizionista] [nio-8080-exec-8] org.hibernate.SQL                        : 
    select
        u1_0.id,
        u1_0.codice_fiscale,
        u1_0.cognome,
        u1_0.created_at,
        u1_0.data_nascita,
        u1_0.email,
        u1_0.logo,
        u1_0.indirizzo,
        u1_0.last_login_at,
        u1_0.metodo_registrazione,
        u1_0.nome,
        u1_0.password,
        u1_0.pdf_tema_colore,
        r1_0.id,
        r1_0.alias,
        r1_0.created_at,
        r1_0.nome,
        rp1_0.ruolo_id,
        rp1_0.id,
        rp1_0.created_at,
        rp1_0.permesso_id,
        p1_0.id,
        p1_0.alias,
        p1_0.created_at,
        g1_0.id,
        g1_0.alias,
        g1_0.created_at,
        g1_0.nome,
        g1_0.updated_at,
        p1_0.nome,
        p1_0.updated_at,
        rp1_0.updated_at,
        r1_0.updated_at,
        u1_0.telefono,
        u1_0.updated_at 
    from
        utenti u1_0 
    left join
        ruoli r1_0 
            on r1_0.id=u1_0.ruolo_id 
    left join
        ruoli_permessi rp1_0 
            on r1_0.id=rp1_0.ruolo_id 
    left join
        permessi p1_0 
            on p1_0.id=rp1_0.permesso_id 
    left join
        gruppi g1_0 
            on g1_0.id=p1_0.gruppo_id 
    where
        u1_0.email=?
Hibernate: 
    select
        u1_0.id,
        u1_0.codice_fiscale,
        u1_0.cognome,
        u1_0.created_at,
        u1_0.data_nascita,
        u1_0.email,
        u1_0.logo,
        u1_0.indirizzo,
        u1_0.last_login_at,
        u1_0.metodo_registrazione,
        u1_0.nome,
        u1_0.password,
        u1_0.pdf_tema_colore,
        r1_0.id,
        r1_0.alias,
        r1_0.created_at,
        r1_0.nome,
        rp1_0.ruolo_id,
        rp1_0.id,
        rp1_0.created_at,
        rp1_0.permesso_id,
        p1_0.id,
        p1_0.alias,
        p1_0.created_at,
        g1_0.id,
        g1_0.alias,
        g1_0.created_at,
        g1_0.nome,
        g1_0.updated_at,
        p1_0.nome,
        p1_0.updated_at,
        rp1_0.updated_at,
        r1_0.updated_at,
        u1_0.telefono,
        u1_0.updated_at 
    from
        utenti u1_0 
    left join
        ruoli r1_0 
            on r1_0.id=u1_0.ruolo_id 
    left join
        ruoli_permessi rp1_0 
            on r1_0.id=rp1_0.ruolo_id 
    left join
        permessi p1_0 
            on p1_0.id=rp1_0.permesso_id 
    left join
        gruppi g1_0 
            on g1_0.id=p1_0.gruppo_id 
    where
        u1_0.email=?
2026-07-13T18:59:08.187+02:00 DEBUG 81128 --- [ProgettoNutrizionista] [nio-8080-exec-9] org.hibernate.SQL                        : 
    select
        a1_0.id,
        a1_0.all_day,
        a1_0.cliente_id,
        a1_0.cliente_cognome,
        a1_0.cliente_nome,
        a1_0.cliente_registrato,
        a1_0.created_at,
        a1_0.data,
        a1_0.descrizione_appuntamento,
        a1_0.email_cliente,
        a1_0.end_data,
        a1_0.end_ora,
        a1_0.luogo,
        a1_0.modalita,
        a1_0.utente_id,
        a1_0.ora,
        a1_0.stato,
        a1_0.telefono_cliente,
        a1_0.timezone,
        a1_0.updated_at 
    from
        appuntamenti a1_0 
    left join
        utenti n1_0 
            on n1_0.id=a1_0.utente_id 
    where
        n1_0.id=? 
        and a1_0.data>=? 
    order by
        a1_0.data,
        a1_0.ora 
    limit
        ?
Hibernate: 
    select
        a1_0.id,
        a1_0.all_day,
        a1_0.cliente_id,
        a1_0.cliente_cognome,
        a1_0.cliente_nome,
        a1_0.cliente_registrato,
        a1_0.created_at,
        a1_0.data,
        a1_0.descrizione_appuntamento,
        a1_0.email_cliente,
        a1_0.end_data,
        a1_0.end_ora,
        a1_0.luogo,
        a1_0.modalita,
        a1_0.utente_id,
        a1_0.ora,
        a1_0.stato,
        a1_0.telefono_cliente,
        a1_0.timezone,
        a1_0.updated_at 
    from
        appuntamenti a1_0 
    left join
        utenti n1_0 
            on n1_0.id=a1_0.utente_id 
    where
        n1_0.id=? 
        and a1_0.data>=? 
    order by
        a1_0.data,
        a1_0.ora 
    limit
        ?
2026-07-13T18:59:08.197+02:00 DEBUG 81128 --- [ProgettoNutrizionista] [nio-8080-exec-7] org.hibernate.SQL                        : 
    select
        u1_0.id,
        u1_0.codice_fiscale,
        u1_0.cognome,
        u1_0.created_at,
        u1_0.data_nascita,
        u1_0.email,
        u1_0.logo,
        u1_0.indirizzo,
        u1_0.last_login_at,
        u1_0.metodo_registrazione,
        u1_0.nome,
        u1_0.password,
        u1_0.pdf_tema_colore,
        r1_0.id,
        r1_0.alias,
        r1_0.created_at,
        r1_0.nome,
        rp1_0.ruolo_id,
        rp1_0.id,
        rp1_0.created_at,
        rp1_0.permesso_id,
        p1_0.id,
        p1_0.alias,
        p1_0.created_at,
        g1_0.id,
        g1_0.alias,
        g1_0.created_at,
        g1_0.nome,
        g1_0.updated_at,
        p1_0.nome,
        p1_0.updated_at,
        rp1_0.updated_at,
        r1_0.updated_at,
        u1_0.telefono,
        u1_0.updated_at 
    from
        utenti u1_0 
    left join
        ruoli r1_0 
            on r1_0.id=u1_0.ruolo_id 
    left join
        ruoli_permessi rp1_0 
            on r1_0.id=rp1_0.ruolo_id 
    left join
        permessi p1_0 
            on p1_0.id=rp1_0.permesso_id 
    left join
        gruppi g1_0 
            on g1_0.id=p1_0.gruppo_id 
    where
        u1_0.email=?
Hibernate: 
    select
        u1_0.id,
        u1_0.codice_fiscale,
        u1_0.cognome,
        u1_0.created_at,
        u1_0.data_nascita,
        u1_0.email,
        u1_0.logo,
        u1_0.indirizzo,
        u1_0.last_login_at,
        u1_0.metodo_registrazione,
        u1_0.nome,
        u1_0.password,
        u1_0.pdf_tema_colore,
        r1_0.id,
        r1_0.alias,
        r1_0.created_at,
        r1_0.nome,
        rp1_0.ruolo_id,
        rp1_0.id,
        rp1_0.created_at,
        rp1_0.permesso_id,
        p1_0.id,
        p1_0.alias,
        p1_0.created_at,
        g1_0.id,
        g1_0.alias,
        g1_0.created_at,
        g1_0.nome,
        g1_0.updated_at,
        p1_0.nome,
        p1_0.updated_at,
        rp1_0.updated_at,
        r1_0.updated_at,
        u1_0.telefono,
        u1_0.updated_at 
    from
        utenti u1_0 
    left join
        ruoli r1_0 
            on r1_0.id=u1_0.ruolo_id 
    left join
        ruoli_permessi rp1_0 
            on r1_0.id=rp1_0.ruolo_id 
    left join
        permessi p1_0 
            on p1_0.id=rp1_0.permesso_id 
    left join
        gruppi g1_0 
            on g1_0.id=p1_0.gruppo_id 
    where
        u1_0.email=?
2026-07-13T18:59:08.197+02:00 DEBUG 81128 --- [ProgettoNutrizionista] [nio-8080-exec-5] org.hibernate.SQL                        : 
    select
        u1_0.id,
        u1_0.codice_fiscale,
        u1_0.cognome,
        u1_0.created_at,
        u1_0.data_nascita,
        u1_0.email,
        u1_0.logo,
        u1_0.indirizzo,
        u1_0.last_login_at,
        u1_0.metodo_registrazione,
        u1_0.nome,
        u1_0.password,
        u1_0.pdf_tema_colore,
        r1_0.id,
        r1_0.alias,
        r1_0.created_at,
        r1_0.nome,
        rp1_0.ruolo_id,
        rp1_0.id,
        rp1_0.created_at,
        rp1_0.permesso_id,
        p1_0.id,
        p1_0.alias,
        p1_0.created_at,
        g1_0.id,
        g1_0.alias,
        g1_0.created_at,
        g1_0.nome,
        g1_0.updated_at,
        p1_0.nome,
        p1_0.updated_at,
        rp1_0.updated_at,
        r1_0.updated_at,
        u1_0.telefono,
        u1_0.updated_at 
    from
        utenti u1_0 
    left join
        ruoli r1_0 
            on r1_0.id=u1_0.ruolo_id 
    left join
        ruoli_permessi rp1_0 
            on r1_0.id=rp1_0.ruolo_id 
    left join
        permessi p1_0 
            on p1_0.id=rp1_0.permesso_id 
    left join
        gruppi g1_0 
            on g1_0.id=p1_0.gruppo_id 
    where
        u1_0.email=?
2026-07-13T18:59:08.197+02:00 DEBUG 81128 --- [ProgettoNutrizionista] [nio-8080-exec-6] org.hibernate.SQL                        : 
    select
        u1_0.id,
        u1_0.codice_fiscale,
        u1_0.cognome,
        u1_0.created_at,
        u1_0.data_nascita,
        u1_0.email,
        u1_0.logo,
        u1_0.indirizzo,
        u1_0.last_login_at,
        u1_0.metodo_registrazione,
        u1_0.nome,
        u1_0.password,
        u1_0.pdf_tema_colore,
        r1_0.id,
        r1_0.alias,
        r1_0.created_at,
        r1_0.nome,
        rp1_0.ruolo_id,
        rp1_0.id,
        rp1_0.created_at,
        rp1_0.permesso_id,
        p1_0.id,
        p1_0.alias,
        p1_0.created_at,
        g1_0.id,
        g1_0.alias,
        g1_0.created_at,
        g1_0.nome,
        g1_0.updated_at,
        p1_0.nome,
        p1_0.updated_at,
        rp1_0.updated_at,
        r1_0.updated_at,
        u1_0.telefono,
        u1_0.updated_at 
    from
        utenti u1_0 
    left join
        ruoli r1_0 
            on r1_0.id=u1_0.ruolo_id 
    left join
        ruoli_permessi rp1_0 
            on r1_0.id=rp1_0.ruolo_id 
    left join
        permessi p1_0 
            on p1_0.id=rp1_0.permesso_id 
    left join
        gruppi g1_0 
            on g1_0.id=p1_0.gruppo_id 
    where
        u1_0.email=?
Hibernate: 
    select
        u1_0.id,
        u1_0.codice_fiscale,
        u1_0.cognome,
        u1_0.created_at,
        u1_0.data_nascita,
        u1_0.email,
        u1_0.logo,
        u1_0.indirizzo,
        u1_0.last_login_at,
        u1_0.metodo_registrazione,
        u1_0.nome,
        u1_0.password,
        u1_0.pdf_tema_colore,
        r1_0.id,
        r1_0.alias,
        r1_0.created_at,
        r1_0.nome,
        rp1_0.ruolo_id,
        rp1_0.id,
        rp1_0.created_at,
        rp1_0.permesso_id,
        p1_0.id,
        p1_0.alias,
        p1_0.created_at,
        g1_0.id,
        g1_0.alias,
        g1_0.created_at,
        g1_0.nome,
        g1_0.updated_at,
        p1_0.nome,
        p1_0.updated_at,
        rp1_0.updated_at,
        r1_0.updated_at,
        u1_0.telefono,
        u1_0.updated_at 
    from
        utenti u1_0 
    left join
        ruoli r1_0 
            on r1_0.id=u1_0.ruolo_id 
    left join
        ruoli_permessi rp1_0 
            on r1_0.id=rp1_0.ruolo_id 
    left join
        permessi p1_0 
            on p1_0.id=rp1_0.permesso_id 
    left join
        gruppi g1_0 
            on g1_0.id=p1_0.gruppo_id 
    where
        u1_0.email=?
Hibernate: 
    select
        u1_0.id,
        u1_0.codice_fiscale,
        u1_0.cognome,
        u1_0.created_at,
        u1_0.data_nascita,
        u1_0.email,
        u1_0.logo,
        u1_0.indirizzo,
        u1_0.last_login_at,
        u1_0.metodo_registrazione,
        u1_0.nome,
        u1_0.password,
        u1_0.pdf_tema_colore,
        r1_0.id,
        r1_0.alias,
        r1_0.created_at,
        r1_0.nome,
        rp1_0.ruolo_id,
        rp1_0.id,
        rp1_0.created_at,
        rp1_0.permesso_id,
        p1_0.id,
        p1_0.alias,
        p1_0.created_at,
        g1_0.id,
        g1_0.alias,
        g1_0.created_at,
        g1_0.nome,
        g1_0.updated_at,
        p1_0.nome,
        p1_0.updated_at,
        rp1_0.updated_at,
        r1_0.updated_at,
        u1_0.telefono,
        u1_0.updated_at 
    from
        utenti u1_0 
    left join
        ruoli r1_0 
            on r1_0.id=u1_0.ruolo_id 
    left join
        ruoli_permessi rp1_0 
            on r1_0.id=rp1_0.ruolo_id 
    left join
        permessi p1_0 
            on p1_0.id=rp1_0.permesso_id 
    left join
        gruppi g1_0 
            on g1_0.id=p1_0.gruppo_id 
    where
        u1_0.email=?
2026-07-13T18:59:08.197+02:00 DEBUG 81128 --- [ProgettoNutrizionista] [nio-8080-exec-1] org.hibernate.SQL                        : 
    select
        u1_0.id,
        u1_0.codice_fiscale,
        u1_0.cognome,
        u1_0.created_at,
        u1_0.data_nascita,
        u1_0.email,
        u1_0.logo,
        u1_0.indirizzo,
        u1_0.last_login_at,
        u1_0.metodo_registrazione,
        u1_0.nome,
        u1_0.password,
        u1_0.pdf_tema_colore,
        r1_0.id,
        r1_0.alias,
        r1_0.created_at,
        r1_0.nome,
        rp1_0.ruolo_id,
        rp1_0.id,
        rp1_0.created_at,
        rp1_0.permesso_id,
        p1_0.id,
        p1_0.alias,
        p1_0.created_at,
        g1_0.id,
        g1_0.alias,
        g1_0.created_at,
        g1_0.nome,
        g1_0.updated_at,
        p1_0.nome,
        p1_0.updated_at,
        rp1_0.updated_at,
        r1_0.updated_at,
        u1_0.telefono,
        u1_0.updated_at 
    from
        utenti u1_0 
    left join
        ruoli r1_0 
            on r1_0.id=u1_0.ruolo_id 
    left join
        ruoli_permessi rp1_0 
            on r1_0.id=rp1_0.ruolo_id 
    left join
        permessi p1_0 
            on p1_0.id=rp1_0.permesso_id 
    left join
        gruppi g1_0 
            on g1_0.id=p1_0.gruppo_id 
    where
        u1_0.email=?
Hibernate: 
    select
        u1_0.id,
        u1_0.codice_fiscale,
        u1_0.cognome,
        u1_0.created_at,
        u1_0.data_nascita,
        u1_0.email,
        u1_0.logo,
        u1_0.indirizzo,
        u1_0.last_login_at,
        u1_0.metodo_registrazione,
        u1_0.nome,
        u1_0.password,
        u1_0.pdf_tema_colore,
        r1_0.id,
        r1_0.alias,
        r1_0.created_at,
        r1_0.nome,
        rp1_0.ruolo_id,
        rp1_0.id,
        rp1_0.created_at,
        rp1_0.permesso_id,
        p1_0.id,
        p1_0.alias,
        p1_0.created_at,
        g1_0.id,
        g1_0.alias,
        g1_0.created_at,
        g1_0.nome,
        g1_0.updated_at,
        p1_0.nome,
        p1_0.updated_at,
        rp1_0.updated_at,
        r1_0.updated_at,
        u1_0.telefono,
        u1_0.updated_at 
    from
        utenti u1_0 
    left join
        ruoli r1_0 
            on r1_0.id=u1_0.ruolo_id 
    left join
        ruoli_permessi rp1_0 
            on r1_0.id=rp1_0.ruolo_id 
    left join
        permessi p1_0 
            on p1_0.id=rp1_0.permesso_id 
    left join
        gruppi g1_0 
            on g1_0.id=p1_0.gruppo_id 
    where
        u1_0.email=?
2026-07-13T18:59:08.249+02:00 DEBUG 81128 --- [ProgettoNutrizionista] [nio-8080-exec-9] org.hibernate.SQL                        : 
    select
        c1_0.id,
        c1_0.altezza,
        c1_0.altezza_target,
        c1_0.assunzione_farmaci,
        c1_0.beve_alcol,
        c1_0.codice_fiscale,
        c1_0.cognome,
        c1_0.created_at,
        c1_0.data_nascita,
        c1_0.email,
        c1_0.fuma,
        c1_0.funzioni_intestinali,
        c1_0.intolleranze,
        c1_0.livello_attivita,
        c1_0.nome,
        n1_0.id,
        n1_0.codice_fiscale,
        n1_0.cognome,
        n1_0.created_at,
        n1_0.data_nascita,
        n1_0.email,
        n1_0.logo,
        n1_0.indirizzo,
        n1_0.last_login_at,
        n1_0.metodo_registrazione,
        n1_0.nome,
        n1_0.password,
        n1_0.pdf_tema_colore,
        r1_0.id,
        r1_0.alias,
        r1_0.created_at,
        r1_0.nome,
        r1_0.updated_at,
        n1_0.telefono,
        n1_0.updated_at,
        c1_0.peso,
        c1_0.peso_target,
        c1_0.problematiche_salutari,
        c1_0.quantita_qualita_sonno,
        c1_0.sesso,
        ts1_0.cliente_id,
        ts1_0.tag,
        c1_0.telefono,
        c1_0.updated_at 
    from
        clienti c1_0 
    left join
        utenti n1_0 
            on n1_0.id=c1_0.utente_id 
    left join
        ruoli r1_0 
            on r1_0.id=n1_0.ruolo_id 
    left join
        cliente_tag_standard ts1_0 
            on c1_0.id=ts1_0.cliente_id 
    where
        c1_0.id=?
Hibernate: 
    select
        c1_0.id,
        c1_0.altezza,
        c1_0.altezza_target,
        c1_0.assunzione_farmaci,
        c1_0.beve_alcol,
        c1_0.codice_fiscale,
        c1_0.cognome,
        c1_0.created_at,
        c1_0.data_nascita,
        c1_0.email,
        c1_0.fuma,
        c1_0.funzioni_intestinali,
        c1_0.intolleranze,
        c1_0.livello_attivita,
        c1_0.nome,
        n1_0.id,
        n1_0.codice_fiscale,
        n1_0.cognome,
        n1_0.created_at,
        n1_0.data_nascita,
        n1_0.email,
        n1_0.logo,
        n1_0.indirizzo,
        n1_0.last_login_at,
        n1_0.metodo_registrazione,
        n1_0.nome,
        n1_0.password,
        n1_0.pdf_tema_colore,
        r1_0.id,
        r1_0.alias,
        r1_0.created_at,
        r1_0.nome,
        r1_0.updated_at,
        n1_0.telefono,
        n1_0.updated_at,
        c1_0.peso,
        c1_0.peso_target,
        c1_0.problematiche_salutari,
        c1_0.quantita_qualita_sonno,
        c1_0.sesso,
        ts1_0.cliente_id,
        ts1_0.tag,
        c1_0.telefono,
        c1_0.updated_at 
    from
        clienti c1_0 
    left join
        utenti n1_0 
            on n1_0.id=c1_0.utente_id 
    left join
        ruoli r1_0 
            on r1_0.id=n1_0.ruolo_id 
    left join
        cliente_tag_standard ts1_0 
            on c1_0.id=ts1_0.cliente_id 
    where
        c1_0.id=?
2026-07-13T18:59:08.308+02:00 DEBUG 81128 --- [ProgettoNutrizionista] [nio-8080-exec-7] org.hibernate.SQL                        : 
    select
        pn1_0.id,
        pn1_0.utente_id,
        pn1_0.punti_riscattabili,
        pn1_0.punti_totali,
        pn1_0.updated_at 
    from
        progressione_nutrizionista pn1_0 
    left join
        utenti n1_0 
            on n1_0.id=pn1_0.utente_id 
    where
        n1_0.id=?
Hibernate: 
    select
        pn1_0.id,
        pn1_0.utente_id,
        pn1_0.punti_riscattabili,
        pn1_0.punti_totali,
        pn1_0.updated_at 
    from
        progressione_nutrizionista pn1_0 
    left join
        utenti n1_0 
            on n1_0.id=pn1_0.utente_id 
    where
        n1_0.id=?
2026-07-13T18:59:08.320+02:00 DEBUG 81128 --- [ProgettoNutrizionista] [nio-8080-exec-1] org.hibernate.SQL                        : 
    select
        ar1_0.id,
        ar1_0.cliente_id,
        ar1_0.created_at,
        ar1_0.data_attivita,
        ar1_0.utente_id,
        ar1_0.tipo 
    from
        attivita_recenti ar1_0 
    left join
        utenti n1_0 
            on n1_0.id=ar1_0.utente_id 
    where
        n1_0.id=? 
    order by
        ar1_0.data_attivita desc 
    limit
        ?
Hibernate: 
    select
        ar1_0.id,
        ar1_0.cliente_id,
        ar1_0.created_at,
        ar1_0.data_attivita,
        ar1_0.utente_id,
        ar1_0.tipo 
    from
        attivita_recenti ar1_0 
    left join
        utenti n1_0 
            on n1_0.id=ar1_0.utente_id 
    where
        n1_0.id=? 
    order by
        ar1_0.data_attivita desc 
    limit
        ?
2026-07-13T18:59:08.322+02:00 DEBUG 81128 --- [ProgettoNutrizionista] [nio-8080-exec-6] org.hibernate.SQL                        : 
    select
        c1_0.id,
        c1_0.altezza,
        c1_0.altezza_target,
        c1_0.assunzione_farmaci,
        c1_0.beve_alcol,
        c1_0.codice_fiscale,
        c1_0.cognome,
        c1_0.created_at,
        c1_0.data_nascita,
        c1_0.email,
        c1_0.fuma,
        c1_0.funzioni_intestinali,
        c1_0.intolleranze,
        c1_0.livello_attivita,
        c1_0.nome,
        c1_0.utente_id,
        c1_0.peso,
        c1_0.peso_target,
        c1_0.problematiche_salutari,
        c1_0.quantita_qualita_sonno,
        c1_0.sesso,
        c1_0.telefono,
        c1_0.updated_at 
    from
        clienti c1_0 
    left join
        utenti n1_0 
            on n1_0.id=c1_0.utente_id 
    where
        n1_0.id=?
Hibernate: 
    select
        c1_0.id,
        c1_0.altezza,
        c1_0.altezza_target,
        c1_0.assunzione_farmaci,
        c1_0.beve_alcol,
        c1_0.codice_fiscale,
        c1_0.cognome,
        c1_0.created_at,
        c1_0.data_nascita,
        c1_0.email,
        c1_0.fuma,
        c1_0.funzioni_intestinali,
        c1_0.intolleranze,
        c1_0.livello_attivita,
        c1_0.nome,
        c1_0.utente_id,
        c1_0.peso,
        c1_0.peso_target,
        c1_0.problematiche_salutari,
        c1_0.quantita_qualita_sonno,
        c1_0.sesso,
        c1_0.telefono,
        c1_0.updated_at 
    from
        clienti c1_0 
    left join
        utenti n1_0 
            on n1_0.id=c1_0.utente_id 
    where
        n1_0.id=?
2026-07-13T18:59:08.328+02:00 DEBUG 81128 --- [ProgettoNutrizionista] [nio-8080-exec-9] m.m.a.RequestResponseBodyMethodProcessor : Using 'application/json', given [application/json, text/plain, */*] and supported [application/json, application/*+json, application/yaml]
2026-07-13T18:59:08.328+02:00 DEBUG 81128 --- [ProgettoNutrizionista] [nio-8080-exec-9] m.m.a.RequestResponseBodyMethodProcessor : Writing [[it.nutrizionista.restnutrizionista.dto.AppuntamentoDto@472d45af]]
2026-07-13T18:59:08.329+02:00 DEBUG 81128 --- [ProgettoNutrizionista] [nio-8080-exec-5] org.hibernate.SQL                        : 
    SELECT
        COUNT(*) 
    FROM
        schede s 
    JOIN
        clienti c 
            ON s.cliente_id = c.id 
    WHERE
        c.utente_id = ? 
        AND s.attiva = 1
Hibernate: 
    SELECT
        COUNT(*) 
    FROM
        schede s 
    JOIN
        clienti c 
            ON s.cliente_id = c.id 
    WHERE
        c.utente_id = ? 
        AND s.attiva = 1
2026-07-13T18:59:08.335+02:00 DEBUG 81128 --- [ProgettoNutrizionista] [nio-8080-exec-9] o.s.web.servlet.DispatcherServlet        : Completed 200 OK
2026-07-13T18:59:08.374+02:00 DEBUG 81128 --- [ProgettoNutrizionista] [nio-8080-exec-8] o.s.w.s.m.m.a.HttpEntityMethodProcessor  : Using 'application/json', given [application/json, text/plain, */*] and supported [application/json, application/*+json, application/yaml]
2026-07-13T18:59:08.377+02:00 DEBUG 81128 --- [ProgettoNutrizionista] [nio-8080-exec-8] o.s.w.s.m.m.a.HttpEntityMethodProcessor  : Writing [ProfiloLightDto[id=30002, nome=Tommaso, cognome=Pizzonia, filePathLogo=null, ruoloNome=Nutrizionista (truncated)...]
2026-07-13T18:59:08.379+02:00 DEBUG 81128 --- [ProgettoNutrizionista] [nio-8080-exec-8] o.s.web.servlet.DispatcherServlet        : Completed 200 OK
2026-07-13T18:59:08.382+02:00 DEBUG 81128 --- [ProgettoNutrizionista] [nio-8080-exec-7] org.hibernate.SQL                        : 
    select
        bs1_0.id,
        bs1_0.codice_badge,
        bs1_0.data_sblocco,
        bs1_0.utente_id 
    from
        badge_sbloccati bs1_0 
    left join
        utenti n1_0 
            on n1_0.id=bs1_0.utente_id 
    where
        n1_0.id=?
Hibernate: 
    select
        bs1_0.id,
        bs1_0.codice_badge,
        bs1_0.data_sblocco,
        bs1_0.utente_id 
    from
        badge_sbloccati bs1_0 
    left join
        utenti n1_0 
            on n1_0.id=bs1_0.utente_id 
    where
        n1_0.id=?
2026-07-13T18:59:08.397+02:00 DEBUG 81128 --- [ProgettoNutrizionista] [nio-8080-exec-1] org.hibernate.SQL                        : 
    select
        c1_0.id,
        c1_0.altezza,
        c1_0.altezza_target,
        c1_0.assunzione_farmaci,
        c1_0.beve_alcol,
        c1_0.codice_fiscale,
        c1_0.cognome,
        c1_0.created_at,
        c1_0.data_nascita,
        c1_0.email,
        c1_0.fuma,
        c1_0.funzioni_intestinali,
        c1_0.intolleranze,
        c1_0.livello_attivita,
        c1_0.nome,
        n1_0.id,
        n1_0.codice_fiscale,
        n1_0.cognome,
        n1_0.created_at,
        n1_0.data_nascita,
        n1_0.email,
        n1_0.logo,
        n1_0.indirizzo,
        n1_0.last_login_at,
        n1_0.metodo_registrazione,
        n1_0.nome,
        n1_0.password,
        n1_0.pdf_tema_colore,
        r1_0.id,
        r1_0.alias,
        r1_0.created_at,
        r1_0.nome,
        r1_0.updated_at,
        n1_0.telefono,
        n1_0.updated_at,
        c1_0.peso,
        c1_0.peso_target,
        c1_0.problematiche_salutari,
        c1_0.quantita_qualita_sonno,
        c1_0.sesso,
        ts1_0.cliente_id,
        ts1_0.tag,
        c1_0.telefono,
        c1_0.updated_at 
    from
        clienti c1_0 
    left join
        utenti n1_0 
            on n1_0.id=c1_0.utente_id 
    left join
        ruoli r1_0 
            on r1_0.id=n1_0.ruolo_id 
    left join
        cliente_tag_standard ts1_0 
            on c1_0.id=ts1_0.cliente_id 
    where
        c1_0.id=?
Hibernate: 
    select
        c1_0.id,
        c1_0.altezza,
        c1_0.altezza_target,
        c1_0.assunzione_farmaci,
        c1_0.beve_alcol,
        c1_0.codice_fiscale,
        c1_0.cognome,
        c1_0.created_at,
        c1_0.data_nascita,
        c1_0.email,
        c1_0.fuma,
        c1_0.funzioni_intestinali,
        c1_0.intolleranze,
        c1_0.livello_attivita,
        c1_0.nome,
        n1_0.id,
        n1_0.codice_fiscale,
        n1_0.cognome,
        n1_0.created_at,
        n1_0.data_nascita,
        n1_0.email,
        n1_0.logo,
        n1_0.indirizzo,
        n1_0.last_login_at,
        n1_0.metodo_registrazione,
        n1_0.nome,
        n1_0.password,
        n1_0.pdf_tema_colore,
        r1_0.id,
        r1_0.alias,
        r1_0.created_at,
        r1_0.nome,
        r1_0.updated_at,
        n1_0.telefono,
        n1_0.updated_at,
        c1_0.peso,
        c1_0.peso_target,
        c1_0.problematiche_salutari,
        c1_0.quantita_qualita_sonno,
        c1_0.sesso,
        ts1_0.cliente_id,
        ts1_0.tag,
        c1_0.telefono,
        c1_0.updated_at 
    from
        clienti c1_0 
    left join
        utenti n1_0 
            on n1_0.id=c1_0.utente_id 
    left join
        ruoli r1_0 
            on r1_0.id=n1_0.ruolo_id 
    left join
        cliente_tag_standard ts1_0 
            on c1_0.id=ts1_0.cliente_id 
    where
        c1_0.id=?
2026-07-13T18:59:08.401+02:00 DEBUG 81128 --- [ProgettoNutrizionista] [nio-8080-exec-6] org.hibernate.SQL                        : 
    select
        ts1_0.cliente_id,
        ts1_0.tag 
    from
        cliente_tag_standard ts1_0 
    where
        ts1_0.cliente_id=?
Hibernate: 
    select
        ts1_0.cliente_id,
        ts1_0.tag 
    from
        cliente_tag_standard ts1_0 
    where
        ts1_0.cliente_id=?
2026-07-13T18:59:08.445+02:00 DEBUG 81128 --- [ProgettoNutrizionista] [nio-8080-exec-7] org.hibernate.SQL                        : 
    select
        count(c1_0.id) 
    from
        clienti c1_0 
    left join
        utenti n1_0 
            on n1_0.id=c1_0.utente_id 
    where
        n1_0.id=?
Hibernate: 
    select
        count(c1_0.id) 
    from
        clienti c1_0 
    left join
        utenti n1_0 
            on n1_0.id=c1_0.utente_id 
    where
        n1_0.id=?
2026-07-13T18:59:08.452+02:00 DEBUG 81128 --- [ProgettoNutrizionista] [nio-8080-exec-6] org.hibernate.SQL                        : 
    select
        a1_0.id,
        a1_0.all_day,
        a1_0.cliente_id,
        a1_0.cliente_cognome,
        a1_0.cliente_nome,
        a1_0.cliente_registrato,
        a1_0.created_at,
        a1_0.data,
        a1_0.descrizione_appuntamento,
        a1_0.email_cliente,
        a1_0.end_data,
        a1_0.end_ora,
        a1_0.luogo,
        a1_0.modalita,
        a1_0.utente_id,
        a1_0.ora,
        a1_0.stato,
        a1_0.telefono_cliente,
        a1_0.timezone,
        a1_0.updated_at 
    from
        appuntamenti a1_0 
    left join
        utenti n1_0 
            on n1_0.id=a1_0.utente_id 
    where
        n1_0.id=? 
        and a1_0.stato=? 
        and a1_0.data>=? 
    order by
        a1_0.data,
        a1_0.ora
Hibernate: 
    select
        a1_0.id,
        a1_0.all_day,
        a1_0.cliente_id,
        a1_0.cliente_cognome,
        a1_0.cliente_nome,
        a1_0.cliente_registrato,
        a1_0.created_at,
        a1_0.data,
        a1_0.descrizione_appuntamento,
        a1_0.email_cliente,
        a1_0.end_data,
        a1_0.end_ora,
        a1_0.luogo,
        a1_0.modalita,
        a1_0.utente_id,
        a1_0.ora,
        a1_0.stato,
        a1_0.telefono_cliente,
        a1_0.timezone,
        a1_0.updated_at 
    from
        appuntamenti a1_0 
    left join
        utenti n1_0 
            on n1_0.id=a1_0.utente_id 
    where
        n1_0.id=? 
        and a1_0.stato=? 
        and a1_0.data>=? 
    order by
        a1_0.data,
        a1_0.ora
2026-07-13T18:59:08.504+02:00 DEBUG 81128 --- [ProgettoNutrizionista] [nio-8080-exec-7] org.hibernate.SQL                        : 
    SELECT
        COUNT(*) 
    FROM
        schede s 
    JOIN
        clienti c 
            ON s.cliente_id = c.id 
    WHERE
        c.utente_id = ?
Hibernate: 
    SELECT
        COUNT(*) 
    FROM
        schede s 
    JOIN
        clienti c 
            ON s.cliente_id = c.id 
    WHERE
        c.utente_id = ?
2026-07-13T18:59:08.543+02:00 DEBUG 81128 --- [ProgettoNutrizionista] [nio-8080-exec-5] o.s.w.s.m.m.a.HttpEntityMethodProcessor  : Using 'application/json', given [application/json, text/plain, */*] and supported [application/json, application/*+json, application/yaml]
2026-07-13T18:59:08.543+02:00 DEBUG 81128 --- [ProgettoNutrizionista] [nio-8080-exec-5] o.s.w.s.m.m.a.HttpEntityMethodProcessor  : Writing [1]
2026-07-13T18:59:08.544+02:00 DEBUG 81128 --- [ProgettoNutrizionista] [nio-8080-exec-5] o.s.web.servlet.DispatcherServlet        : Completed 200 OK
2026-07-13T18:59:08.563+02:00 DEBUG 81128 --- [ProgettoNutrizionista] [nio-8080-exec-7] org.hibernate.SQL                        : 
    select
        count(ma1_0.id) 
    from
        misurazioni_antropometriche ma1_0 
    left join
        clienti c1_0 
            on c1_0.id=ma1_0.cliente_id 
    left join
        utenti n1_0 
            on n1_0.id=c1_0.utente_id 
    where
        n1_0.id=?
Hibernate: 
    select
        count(ma1_0.id) 
    from
        misurazioni_antropometriche ma1_0 
    left join
        clienti c1_0 
            on c1_0.id=ma1_0.cliente_id 
    left join
        utenti n1_0 
            on n1_0.id=c1_0.utente_id 
    where
        n1_0.id=?
2026-07-13T18:59:08.614+02:00 DEBUG 81128 --- [ProgettoNutrizionista] [nio-8080-exec-1] m.m.a.RequestResponseBodyMethodProcessor : Using 'application/json', given [application/json, text/plain, */*] and supported [application/json, application/*+json, application/yaml]
2026-07-13T18:59:08.616+02:00 DEBUG 81128 --- [ProgettoNutrizionista] [nio-8080-exec-1] m.m.a.RequestResponseBodyMethodProcessor : Writing [[AttivitaRecenteDto[clienteId=210002, nome=Mario, cognome=Rossi, tipo=Template Dieta, dataAttivita=2 (truncated)...]
2026-07-13T18:59:08.618+02:00 DEBUG 81128 --- [ProgettoNutrizionista] [nio-8080-exec-1] o.s.web.servlet.DispatcherServlet        : Completed 200 OK
2026-07-13T18:59:08.621+02:00 DEBUG 81128 --- [ProgettoNutrizionista] [nio-8080-exec-7] org.hibernate.SQL                        : 
    select
        count(a1_0.id) 
    from
        appuntamenti a1_0 
    left join
        utenti n1_0 
            on n1_0.id=a1_0.utente_id 
    where
        n1_0.id=? 
        and a1_0.stato=?
Hibernate: 
    select
        count(a1_0.id) 
    from
        appuntamenti a1_0 
    left join
        utenti n1_0 
            on n1_0.id=a1_0.utente_id 
    where
        n1_0.id=? 
        and a1_0.stato=?
2026-07-13T18:59:08.658+02:00 DEBUG 81128 --- [ProgettoNutrizionista] [nio-8080-exec-6] m.m.a.RequestResponseBodyMethodProcessor : Using 'application/json', given [application/json, text/plain, */*] and supported [application/json, application/*+json, application/yaml]
2026-07-13T18:59:08.665+02:00 DEBUG 81128 --- [ProgettoNutrizionista] [nio-8080-exec-6] m.m.a.RequestResponseBodyMethodProcessor : Writing [[ClienteLightDto[id=210002, nome=Mario, cognome=Rossi, sesso=Maschio, email=tommasopizzoniadsvsdv0@g (truncated)...]
2026-07-13T18:59:08.670+02:00 DEBUG 81128 --- [ProgettoNutrizionista] [nio-8080-exec-6] o.s.web.servlet.DispatcherServlet        : Completed 200 OK
2026-07-13T18:59:08.674+02:00 DEBUG 81128 --- [ProgettoNutrizionista] [nio-8080-exec-7] org.hibernate.SQL                        : 
    select
        eg1_0.id,
        eg1_0.cliente_id,
        eg1_0.created_at,
        eg1_0.utente_id,
        eg1_0.punti,
        eg1_0.tipo_evento 
    from
        eventi_gamification eg1_0 
    left join
        utenti n1_0 
            on n1_0.id=eg1_0.utente_id 
    where
        n1_0.id=? 
        and eg1_0.tipo_evento=? 
        and eg1_0.created_at>=?
Hibernate: 
    select
        eg1_0.id,
        eg1_0.cliente_id,
        eg1_0.created_at,
        eg1_0.utente_id,
        eg1_0.punti,
        eg1_0.tipo_evento 
    from
        eventi_gamification eg1_0 
    left join
        utenti n1_0 
            on n1_0.id=eg1_0.utente_id 
    where
        n1_0.id=? 
        and eg1_0.tipo_evento=? 
        and eg1_0.created_at>=?
2026-07-13T18:59:08.748+02:00 DEBUG 81128 --- [ProgettoNutrizionista] [nio-8080-exec-7] org.hibernate.SQL                        : 
    select
        os1_0.id,
        os1_0.created_at,
        os1_0.fine_pausa_pranzo,
        os1_0.giorno_lavorativo,
        os1_0.giorno_settimana,
        os1_0.inizio_pausa_pranzo,
        os1_0.lavora_sabato,
        os1_0.nutrizionista_id,
        os1_0.ora_apertura,
        os1_0.ora_chiusura,
        os1_0.updated_at 
    from
        orari_studio os1_0 
    left join
        utenti n1_0 
            on n1_0.id=os1_0.nutrizionista_id 
    where
        n1_0.id=?
Hibernate: 
    select
        os1_0.id,
        os1_0.created_at,
        os1_0.fine_pausa_pranzo,
        os1_0.giorno_lavorativo,
        os1_0.giorno_settimana,
        os1_0.inizio_pausa_pranzo,
        os1_0.lavora_sabato,
        os1_0.nutrizionista_id,
        os1_0.ora_apertura,
        os1_0.ora_chiusura,
        os1_0.updated_at 
    from
        orari_studio os1_0 
    left join
        utenti n1_0 
            on n1_0.id=os1_0.nutrizionista_id 
    where
        n1_0.id=?
2026-07-13T18:59:08.807+02:00 DEBUG 81128 --- [ProgettoNutrizionista] [nio-8080-exec-7] org.hibernate.SQL                        : 
    select
        count(pr1_0.id) 
    from
        premi_riscattati pr1_0 
    left join
        utenti n1_0 
            on n1_0.id=pr1_0.utente_id 
    where
        n1_0.id=? 
        and pr1_0.tipo_premio=?
Hibernate: 
    select
        count(pr1_0.id) 
    from
        premi_riscattati pr1_0 
    left join
        utenti n1_0 
            on n1_0.id=pr1_0.utente_id 
    where
        n1_0.id=? 
        and pr1_0.tipo_premio=?
2026-07-13T18:59:08.866+02:00 DEBUG 81128 --- [ProgettoNutrizionista] [nio-8080-exec-7] org.hibernate.SQL                        : 
    select
        pr1_0.id 
    from
        premi_riscattati pr1_0 
    left join
        utenti n1_0 
            on n1_0.id=pr1_0.utente_id 
    where
        n1_0.id=? 
        and pr1_0.tipo_premio=? 
        and pr1_0.data_riscatto>=? 
    limit
        ?
Hibernate: 
    select
        pr1_0.id 
    from
        premi_riscattati pr1_0 
    left join
        utenti n1_0 
            on n1_0.id=pr1_0.utente_id 
    where
        n1_0.id=? 
        and pr1_0.tipo_premio=? 
        and pr1_0.data_riscatto>=? 
    limit
        ?
2026-07-13T18:59:08.920+02:00 DEBUG 81128 --- [ProgettoNutrizionista] [nio-8080-exec-7] org.hibernate.SQL                        : 
    select
        count(pr1_0.id) 
    from
        premi_riscattati pr1_0 
    left join
        utenti n1_0 
            on n1_0.id=pr1_0.utente_id 
    where
        n1_0.id=? 
        and pr1_0.tipo_premio=?
Hibernate: 
    select
        count(pr1_0.id) 
    from
        premi_riscattati pr1_0 
    left join
        utenti n1_0 
            on n1_0.id=pr1_0.utente_id 
    where
        n1_0.id=? 
        and pr1_0.tipo_premio=?
2026-07-13T18:59:08.974+02:00 DEBUG 81128 --- [ProgettoNutrizionista] [nio-8080-exec-7] org.hibernate.SQL                        : 
    select
        pr1_0.id 
    from
        premi_riscattati pr1_0 
    left join
        utenti n1_0 
            on n1_0.id=pr1_0.utente_id 
    where
        n1_0.id=? 
        and pr1_0.tipo_premio=? 
        and pr1_0.data_riscatto>=? 
    limit
        ?
Hibernate: 
    select
        pr1_0.id 
    from
        premi_riscattati pr1_0 
    left join
        utenti n1_0 
            on n1_0.id=pr1_0.utente_id 
    where
        n1_0.id=? 
        and pr1_0.tipo_premio=? 
        and pr1_0.data_riscatto>=? 
    limit
        ?
2026-07-13T18:59:09.029+02:00 DEBUG 81128 --- [ProgettoNutrizionista] [nio-8080-exec-7] org.hibernate.SQL                        : 
    select
        count(pr1_0.id) 
    from
        premi_riscattati pr1_0 
    left join
        utenti n1_0 
            on n1_0.id=pr1_0.utente_id 
    where
        n1_0.id=? 
        and pr1_0.tipo_premio=?
Hibernate: 
    select
        count(pr1_0.id) 
    from
        premi_riscattati pr1_0 
    left join
        utenti n1_0 
            on n1_0.id=pr1_0.utente_id 
    where
        n1_0.id=? 
        and pr1_0.tipo_premio=?
2026-07-13T18:59:09.082+02:00 DEBUG 81128 --- [ProgettoNutrizionista] [nio-8080-exec-7] org.hibernate.SQL                        : 
    select
        pr1_0.id 
    from
        premi_riscattati pr1_0 
    left join
        utenti n1_0 
            on n1_0.id=pr1_0.utente_id 
    where
        n1_0.id=? 
        and pr1_0.tipo_premio=? 
        and pr1_0.data_riscatto>=? 
    limit
        ?
Hibernate: 
    select
        pr1_0.id 
    from
        premi_riscattati pr1_0 
    left join
        utenti n1_0 
            on n1_0.id=pr1_0.utente_id 
    where
        n1_0.id=? 
        and pr1_0.tipo_premio=? 
        and pr1_0.data_riscatto>=? 
    limit
        ?
2026-07-13T18:59:09.300+02:00 DEBUG 81128 --- [ProgettoNutrizionista] [nio-8080-exec-7] m.m.a.RequestResponseBodyMethodProcessor : Using 'application/json', given [application/json, text/plain, */*] and supported [application/json, application/*+json, application/yaml]
2026-07-13T18:59:09.306+02:00 DEBUG 81128 --- [ProgettoNutrizionista] [nio-8080-exec-7] m.m.a.RequestResponseBodyMethodProcessor : Writing [GamificationStatoDto[puntiTotali=86, livelloAttuale=Tirocinante, livelloSuccessivo=Nutrizionista Jun (truncated)...]
2026-07-13T18:59:09.310+02:00 DEBUG 81128 --- [ProgettoNutrizionista] [nio-8080-exec-7] o.s.web.servlet.DispatcherServlet        : Completed 200 OK
2026-07-13T18:59:11.679+02:00 DEBUG 81128 --- [ProgettoNutrizionista] [nio-8080-exec-4] o.s.web.servlet.DispatcherServlet        : GET "/api/assistenza/tickets/attivo", parameters={}
2026-07-13T18:59:11.680+02:00 DEBUG 81128 --- [ProgettoNutrizionista] [nio-8080-exec-4] s.w.s.m.m.a.RequestMappingHandlerMapping : Mapped to it.nutrizionista.restnutrizionista.controller.AssistenzaController#attivo()
2026-07-13T18:59:11.827+02:00 DEBUG 81128 --- [ProgettoNutrizionista] [nio-8080-exec-4] org.hibernate.SQL                        : 
    select
        u1_0.id,
        u1_0.codice_fiscale,
        u1_0.cognome,
        u1_0.created_at,
        u1_0.data_nascita,
        u1_0.email,
        u1_0.logo,
        u1_0.indirizzo,
        u1_0.last_login_at,
        u1_0.metodo_registrazione,
        u1_0.nome,
        u1_0.password,
        u1_0.pdf_tema_colore,
        r1_0.id,
        r1_0.alias,
        r1_0.created_at,
        r1_0.nome,
        rp1_0.ruolo_id,
        rp1_0.id,
        rp1_0.created_at,
        rp1_0.permesso_id,
        p1_0.id,
        p1_0.alias,
        p1_0.created_at,
        g1_0.id,
        g1_0.alias,
        g1_0.created_at,
        g1_0.nome,
        g1_0.updated_at,
        p1_0.nome,
        p1_0.updated_at,
        rp1_0.updated_at,
        r1_0.updated_at,
        u1_0.telefono,
        u1_0.updated_at 
    from
        utenti u1_0 
    left join
        ruoli r1_0 
            on r1_0.id=u1_0.ruolo_id 
    left join
        ruoli_permessi rp1_0 
            on r1_0.id=rp1_0.ruolo_id 
    left join
        permessi p1_0 
            on p1_0.id=rp1_0.permesso_id 
    left join
        gruppi g1_0 
            on g1_0.id=p1_0.gruppo_id 
    where
        u1_0.email=?
Hibernate: 
    select
        u1_0.id,
        u1_0.codice_fiscale,
        u1_0.cognome,
        u1_0.created_at,
        u1_0.data_nascita,
        u1_0.email,
        u1_0.logo,
        u1_0.indirizzo,
        u1_0.last_login_at,
        u1_0.metodo_registrazione,
        u1_0.nome,
        u1_0.password,
        u1_0.pdf_tema_colore,
        r1_0.id,
        r1_0.alias,
        r1_0.created_at,
        r1_0.nome,
        rp1_0.ruolo_id,
        rp1_0.id,
        rp1_0.created_at,
        rp1_0.permesso_id,
        p1_0.id,
        p1_0.alias,
        p1_0.created_at,
        g1_0.id,
        g1_0.alias,
        g1_0.created_at,
        g1_0.nome,
        g1_0.updated_at,
        p1_0.nome,
        p1_0.updated_at,
        rp1_0.updated_at,
        r1_0.updated_at,
        u1_0.telefono,
        u1_0.updated_at 
    from
        utenti u1_0 
    left join
        ruoli r1_0 
            on r1_0.id=u1_0.ruolo_id 
    left join
        ruoli_permessi rp1_0 
            on r1_0.id=rp1_0.ruolo_id 
    left join
        permessi p1_0 
            on p1_0.id=rp1_0.permesso_id 
    left join
        gruppi g1_0 
            on g1_0.id=p1_0.gruppo_id 
    where
        u1_0.email=?
2026-07-13T18:59:11.925+02:00 DEBUG 81128 --- [ProgettoNutrizionista] [nio-8080-exec-4] org.hibernate.SQL                        : 
    select
        ta1_0.id,
        ta1_0.accepted_at,
        ta1_0.closed_at,
        ta1_0.created_at,
        ta1_0.descrizione,
        ta1_0.motivo_rifiuto,
        ta1_0.nutrizionista_id,
        ta1_0.oggetto,
        ta1_0.stato,
        ta1_0.updated_at,
        ta1_0.version 
    from
        ticket_assistenza ta1_0 
    join
        utenti n1_0 
            on n1_0.id=ta1_0.nutrizionista_id 
    where
        n1_0.id=? 
        and ta1_0.stato in (?, ?) 
    order by
        ta1_0.created_at desc 
    limit
        ?
Hibernate: 
    select
        ta1_0.id,
        ta1_0.accepted_at,
        ta1_0.closed_at,
        ta1_0.created_at,
        ta1_0.descrizione,
        ta1_0.motivo_rifiuto,
        ta1_0.nutrizionista_id,
        ta1_0.oggetto,
        ta1_0.stato,
        ta1_0.updated_at,
        ta1_0.version 
    from
        ticket_assistenza ta1_0 
    join
        utenti n1_0 
            on n1_0.id=ta1_0.nutrizionista_id 
    where
        n1_0.id=? 
        and ta1_0.stato in (?, ?) 
    order by
        ta1_0.created_at desc 
    limit
        ?
2026-07-13T18:59:12.129+02:00 DEBUG 81128 --- [ProgettoNutrizionista] [nio-8080-exec-4] o.s.w.s.m.m.a.HttpEntityMethodProcessor  : Using 'application/json', given [application/json, text/plain, */*] and supported [application/json, application/*+json, application/yaml]
2026-07-13T18:59:12.130+02:00 DEBUG 81128 --- [ProgettoNutrizionista] [nio-8080-exec-4] o.s.w.s.m.m.a.HttpEntityMethodProcessor  : Nothing to write: null body
2026-07-13T18:59:12.131+02:00 DEBUG 81128 --- [ProgettoNutrizionista] [nio-8080-exec-4] o.s.web.servlet.DispatcherServlet        : Completed 204 NO_CONTENT
2026-07-13T18:59:12.137+02:00 DEBUG 81128 --- [ProgettoNutrizionista] [nio-8080-exec-8] o.s.web.servlet.DispatcherServlet        : GET "/api/assistenza/tickets?page=0&size=1", parameters={masked}
2026-07-13T18:59:12.138+02:00 DEBUG 81128 --- [ProgettoNutrizionista] [nio-8080-exec-8] s.w.s.m.m.a.RequestMappingHandlerMapping : Mapped to it.nutrizionista.restnutrizionista.controller.AssistenzaController#storico(int, int)
2026-07-13T18:59:12.234+02:00 DEBUG 81128 --- [ProgettoNutrizionista] [nio-8080-exec-8] org.hibernate.SQL                        : 
    select
        u1_0.id,
        u1_0.codice_fiscale,
        u1_0.cognome,
        u1_0.created_at,
        u1_0.data_nascita,
        u1_0.email,
        u1_0.logo,
        u1_0.indirizzo,
        u1_0.last_login_at,
        u1_0.metodo_registrazione,
        u1_0.nome,
        u1_0.password,
        u1_0.pdf_tema_colore,
        r1_0.id,
        r1_0.alias,
        r1_0.created_at,
        r1_0.nome,
        rp1_0.ruolo_id,
        rp1_0.id,
        rp1_0.created_at,
        rp1_0.permesso_id,
        p1_0.id,
        p1_0.alias,
        p1_0.created_at,
        g1_0.id,
        g1_0.alias,
        g1_0.created_at,
        g1_0.nome,
        g1_0.updated_at,
        p1_0.nome,
        p1_0.updated_at,
        rp1_0.updated_at,
        r1_0.updated_at,
        u1_0.telefono,
        u1_0.updated_at 
    from
        utenti u1_0 
    left join
        ruoli r1_0 
            on r1_0.id=u1_0.ruolo_id 
    left join
        ruoli_permessi rp1_0 
            on r1_0.id=rp1_0.ruolo_id 
    left join
        permessi p1_0 
            on p1_0.id=rp1_0.permesso_id 
    left join
        gruppi g1_0 
            on g1_0.id=p1_0.gruppo_id 
    where
        u1_0.email=?
Hibernate: 
    select
        u1_0.id,
        u1_0.codice_fiscale,
        u1_0.cognome,
        u1_0.created_at,
        u1_0.data_nascita,
        u1_0.email,
        u1_0.logo,
        u1_0.indirizzo,
        u1_0.last_login_at,
        u1_0.metodo_registrazione,
        u1_0.nome,
        u1_0.password,
        u1_0.pdf_tema_colore,
        r1_0.id,
        r1_0.alias,
        r1_0.created_at,
        r1_0.nome,
        rp1_0.ruolo_id,
        rp1_0.id,
        rp1_0.created_at,
        rp1_0.permesso_id,
        p1_0.id,
        p1_0.alias,
        p1_0.created_at,
        g1_0.id,
        g1_0.alias,
        g1_0.created_at,
        g1_0.nome,
        g1_0.updated_at,
        p1_0.nome,
        p1_0.updated_at,
        rp1_0.updated_at,
        r1_0.updated_at,
        u1_0.telefono,
        u1_0.updated_at 
    from
        utenti u1_0 
    left join
        ruoli r1_0 
            on r1_0.id=u1_0.ruolo_id 
    left join
        ruoli_permessi rp1_0 
            on r1_0.id=rp1_0.ruolo_id 
    left join
        permessi p1_0 
            on p1_0.id=rp1_0.permesso_id 
    left join
        gruppi g1_0 
            on g1_0.id=p1_0.gruppo_id 
    where
        u1_0.email=?
2026-07-13T18:59:12.326+02:00 DEBUG 81128 --- [ProgettoNutrizionista] [nio-8080-exec-8] org.hibernate.SQL                        : 
    select
        ta1_0.id,
        ta1_0.accepted_at,
        ta1_0.closed_at,
        ta1_0.created_at,
        ta1_0.descrizione,
        ta1_0.motivo_rifiuto,
        ta1_0.nutrizionista_id,
        ta1_0.oggetto,
        ta1_0.stato,
        ta1_0.updated_at,
        ta1_0.version 
    from
        ticket_assistenza ta1_0 
    join
        utenti n1_0 
            on n1_0.id=ta1_0.nutrizionista_id 
    where
        n1_0.id=? 
    order by
        ta1_0.created_at desc,
        ta1_0.created_at desc 
    limit
        ?
Hibernate: 
    select
        ta1_0.id,
        ta1_0.accepted_at,
        ta1_0.closed_at,
        ta1_0.created_at,
        ta1_0.descrizione,
        ta1_0.motivo_rifiuto,
        ta1_0.nutrizionista_id,
        ta1_0.oggetto,
        ta1_0.stato,
        ta1_0.updated_at,
        ta1_0.version 
    from
        ticket_assistenza ta1_0 
    join
        utenti n1_0 
            on n1_0.id=ta1_0.nutrizionista_id 
    where
        n1_0.id=? 
    order by
        ta1_0.created_at desc,
        ta1_0.created_at desc 
    limit
        ?
2026-07-13T18:59:12.532+02:00 DEBUG 81128 --- [ProgettoNutrizionista] [nio-8080-exec-8] m.m.a.RequestResponseBodyMethodProcessor : Using 'application/json', given [application/json, text/plain, */*] and supported [application/json, application/*+json, application/yaml]
2026-07-13T18:59:12.533+02:00 DEBUG 81128 --- [ProgettoNutrizionista] [nio-8080-exec-8] m.m.a.RequestResponseBodyMethodProcessor : Writing [it.nutrizionista.restnutrizionista.dto.PageResponse@65c9283a]
2026-07-13T18:59:12.536+02:00 DEBUG 81128 --- [ProgettoNutrizionista] [nio-8080-exec-8] o.s.web.servlet.DispatcherServlet        : Completed 200 OK
2026-07-13T18:59:17.137+02:00 DEBUG 81128 --- [ProgettoNutrizionista] [nio-8080-exec-1] o.s.web.servlet.DispatcherServlet        : POST "/api/assistenza/tickets", parameters={}
2026-07-13T18:59:17.137+02:00 DEBUG 81128 --- [ProgettoNutrizionista] [nio-8080-exec-1] s.w.s.m.m.a.RequestMappingHandlerMapping : Mapped to it.nutrizionista.restnutrizionista.controller.AssistenzaController#crea(CreaTicketAssistenzaRequest)
2026-07-13T18:59:17.139+02:00 DEBUG 81128 --- [ProgettoNutrizionista] [nio-8080-exec-1] m.m.a.RequestResponseBodyMethodProcessor : Read "application/json;charset=UTF-8" to [it.nutrizionista.restnutrizionista.dto.CreaTicketAssistenzaRequest@72cdaa4a]
2026-07-13T18:59:17.232+02:00 DEBUG 81128 --- [ProgettoNutrizionista] [nio-8080-exec-1] org.hibernate.SQL                        : 
    select
        u1_0.id,
        u1_0.codice_fiscale,
        u1_0.cognome,
        u1_0.created_at,
        u1_0.data_nascita,
        u1_0.email,
        u1_0.logo,
        u1_0.indirizzo,
        u1_0.last_login_at,
        u1_0.metodo_registrazione,
        u1_0.nome,
        u1_0.password,
        u1_0.pdf_tema_colore,
        r1_0.id,
        r1_0.alias,
        r1_0.created_at,
        r1_0.nome,
        rp1_0.ruolo_id,
        rp1_0.id,
        rp1_0.created_at,
        rp1_0.permesso_id,
        p1_0.id,
        p1_0.alias,
        p1_0.created_at,
        g1_0.id,
        g1_0.alias,
        g1_0.created_at,
        g1_0.nome,
        g1_0.updated_at,
        p1_0.nome,
        p1_0.updated_at,
        rp1_0.updated_at,
        r1_0.updated_at,
        u1_0.telefono,
        u1_0.updated_at 
    from
        utenti u1_0 
    left join
        ruoli r1_0 
            on r1_0.id=u1_0.ruolo_id 
    left join
        ruoli_permessi rp1_0 
            on r1_0.id=rp1_0.ruolo_id 
    left join
        permessi p1_0 
            on p1_0.id=rp1_0.permesso_id 
    left join
        gruppi g1_0 
            on g1_0.id=p1_0.gruppo_id 
    where
        u1_0.email=?
Hibernate: 
    select
        u1_0.id,
        u1_0.codice_fiscale,
        u1_0.cognome,
        u1_0.created_at,
        u1_0.data_nascita,
        u1_0.email,
        u1_0.logo,
        u1_0.indirizzo,
        u1_0.last_login_at,
        u1_0.metodo_registrazione,
        u1_0.nome,
        u1_0.password,
        u1_0.pdf_tema_colore,
        r1_0.id,
        r1_0.alias,
        r1_0.created_at,
        r1_0.nome,
        rp1_0.ruolo_id,
        rp1_0.id,
        rp1_0.created_at,
        rp1_0.permesso_id,
        p1_0.id,
        p1_0.alias,
        p1_0.created_at,
        g1_0.id,
        g1_0.alias,
        g1_0.created_at,
        g1_0.nome,
        g1_0.updated_at,
        p1_0.nome,
        p1_0.updated_at,
        rp1_0.updated_at,
        r1_0.updated_at,
        u1_0.telefono,
        u1_0.updated_at 
    from
        utenti u1_0 
    left join
        ruoli r1_0 
            on r1_0.id=u1_0.ruolo_id 
    left join
        ruoli_permessi rp1_0 
            on r1_0.id=rp1_0.ruolo_id 
    left join
        permessi p1_0 
            on p1_0.id=rp1_0.permesso_id 
    left join
        gruppi g1_0 
            on g1_0.id=p1_0.gruppo_id 
    where
        u1_0.email=?
2026-07-13T18:59:17.327+02:00 DEBUG 81128 --- [ProgettoNutrizionista] [nio-8080-exec-1] org.hibernate.SQL                        : 
    select
        ta1_0.id 
    from
        ticket_assistenza ta1_0 
    join
        utenti n1_0 
            on n1_0.id=ta1_0.nutrizionista_id 
    where
        n1_0.id=? 
        and ta1_0.stato in (?, ?) 
    limit
        ?
Hibernate: 
    select
        ta1_0.id 
    from
        ticket_assistenza ta1_0 
    join
        utenti n1_0 
            on n1_0.id=ta1_0.nutrizionista_id 
    where
        n1_0.id=? 
        and ta1_0.stato in (?, ?) 
    limit
        ?
2026-07-13T18:59:17.393+02:00 DEBUG 81128 --- [ProgettoNutrizionista] [nio-8080-exec-1] org.hibernate.SQL                        : 
    insert 
    into
        ticket_assistenza
        (accepted_at, closed_at, created_at, descrizione, motivo_rifiuto, nutrizionista_id, oggetto, stato, updated_at, version) 
    values
        (?, ?, ?, ?, ?, ?, ?, ?, ?, ?)
Hibernate: 
    insert 
    into
        ticket_assistenza
        (accepted_at, closed_at, created_at, descrizione, motivo_rifiuto, nutrizionista_id, oggetto, stato, updated_at, version) 
    values
        (?, ?, ?, ?, ?, ?, ?, ?, ?, ?)
2026-07-13T18:59:17.453+02:00  INFO 81128 --- [ProgettoNutrizionista] [nio-8080-exec-1] AUDIT.assistenza                         : transizione assistenza utenteId=30002 ticketId=2 NUOVO->IN_ATTESA
2026-07-13T18:59:17.457+02:00 DEBUG 81128 --- [ProgettoNutrizionista] [nio-8080-exec-1] org.hibernate.SQL                        : 
    select
        count(ma1_0.id) 
    from
        messaggi_assistenza ma1_0 
    join
        ticket_assistenza t1_0 
            on t1_0.id=ma1_0.ticket_id 
    join
        utenti m1_0 
            on m1_0.id=ma1_0.mittente_id 
    where
        t1_0.id=? 
        and not(ma1_0.letto) 
        and m1_0.id<>?
Hibernate: 
    select
        count(ma1_0.id) 
    from
        messaggi_assistenza ma1_0 
    join
        ticket_assistenza t1_0 
            on t1_0.id=ma1_0.ticket_id 
    join
        utenti m1_0 
            on m1_0.id=ma1_0.mittente_id 
    where
        t1_0.id=? 
        and not(ma1_0.letto) 
        and m1_0.id<>?
2026-07-13T18:59:17.651+02:00 DEBUG 81128 --- [ProgettoNutrizionista] [nio-8080-exec-1] o.s.w.s.m.m.a.HttpEntityMethodProcessor  : Using 'application/json', given [application/json, text/plain, */*] and supported [application/json, application/*+json, application/yaml]
2026-07-13T18:59:17.652+02:00 DEBUG 81128 --- [ProgettoNutrizionista] [nio-8080-exec-1] o.s.w.s.m.m.a.HttpEntityMethodProcessor  : Writing [it.nutrizionista.restnutrizionista.dto.TicketAssistenzaDto@2b76bf92]
2026-07-13T18:59:17.654+02:00 DEBUG 81128 --- [ProgettoNutrizionista] [nio-8080-exec-1] o.s.web.servlet.DispatcherServlet        : Completed 201 CREATED
2026-07-13T18:59:59.798+02:00 DEBUG 81128 --- [ProgettoNutrizionista] [nio-8080-exec-7] o.s.web.servlet.DispatcherServlet        : POST "/api/auth/login", parameters={}
2026-07-13T18:59:59.799+02:00 DEBUG 81128 --- [ProgettoNutrizionista] [nio-8080-exec-7] s.w.s.m.m.a.RequestMappingHandlerMapping : Mapped to it.nutrizionista.restnutrizionista.controller.AuthController#login(LoginRequest, HttpServletRequest)
2026-07-13T18:59:59.800+02:00 DEBUG 81128 --- [ProgettoNutrizionista] [nio-8080-exec-7] m.m.a.RequestResponseBodyMethodProcessor : Read "application/json;charset=UTF-8" to [it.nutrizionista.restnutrizionista.dto.LoginRequest@3adcd581]
2026-07-13T18:59:59.802+02:00 DEBUG 81128 --- [ProgettoNutrizionista] [nio-8080-exec-7] org.hibernate.SQL                        : 
    select
        u1_0.id,
        u1_0.codice_fiscale,
        u1_0.cognome,
        u1_0.created_at,
        u1_0.data_nascita,
        u1_0.email,
        u1_0.logo,
        u1_0.indirizzo,
        u1_0.last_login_at,
        u1_0.metodo_registrazione,
        u1_0.nome,
        u1_0.password,
        u1_0.pdf_tema_colore,
        r1_0.id,
        r1_0.alias,
        r1_0.created_at,
        r1_0.nome,
        rp1_0.ruolo_id,
        rp1_0.id,
        rp1_0.created_at,
        rp1_0.permesso_id,
        p1_0.id,
        p1_0.alias,
        p1_0.created_at,
        g1_0.id,
        g1_0.alias,
        g1_0.created_at,
        g1_0.nome,
        g1_0.updated_at,
        p1_0.nome,
        p1_0.updated_at,
        rp1_0.updated_at,
        r1_0.updated_at,
        u1_0.telefono,
        u1_0.updated_at 
    from
        utenti u1_0 
    left join
        ruoli r1_0 
            on r1_0.id=u1_0.ruolo_id 
    left join
        ruoli_permessi rp1_0 
            on r1_0.id=rp1_0.ruolo_id 
    left join
        permessi p1_0 
            on p1_0.id=rp1_0.permesso_id 
    left join
        gruppi g1_0 
            on g1_0.id=p1_0.gruppo_id 
    where
        u1_0.email=?
Hibernate: 
    select
        u1_0.id,
        u1_0.codice_fiscale,
        u1_0.cognome,
        u1_0.created_at,
        u1_0.data_nascita,
        u1_0.email,
        u1_0.logo,
        u1_0.indirizzo,
        u1_0.last_login_at,
        u1_0.metodo_registrazione,
        u1_0.nome,
        u1_0.password,
        u1_0.pdf_tema_colore,
        r1_0.id,
        r1_0.alias,
        r1_0.created_at,
        r1_0.nome,
        rp1_0.ruolo_id,
        rp1_0.id,
        rp1_0.created_at,
        rp1_0.permesso_id,
        p1_0.id,
        p1_0.alias,
        p1_0.created_at,
        g1_0.id,
        g1_0.alias,
        g1_0.created_at,
        g1_0.nome,
        g1_0.updated_at,
        p1_0.nome,
        p1_0.updated_at,
        rp1_0.updated_at,
        r1_0.updated_at,
        u1_0.telefono,
        u1_0.updated_at 
    from
        utenti u1_0 
    left join
        ruoli r1_0 
            on r1_0.id=u1_0.ruolo_id 
    left join
        ruoli_permessi rp1_0 
            on r1_0.id=rp1_0.ruolo_id 
    left join
        permessi p1_0 
            on p1_0.id=rp1_0.permesso_id 
    left join
        gruppi g1_0 
            on g1_0.id=p1_0.gruppo_id 
    where
        u1_0.email=?
2026-07-13T19:00:00.555+02:00 DEBUG 81128 --- [ProgettoNutrizionista] [nio-8080-exec-7] org.hibernate.SQL                        : 
    update
        utenti 
    set
        codice_fiscale=?,
        cognome=?,
        data_nascita=?,
        email=?,
        logo=?,
        indirizzo=?,
        last_login_at=?,
        metodo_registrazione=?,
        nome=?,
        password=?,
        pdf_tema_colore=?,
        ruolo_id=?,
        telefono=?,
        updated_at=? 
    where
        id=?
Hibernate: 
    update
        utenti 
    set
        codice_fiscale=?,
        cognome=?,
        data_nascita=?,
        email=?,
        logo=?,
        indirizzo=?,
        last_login_at=?,
        metodo_registrazione=?,
        nome=?,
        password=?,
        pdf_tema_colore=?,
        ruolo_id=?,
        telefono=?,
        updated_at=? 
    where
        id=?
2026-07-13T19:00:00.779+02:00 DEBUG 81128 --- [ProgettoNutrizionista] [nio-8080-exec-7] org.hibernate.SQL                        : 
    select
        eg1_0.id 
    from
        eventi_gamification eg1_0 
    left join
        utenti n1_0 
            on n1_0.id=eg1_0.utente_id 
    where
        n1_0.id=? 
        and eg1_0.tipo_evento=? 
        and eg1_0.created_at>=? 
    limit
        ?
Hibernate: 
    select
        eg1_0.id 
    from
        eventi_gamification eg1_0 
    left join
        utenti n1_0 
            on n1_0.id=eg1_0.utente_id 
    where
        n1_0.id=? 
        and eg1_0.tipo_evento=? 
        and eg1_0.created_at>=? 
    limit
        ?
2026-07-13T19:00:00.931+02:00 DEBUG 81128 --- [ProgettoNutrizionista] [nio-8080-exec-7] o.s.w.s.m.m.a.HttpEntityMethodProcessor  : Using 'application/json', given [application/json, text/plain, */*] and supported [application/json, application/*+json, application/yaml]
2026-07-13T19:00:00.933+02:00 DEBUG 81128 --- [ProgettoNutrizionista] [nio-8080-exec-7] o.s.w.s.m.m.a.HttpEntityMethodProcessor  : Writing [it.nutrizionista.restnutrizionista.dto.LoginResponse@5457a58f]
2026-07-13T19:00:00.936+02:00 DEBUG 81128 --- [ProgettoNutrizionista] [nio-8080-exec-7] o.s.web.servlet.DispatcherServlet        : Completed 200 OK
2026-07-13T19:00:01.157+02:00 DEBUG 81128 --- [ProgettoNutrizionista] [nio-8080-exec-2] o.s.web.servlet.DispatcherServlet        : GET "/api/admin/nutrizionisti/stats", parameters={}
2026-07-13T19:00:01.157+02:00 DEBUG 81128 --- [ProgettoNutrizionista] [nio-8080-exec-4] o.s.web.servlet.DispatcherServlet        : GET "/api/admin/nutrizionisti", parameters={}
2026-07-13T19:00:01.157+02:00 DEBUG 81128 --- [ProgettoNutrizionista] [nio-8080-exec-2] s.w.s.m.m.a.RequestMappingHandlerMapping : Mapped to it.nutrizionista.restnutrizionista.controller.AdminController#stats(Authentication)
2026-07-13T19:00:01.158+02:00 DEBUG 81128 --- [ProgettoNutrizionista] [nio-8080-exec-4] s.w.s.m.m.a.RequestMappingHandlerMapping : Mapped to it.nutrizionista.restnutrizionista.controller.AdminController#nutrizionisti(Authentication)
2026-07-13T19:00:01.161+02:00  INFO 81128 --- [ProgettoNutrizionista] [nio-8080-exec-2] AUDIT.admin                              : Accesso admin stats da superadmin@statera.app
2026-07-13T19:00:01.161+02:00  INFO 81128 --- [ProgettoNutrizionista] [nio-8080-exec-4] AUDIT.admin                              : Accesso admin lista nutrizionisti da superadmin@statera.app
2026-07-13T19:00:01.179+02:00 DEBUG 81128 --- [ProgettoNutrizionista] [nio-8080-exec-1] o.s.web.servlet.DispatcherServlet        : GET "/api/admin/assistenza/tickets?stato=IN_ATTESA&page=0&size=50", parameters={masked}
2026-07-13T19:00:01.180+02:00 DEBUG 81128 --- [ProgettoNutrizionista] [nio-8080-exec-7] o.s.web.servlet.DispatcherServlet        : GET "/api/admin/assistenza/tickets?stato=ACCETTATO&page=0&size=50", parameters={masked}
2026-07-13T19:00:01.183+02:00 DEBUG 81128 --- [ProgettoNutrizionista] [nio-8080-exec-7] s.w.s.m.m.a.RequestMappingHandlerMapping : Mapped to it.nutrizionista.restnutrizionista.controller.AdminAssistenzaController#lista(StatoTicket, int, int)
2026-07-13T19:00:01.183+02:00 DEBUG 81128 --- [ProgettoNutrizionista] [nio-8080-exec-6] o.s.web.servlet.DispatcherServlet        : GET "/api/admin/assistenza/tickets/conteggi", parameters={}
2026-07-13T19:00:01.184+02:00 DEBUG 81128 --- [ProgettoNutrizionista] [nio-8080-exec-6] s.w.s.m.m.a.RequestMappingHandlerMapping : Mapped to it.nutrizionista.restnutrizionista.controller.AdminAssistenzaController#conteggi()
2026-07-13T19:00:01.186+02:00 DEBUG 81128 --- [ProgettoNutrizionista] [nio-8080-exec-1] s.w.s.m.m.a.RequestMappingHandlerMapping : Mapped to it.nutrizionista.restnutrizionista.controller.AdminAssistenzaController#lista(StatoTicket, int, int)
2026-07-13T19:00:01.286+02:00 DEBUG 81128 --- [ProgettoNutrizionista] [nio-8080-exec-7] org.hibernate.SQL                        : 
    select
        u1_0.id,
        u1_0.codice_fiscale,
        u1_0.cognome,
        u1_0.created_at,
        u1_0.data_nascita,
        u1_0.email,
        u1_0.logo,
        u1_0.indirizzo,
        u1_0.last_login_at,
        u1_0.metodo_registrazione,
        u1_0.nome,
        u1_0.password,
        u1_0.pdf_tema_colore,
        r1_0.id,
        r1_0.alias,
        r1_0.created_at,
        r1_0.nome,
        rp1_0.ruolo_id,
        rp1_0.id,
        rp1_0.created_at,
        rp1_0.permesso_id,
        p1_0.id,
        p1_0.alias,
        p1_0.created_at,
        g1_0.id,
        g1_0.alias,
        g1_0.created_at,
        g1_0.nome,
        g1_0.updated_at,
        p1_0.nome,
        p1_0.updated_at,
        rp1_0.updated_at,
        r1_0.updated_at,
        u1_0.telefono,
        u1_0.updated_at 
    from
        utenti u1_0 
    left join
        ruoli r1_0 
            on r1_0.id=u1_0.ruolo_id 
    left join
        ruoli_permessi rp1_0 
            on r1_0.id=rp1_0.ruolo_id 
    left join
        permessi p1_0 
            on p1_0.id=rp1_0.permesso_id 
    left join
        gruppi g1_0 
            on g1_0.id=p1_0.gruppo_id 
    where
        u1_0.email=?
Hibernate: 
    select
        u1_0.id,
        u1_0.codice_fiscale,
        u1_0.cognome,
        u1_0.created_at,
        u1_0.data_nascita,
        u1_0.email,
        u1_0.logo,
        u1_0.indirizzo,
        u1_0.last_login_at,
        u1_0.metodo_registrazione,
        u1_0.nome,
        u1_0.password,
        u1_0.pdf_tema_colore,
        r1_0.id,
        r1_0.alias,
        r1_0.created_at,
        r1_0.nome,
        rp1_0.ruolo_id,
        rp1_0.id,
        rp1_0.created_at,
        rp1_0.permesso_id,
        p1_0.id,
        p1_0.alias,
        p1_0.created_at,
        g1_0.id,
        g1_0.alias,
        g1_0.created_at,
        g1_0.nome,
        g1_0.updated_at,
        p1_0.nome,
        p1_0.updated_at,
        rp1_0.updated_at,
        r1_0.updated_at,
        u1_0.telefono,
        u1_0.updated_at 
    from
        utenti u1_0 
    left join
        ruoli r1_0 
            on r1_0.id=u1_0.ruolo_id 
    left join
        ruoli_permessi rp1_0 
            on r1_0.id=rp1_0.ruolo_id 
    left join
        permessi p1_0 
            on p1_0.id=rp1_0.permesso_id 
    left join
        gruppi g1_0 
            on g1_0.id=p1_0.gruppo_id 
    where
        u1_0.email=?
2026-07-13T19:00:01.313+02:00 DEBUG 81128 --- [ProgettoNutrizionista] [nio-8080-exec-2] org.hibernate.SQL                        : 
    select
        count(u1_0.id) 
    from
        utenti u1_0 
    left join
        ruoli r1_0 
            on r1_0.id=u1_0.ruolo_id 
    where
        r1_0.alias=?
Hibernate: 
    select
        count(u1_0.id) 
    from
        utenti u1_0 
    left join
        ruoli r1_0 
            on r1_0.id=u1_0.ruolo_id 
    where
        r1_0.alias=?
2026-07-13T19:00:01.314+02:00 DEBUG 81128 --- [ProgettoNutrizionista] [nio-8080-exec-4] org.hibernate.SQL                        : 
    select
        u1_0.id,
        u1_0.codice_fiscale,
        u1_0.cognome,
        u1_0.created_at,
        u1_0.data_nascita,
        u1_0.email,
        u1_0.logo,
        u1_0.indirizzo,
        u1_0.last_login_at,
        u1_0.metodo_registrazione,
        u1_0.nome,
        u1_0.password,
        u1_0.pdf_tema_colore,
        u1_0.ruolo_id,
        u1_0.telefono,
        u1_0.updated_at 
    from
        utenti u1_0 
    left join
        ruoli r1_0 
            on r1_0.id=u1_0.ruolo_id 
    where
        r1_0.alias=? 
    order by
        u1_0.cognome,
        u1_0.nome
Hibernate: 
    select
        u1_0.id,
        u1_0.codice_fiscale,
        u1_0.cognome,
        u1_0.created_at,
        u1_0.data_nascita,
        u1_0.email,
        u1_0.logo,
        u1_0.indirizzo,
        u1_0.last_login_at,
        u1_0.metodo_registrazione,
        u1_0.nome,
        u1_0.password,
        u1_0.pdf_tema_colore,
        u1_0.ruolo_id,
        u1_0.telefono,
        u1_0.updated_at 
    from
        utenti u1_0 
    left join
        ruoli r1_0 
            on r1_0.id=u1_0.ruolo_id 
    where
        r1_0.alias=? 
    order by
        u1_0.cognome,
        u1_0.nome
2026-07-13T19:00:01.332+02:00 DEBUG 81128 --- [ProgettoNutrizionista] [nio-8080-exec-6] org.hibernate.SQL                        : 
    select
        count(ta1_0.id) 
    from
        ticket_assistenza ta1_0 
    where
        ta1_0.stato=?
Hibernate: 
    select
        count(ta1_0.id) 
    from
        ticket_assistenza ta1_0 
    where
        ta1_0.stato=?
2026-07-13T19:00:01.334+02:00 DEBUG 81128 --- [ProgettoNutrizionista] [nio-8080-exec-1] org.hibernate.SQL                        : 
    select
        u1_0.id,
        u1_0.codice_fiscale,
        u1_0.cognome,
        u1_0.created_at,
        u1_0.data_nascita,
        u1_0.email,
        u1_0.logo,
        u1_0.indirizzo,
        u1_0.last_login_at,
        u1_0.metodo_registrazione,
        u1_0.nome,
        u1_0.password,
        u1_0.pdf_tema_colore,
        r1_0.id,
        r1_0.alias,
        r1_0.created_at,
        r1_0.nome,
        rp1_0.ruolo_id,
        rp1_0.id,
        rp1_0.created_at,
        rp1_0.permesso_id,
        p1_0.id,
        p1_0.alias,
        p1_0.created_at,
        g1_0.id,
        g1_0.alias,
        g1_0.created_at,
        g1_0.nome,
        g1_0.updated_at,
        p1_0.nome,
        p1_0.updated_at,
        rp1_0.updated_at,
        r1_0.updated_at,
        u1_0.telefono,
        u1_0.updated_at 
    from
        utenti u1_0 
    left join
        ruoli r1_0 
            on r1_0.id=u1_0.ruolo_id 
    left join
        ruoli_permessi rp1_0 
            on r1_0.id=rp1_0.ruolo_id 
    left join
        permessi p1_0 
            on p1_0.id=rp1_0.permesso_id 
    left join
        gruppi g1_0 
            on g1_0.id=p1_0.gruppo_id 
    where
        u1_0.email=?
Hibernate: 
    select
        u1_0.id,
        u1_0.codice_fiscale,
        u1_0.cognome,
        u1_0.created_at,
        u1_0.data_nascita,
        u1_0.email,
        u1_0.logo,
        u1_0.indirizzo,
        u1_0.last_login_at,
        u1_0.metodo_registrazione,
        u1_0.nome,
        u1_0.password,
        u1_0.pdf_tema_colore,
        r1_0.id,
        r1_0.alias,
        r1_0.created_at,
        r1_0.nome,
        rp1_0.ruolo_id,
        rp1_0.id,
        rp1_0.created_at,
        rp1_0.permesso_id,
        p1_0.id,
        p1_0.alias,
        p1_0.created_at,
        g1_0.id,
        g1_0.alias,
        g1_0.created_at,
        g1_0.nome,
        g1_0.updated_at,
        p1_0.nome,
        p1_0.updated_at,
        rp1_0.updated_at,
        r1_0.updated_at,
        u1_0.telefono,
        u1_0.updated_at 
    from
        utenti u1_0 
    left join
        ruoli r1_0 
            on r1_0.id=u1_0.ruolo_id 
    left join
        ruoli_permessi rp1_0 
            on r1_0.id=rp1_0.ruolo_id 
    left join
        permessi p1_0 
            on p1_0.id=rp1_0.permesso_id 
    left join
        gruppi g1_0 
            on g1_0.id=p1_0.gruppo_id 
    where
        u1_0.email=?
2026-07-13T19:00:01.363+02:00 DEBUG 81128 --- [ProgettoNutrizionista] [nio-8080-exec-7] org.hibernate.SQL                        : 
    select
        ta1_0.id,
        ta1_0.accepted_at,
        ta1_0.closed_at,
        ta1_0.created_at,
        ta1_0.descrizione,
        ta1_0.motivo_rifiuto,
        ta1_0.nutrizionista_id,
        ta1_0.oggetto,
        ta1_0.stato,
        ta1_0.updated_at,
        ta1_0.version 
    from
        ticket_assistenza ta1_0 
    where
        ta1_0.stato=? 
    order by
        ta1_0.created_at,
        ta1_0.created_at 
    limit
        ?
Hibernate: 
    select
        ta1_0.id,
        ta1_0.accepted_at,
        ta1_0.closed_at,
        ta1_0.created_at,
        ta1_0.descrizione,
        ta1_0.motivo_rifiuto,
        ta1_0.nutrizionista_id,
        ta1_0.oggetto,
        ta1_0.stato,
        ta1_0.updated_at,
        ta1_0.version 
    from
        ticket_assistenza ta1_0 
    where
        ta1_0.stato=? 
    order by
        ta1_0.created_at,
        ta1_0.created_at 
    limit
        ?
2026-07-13T19:00:01.395+02:00 DEBUG 81128 --- [ProgettoNutrizionista] [nio-8080-exec-4] org.hibernate.SQL                        : 
    select
        r1_0.id,
        r1_0.alias,
        r1_0.created_at,
        r1_0.nome,
        r1_0.updated_at 
    from
        ruoli r1_0 
    where
        r1_0.id=?
Hibernate: 
    select
        r1_0.id,
        r1_0.alias,
        r1_0.created_at,
        r1_0.nome,
        r1_0.updated_at 
    from
        ruoli r1_0 
    where
        r1_0.id=?
2026-07-13T19:00:01.398+02:00 DEBUG 81128 --- [ProgettoNutrizionista] [nio-8080-exec-2] org.hibernate.SQL                        : 
    select
        count(u1_0.id) 
    from
        utenti u1_0 
    left join
        ruoli r1_0 
            on r1_0.id=u1_0.ruolo_id 
    where
        r1_0.alias=? 
        and u1_0.last_login_at>?
Hibernate: 
    select
        count(u1_0.id) 
    from
        utenti u1_0 
    left join
        ruoli r1_0 
            on r1_0.id=u1_0.ruolo_id 
    where
        r1_0.alias=? 
        and u1_0.last_login_at>?
2026-07-13T19:00:01.409+02:00 DEBUG 81128 --- [ProgettoNutrizionista] [nio-8080-exec-6] org.hibernate.SQL                        : 
    select
        count(ta1_0.id) 
    from
        ticket_assistenza ta1_0 
    where
        ta1_0.stato=?
Hibernate: 
    select
        count(ta1_0.id) 
    from
        ticket_assistenza ta1_0 
    where
        ta1_0.stato=?
2026-07-13T19:00:01.423+02:00 DEBUG 81128 --- [ProgettoNutrizionista] [nio-8080-exec-1] org.hibernate.SQL                        : 
    select
        ta1_0.id,
        ta1_0.accepted_at,
        ta1_0.closed_at,
        ta1_0.created_at,
        ta1_0.descrizione,
        ta1_0.motivo_rifiuto,
        ta1_0.nutrizionista_id,
        ta1_0.oggetto,
        ta1_0.stato,
        ta1_0.updated_at,
        ta1_0.version 
    from
        ticket_assistenza ta1_0 
    where
        ta1_0.stato=? 
    order by
        ta1_0.created_at,
        ta1_0.created_at 
    limit
        ?
Hibernate: 
    select
        ta1_0.id,
        ta1_0.accepted_at,
        ta1_0.closed_at,
        ta1_0.created_at,
        ta1_0.descrizione,
        ta1_0.motivo_rifiuto,
        ta1_0.nutrizionista_id,
        ta1_0.oggetto,
        ta1_0.stato,
        ta1_0.updated_at,
        ta1_0.version 
    from
        ticket_assistenza ta1_0 
    where
        ta1_0.stato=? 
    order by
        ta1_0.created_at,
        ta1_0.created_at 
    limit
        ?
2026-07-13T19:00:01.503+02:00 DEBUG 81128 --- [ProgettoNutrizionista] [nio-8080-exec-1] org.hibernate.SQL                        : 
    select
        count(ma1_0.id) 
    from
        messaggi_assistenza ma1_0 
    join
        ticket_assistenza t1_0 
            on t1_0.id=ma1_0.ticket_id 
    join
        utenti m1_0 
            on m1_0.id=ma1_0.mittente_id 
    where
        t1_0.id=? 
        and not(ma1_0.letto) 
        and m1_0.id<>?
Hibernate: 
    select
        count(ma1_0.id) 
    from
        messaggi_assistenza ma1_0 
    join
        ticket_assistenza t1_0 
            on t1_0.id=ma1_0.ticket_id 
    join
        utenti m1_0 
            on m1_0.id=ma1_0.mittente_id 
    where
        t1_0.id=? 
        and not(ma1_0.letto) 
        and m1_0.id<>?
2026-07-13T19:00:01.564+02:00 DEBUG 81128 --- [ProgettoNutrizionista] [nio-8080-exec-1] org.hibernate.SQL                        : 
    select
        u1_0.id,
        u1_0.codice_fiscale,
        u1_0.cognome,
        u1_0.created_at,
        u1_0.data_nascita,
        u1_0.email,
        u1_0.logo,
        u1_0.indirizzo,
        u1_0.last_login_at,
        u1_0.metodo_registrazione,
        u1_0.nome,
        u1_0.password,
        u1_0.pdf_tema_colore,
        r1_0.id,
        r1_0.alias,
        r1_0.created_at,
        r1_0.nome,
        r1_0.updated_at,
        u1_0.telefono,
        u1_0.updated_at 
    from
        utenti u1_0 
    left join
        ruoli r1_0 
            on r1_0.id=u1_0.ruolo_id 
    where
        u1_0.id=?
Hibernate: 
    select
        u1_0.id,
        u1_0.codice_fiscale,
        u1_0.cognome,
        u1_0.created_at,
        u1_0.data_nascita,
        u1_0.email,
        u1_0.logo,
        u1_0.indirizzo,
        u1_0.last_login_at,
        u1_0.metodo_registrazione,
        u1_0.nome,
        u1_0.password,
        u1_0.pdf_tema_colore,
        r1_0.id,
        r1_0.alias,
        r1_0.created_at,
        r1_0.nome,
        r1_0.updated_at,
        u1_0.telefono,
        u1_0.updated_at 
    from
        utenti u1_0 
    left join
        ruoli r1_0 
            on r1_0.id=u1_0.ruolo_id 
    where
        u1_0.id=?
2026-07-13T19:00:01.568+02:00 DEBUG 81128 --- [ProgettoNutrizionista] [nio-8080-exec-7] m.m.a.RequestResponseBodyMethodProcessor : Using 'application/json', given [application/json, text/plain, */*] and supported [application/json, application/*+json, application/yaml]
2026-07-13T19:00:01.568+02:00 DEBUG 81128 --- [ProgettoNutrizionista] [nio-8080-exec-7] m.m.a.RequestResponseBodyMethodProcessor : Writing [it.nutrizionista.restnutrizionista.dto.PageResponse@325da34c]
2026-07-13T19:00:01.570+02:00 DEBUG 81128 --- [ProgettoNutrizionista] [nio-8080-exec-7] o.s.web.servlet.DispatcherServlet        : Completed 200 OK
2026-07-13T19:00:01.589+02:00 DEBUG 81128 --- [ProgettoNutrizionista] [nio-8080-exec-4] o.s.w.s.m.m.a.HttpEntityMethodProcessor  : Using 'application/json', given [application/json, text/plain, */*] and supported [application/json, application/*+json, application/yaml]
2026-07-13T19:00:01.589+02:00 DEBUG 81128 --- [ProgettoNutrizionista] [nio-8080-exec-4] o.s.w.s.m.m.a.HttpEntityMethodProcessor  : Writing [[it.nutrizionista.restnutrizionista.dto.AdminNutrizionistaDto@5608e7f2, it.nutrizionista.restnutrizi (truncated)...]
2026-07-13T19:00:01.592+02:00 DEBUG 81128 --- [ProgettoNutrizionista] [nio-8080-exec-4] o.s.web.servlet.DispatcherServlet        : Completed 200 OK
2026-07-13T19:00:01.613+02:00 DEBUG 81128 --- [ProgettoNutrizionista] [nio-8080-exec-2] o.s.w.s.m.m.a.HttpEntityMethodProcessor  : Using 'application/json', given [application/json, text/plain, */*] and supported [application/json, application/*+json, application/yaml]
2026-07-13T19:00:01.613+02:00 DEBUG 81128 --- [ProgettoNutrizionista] [nio-8080-exec-6] m.m.a.RequestResponseBodyMethodProcessor : Using 'application/json', given [application/json, text/plain, */*] and supported [application/json, application/*+json, application/yaml]
2026-07-13T19:00:01.614+02:00 DEBUG 81128 --- [ProgettoNutrizionista] [nio-8080-exec-6] m.m.a.RequestResponseBodyMethodProcessor : Writing [it.nutrizionista.restnutrizionista.dto.ConteggiAssistenzaDto@2fe3f6bd]
2026-07-13T19:00:01.614+02:00 DEBUG 81128 --- [ProgettoNutrizionista] [nio-8080-exec-2] o.s.w.s.m.m.a.HttpEntityMethodProcessor  : Writing [it.nutrizionista.restnutrizionista.dto.AdminStatsDto@41544b25]
2026-07-13T19:00:01.615+02:00 DEBUG 81128 --- [ProgettoNutrizionista] [nio-8080-exec-6] o.s.web.servlet.DispatcherServlet        : Completed 200 OK
2026-07-13T19:00:01.616+02:00 DEBUG 81128 --- [ProgettoNutrizionista] [nio-8080-exec-2] o.s.web.servlet.DispatcherServlet        : Completed 200 OK
2026-07-13T19:00:01.627+02:00 DEBUG 81128 --- [ProgettoNutrizionista] [nio-8080-exec-1] org.hibernate.SQL                        : 
    select
        count(ma1_0.id) 
    from
        messaggi_assistenza ma1_0 
    join
        ticket_assistenza t1_0 
            on t1_0.id=ma1_0.ticket_id 
    join
        utenti m1_0 
            on m1_0.id=ma1_0.mittente_id 
    where
        t1_0.id=? 
        and not(ma1_0.letto) 
        and m1_0.id<>?
Hibernate: 
    select
        count(ma1_0.id) 
    from
        messaggi_assistenza ma1_0 
    join
        ticket_assistenza t1_0 
            on t1_0.id=ma1_0.ticket_id 
    join
        utenti m1_0 
            on m1_0.id=ma1_0.mittente_id 
    where
        t1_0.id=? 
        and not(ma1_0.letto) 
        and m1_0.id<>?
2026-07-13T19:00:01.686+02:00 DEBUG 81128 --- [ProgettoNutrizionista] [nio-8080-exec-1] org.hibernate.SQL                        : 
    select
        u1_0.id,
        u1_0.codice_fiscale,
        u1_0.cognome,
        u1_0.created_at,
        u1_0.data_nascita,
        u1_0.email,
        u1_0.logo,
        u1_0.indirizzo,
        u1_0.last_login_at,
        u1_0.metodo_registrazione,
        u1_0.nome,
        u1_0.password,
        u1_0.pdf_tema_colore,
        r1_0.id,
        r1_0.alias,
        r1_0.created_at,
        r1_0.nome,
        r1_0.updated_at,
        u1_0.telefono,
        u1_0.updated_at 
    from
        utenti u1_0 
    left join
        ruoli r1_0 
            on r1_0.id=u1_0.ruolo_id 
    where
        u1_0.id=?
Hibernate: 
    select
        u1_0.id,
        u1_0.codice_fiscale,
        u1_0.cognome,
        u1_0.created_at,
        u1_0.data_nascita,
        u1_0.email,
        u1_0.logo,
        u1_0.indirizzo,
        u1_0.last_login_at,
        u1_0.metodo_registrazione,
        u1_0.nome,
        u1_0.password,
        u1_0.pdf_tema_colore,
        r1_0.id,
        r1_0.alias,
        r1_0.created_at,
        r1_0.nome,
        r1_0.updated_at,
        u1_0.telefono,
        u1_0.updated_at 
    from
        utenti u1_0 
    left join
        ruoli r1_0 
            on r1_0.id=u1_0.ruolo_id 
    where
        u1_0.id=?
2026-07-13T19:00:01.887+02:00 DEBUG 81128 --- [ProgettoNutrizionista] [nio-8080-exec-1] m.m.a.RequestResponseBodyMethodProcessor : Using 'application/json', given [application/json, text/plain, */*] and supported [application/json, application/*+json, application/yaml]
2026-07-13T19:00:01.888+02:00 DEBUG 81128 --- [ProgettoNutrizionista] [nio-8080-exec-1] m.m.a.RequestResponseBodyMethodProcessor : Writing [it.nutrizionista.restnutrizionista.dto.PageResponse@24ff38a7]
2026-07-13T19:00:01.896+02:00 DEBUG 81128 --- [ProgettoNutrizionista] [nio-8080-exec-1] o.s.web.servlet.DispatcherServlet        : Completed 200 OK
2026-07-13T19:00:15.528+02:00 DEBUG 81128 --- [ProgettoNutrizionista] [nio-8080-exec-8] o.s.web.servlet.DispatcherServlet        : GET "/api/admin/nutrizionisti", parameters={}
2026-07-13T19:00:15.529+02:00 DEBUG 81128 --- [ProgettoNutrizionista] [nio-8080-exec-5] o.s.web.servlet.DispatcherServlet        : GET "/api/admin/nutrizionisti/stats", parameters={}
2026-07-13T19:00:15.530+02:00 DEBUG 81128 --- [ProgettoNutrizionista] [nio-8080-exec-8] s.w.s.m.m.a.RequestMappingHandlerMapping : Mapped to it.nutrizionista.restnutrizionista.controller.AdminController#nutrizionisti(Authentication)
2026-07-13T19:00:15.530+02:00 DEBUG 81128 --- [ProgettoNutrizionista] [nio-8080-exec-5] s.w.s.m.m.a.RequestMappingHandlerMapping : Mapped to it.nutrizionista.restnutrizionista.controller.AdminController#stats(Authentication)
2026-07-13T19:00:15.531+02:00  INFO 81128 --- [ProgettoNutrizionista] [nio-8080-exec-8] AUDIT.admin                              : Accesso admin lista nutrizionisti da superadmin@statera.app
2026-07-13T19:00:15.531+02:00  INFO 81128 --- [ProgettoNutrizionista] [nio-8080-exec-5] AUDIT.admin                              : Accesso admin stats da superadmin@statera.app
2026-07-13T19:00:15.684+02:00 DEBUG 81128 --- [ProgettoNutrizionista] [nio-8080-exec-8] org.hibernate.SQL                        : 
    select
        u1_0.id,
        u1_0.codice_fiscale,
        u1_0.cognome,
        u1_0.created_at,
        u1_0.data_nascita,
        u1_0.email,
        u1_0.logo,
        u1_0.indirizzo,
        u1_0.last_login_at,
        u1_0.metodo_registrazione,
        u1_0.nome,
        u1_0.password,
        u1_0.pdf_tema_colore,
        u1_0.ruolo_id,
        u1_0.telefono,
        u1_0.updated_at 
    from
        utenti u1_0 
    left join
        ruoli r1_0 
            on r1_0.id=u1_0.ruolo_id 
    where
        r1_0.alias=? 
    order by
        u1_0.cognome,
        u1_0.nome
2026-07-13T19:00:15.685+02:00 DEBUG 81128 --- [ProgettoNutrizionista] [nio-8080-exec-5] org.hibernate.SQL                        : 
    select
        count(u1_0.id) 
    from
        utenti u1_0 
    left join
        ruoli r1_0 
            on r1_0.id=u1_0.ruolo_id 
    where
        r1_0.alias=?
Hibernate: 
    select
        u1_0.id,
        u1_0.codice_fiscale,
        u1_0.cognome,
        u1_0.created_at,
        u1_0.data_nascita,
        u1_0.email,
        u1_0.logo,
        u1_0.indirizzo,
        u1_0.last_login_at,
        u1_0.metodo_registrazione,
        u1_0.nome,
        u1_0.password,
        u1_0.pdf_tema_colore,
        u1_0.ruolo_id,
        u1_0.telefono,
        u1_0.updated_at 
    from
        utenti u1_0 
    left join
        ruoli r1_0 
            on r1_0.id=u1_0.ruolo_id 
    where
        r1_0.alias=? 
    order by
        u1_0.cognome,
        u1_0.nome
Hibernate: 
    select
        count(u1_0.id) 
    from
        utenti u1_0 
    left join
        ruoli r1_0 
            on r1_0.id=u1_0.ruolo_id 
    where
        r1_0.alias=?
2026-07-13T19:00:15.757+02:00 DEBUG 81128 --- [ProgettoNutrizionista] [nio-8080-exec-5] org.hibernate.SQL                        : 
    select
        count(u1_0.id) 
    from
        utenti u1_0 
    left join
        ruoli r1_0 
            on r1_0.id=u1_0.ruolo_id 
    where
        r1_0.alias=? 
        and u1_0.last_login_at>?
2026-07-13T19:00:15.759+02:00 DEBUG 81128 --- [ProgettoNutrizionista] [nio-8080-exec-8] org.hibernate.SQL                        : 
    select
        r1_0.id,
        r1_0.alias,
        r1_0.created_at,
        r1_0.nome,
        r1_0.updated_at 
    from
        ruoli r1_0 
    where
        r1_0.id=?
Hibernate: 
    select
        r1_0.id,
        r1_0.alias,
        r1_0.created_at,
        r1_0.nome,
        r1_0.updated_at 
    from
        ruoli r1_0 
    where
        r1_0.id=?
Hibernate: 
    select
        count(u1_0.id) 
    from
        utenti u1_0 
    left join
        ruoli r1_0 
            on r1_0.id=u1_0.ruolo_id 
    where
        r1_0.alias=? 
        and u1_0.last_login_at>?
2026-07-13T19:00:15.952+02:00 DEBUG 81128 --- [ProgettoNutrizionista] [nio-8080-exec-8] o.s.w.s.m.m.a.HttpEntityMethodProcessor  : Using 'application/json', given [application/json, text/plain, */*] and supported [application/json, application/*+json, application/yaml]
2026-07-13T19:00:15.954+02:00 DEBUG 81128 --- [ProgettoNutrizionista] [nio-8080-exec-8] o.s.w.s.m.m.a.HttpEntityMethodProcessor  : Writing [[it.nutrizionista.restnutrizionista.dto.AdminNutrizionistaDto@1f5b297f, it.nutrizionista.restnutrizi (truncated)...]
2026-07-13T19:00:15.956+02:00 DEBUG 81128 --- [ProgettoNutrizionista] [nio-8080-exec-8] o.s.web.servlet.DispatcherServlet        : Completed 200 OK
2026-07-13T19:00:15.957+02:00 DEBUG 81128 --- [ProgettoNutrizionista] [nio-8080-exec-5] o.s.w.s.m.m.a.HttpEntityMethodProcessor  : Using 'application/json', given [application/json, text/plain, */*] and supported [application/json, application/*+json, application/yaml]
2026-07-13T19:00:15.958+02:00 DEBUG 81128 --- [ProgettoNutrizionista] [nio-8080-exec-5] o.s.w.s.m.m.a.HttpEntityMethodProcessor  : Writing [it.nutrizionista.restnutrizionista.dto.AdminStatsDto@1d3d4c7d]
2026-07-13T19:00:15.961+02:00 DEBUG 81128 --- [ProgettoNutrizionista] [nio-8080-exec-5] o.s.web.servlet.DispatcherServlet        : Completed 200 OK
2026-07-13T19:00:16.201+02:00 DEBUG 81128 --- [ProgettoNutrizionista] [io-8080-exec-10] o.s.web.servlet.DispatcherServlet        : GET "/api/admin/assistenza/tickets/conteggi", parameters={}
2026-07-13T19:00:16.203+02:00 DEBUG 81128 --- [ProgettoNutrizionista] [io-8080-exec-10] s.w.s.m.m.a.RequestMappingHandlerMapping : Mapped to it.nutrizionista.restnutrizionista.controller.AdminAssistenzaController#conteggi()
2026-07-13T19:00:16.201+02:00 DEBUG 81128 --- [ProgettoNutrizionista] [nio-8080-exec-1] o.s.web.servlet.DispatcherServlet        : GET "/api/admin/assistenza/tickets?stato=IN_ATTESA&page=0&size=50", parameters={masked}
2026-07-13T19:00:16.201+02:00 DEBUG 81128 --- [ProgettoNutrizionista] [nio-8080-exec-2] o.s.web.servlet.DispatcherServlet        : GET "/api/admin/assistenza/tickets?stato=ACCETTATO&page=0&size=50", parameters={masked}
2026-07-13T19:00:16.206+02:00 DEBUG 81128 --- [ProgettoNutrizionista] [nio-8080-exec-2] s.w.s.m.m.a.RequestMappingHandlerMapping : Mapped to it.nutrizionista.restnutrizionista.controller.AdminAssistenzaController#lista(StatoTicket, int, int)
2026-07-13T19:00:16.205+02:00 DEBUG 81128 --- [ProgettoNutrizionista] [nio-8080-exec-1] s.w.s.m.m.a.RequestMappingHandlerMapping : Mapped to it.nutrizionista.restnutrizionista.controller.AdminAssistenzaController#lista(StatoTicket, int, int)
2026-07-13T19:00:16.301+02:00 DEBUG 81128 --- [ProgettoNutrizionista] [nio-8080-exec-2] org.hibernate.SQL                        : 
    select
        u1_0.id,
        u1_0.codice_fiscale,
        u1_0.cognome,
        u1_0.created_at,
        u1_0.data_nascita,
        u1_0.email,
        u1_0.logo,
        u1_0.indirizzo,
        u1_0.last_login_at,
        u1_0.metodo_registrazione,
        u1_0.nome,
        u1_0.password,
        u1_0.pdf_tema_colore,
        r1_0.id,
        r1_0.alias,
        r1_0.created_at,
        r1_0.nome,
        rp1_0.ruolo_id,
        rp1_0.id,
        rp1_0.created_at,
        rp1_0.permesso_id,
        p1_0.id,
        p1_0.alias,
        p1_0.created_at,
        g1_0.id,
        g1_0.alias,
        g1_0.created_at,
        g1_0.nome,
        g1_0.updated_at,
        p1_0.nome,
        p1_0.updated_at,
        rp1_0.updated_at,
        r1_0.updated_at,
        u1_0.telefono,
        u1_0.updated_at 
    from
        utenti u1_0 
    left join
        ruoli r1_0 
            on r1_0.id=u1_0.ruolo_id 
    left join
        ruoli_permessi rp1_0 
            on r1_0.id=rp1_0.ruolo_id 
    left join
        permessi p1_0 
            on p1_0.id=rp1_0.permesso_id 
    left join
        gruppi g1_0 
            on g1_0.id=p1_0.gruppo_id 
    where
        u1_0.email=?
Hibernate: 
    select
        u1_0.id,
        u1_0.codice_fiscale,
        u1_0.cognome,
        u1_0.created_at,
        u1_0.data_nascita,
        u1_0.email,
        u1_0.logo,
        u1_0.indirizzo,
        u1_0.last_login_at,
        u1_0.metodo_registrazione,
        u1_0.nome,
        u1_0.password,
        u1_0.pdf_tema_colore,
        r1_0.id,
        r1_0.alias,
        r1_0.created_at,
        r1_0.nome,
        rp1_0.ruolo_id,
        rp1_0.id,
        rp1_0.created_at,
        rp1_0.permesso_id,
        p1_0.id,
        p1_0.alias,
        p1_0.created_at,
        g1_0.id,
        g1_0.alias,
        g1_0.created_at,
        g1_0.nome,
        g1_0.updated_at,
        p1_0.nome,
        p1_0.updated_at,
        rp1_0.updated_at,
        r1_0.updated_at,
        u1_0.telefono,
        u1_0.updated_at 
    from
        utenti u1_0 
    left join
        ruoli r1_0 
            on r1_0.id=u1_0.ruolo_id 
    left join
        ruoli_permessi rp1_0 
            on r1_0.id=rp1_0.ruolo_id 
    left join
        permessi p1_0 
            on p1_0.id=rp1_0.permesso_id 
    left join
        gruppi g1_0 
            on g1_0.id=p1_0.gruppo_id 
    where
        u1_0.email=?
2026-07-13T19:00:16.303+02:00 DEBUG 81128 --- [ProgettoNutrizionista] [io-8080-exec-10] org.hibernate.SQL                        : 
    select
        count(ta1_0.id) 
    from
        ticket_assistenza ta1_0 
    where
        ta1_0.stato=?
Hibernate: 
    select
        count(ta1_0.id) 
    from
        ticket_assistenza ta1_0 
    where
        ta1_0.stato=?
2026-07-13T19:00:16.348+02:00 DEBUG 81128 --- [ProgettoNutrizionista] [nio-8080-exec-1] org.hibernate.SQL                        : 
    select
        u1_0.id,
        u1_0.codice_fiscale,
        u1_0.cognome,
        u1_0.created_at,
        u1_0.data_nascita,
        u1_0.email,
        u1_0.logo,
        u1_0.indirizzo,
        u1_0.last_login_at,
        u1_0.metodo_registrazione,
        u1_0.nome,
        u1_0.password,
        u1_0.pdf_tema_colore,
        r1_0.id,
        r1_0.alias,
        r1_0.created_at,
        r1_0.nome,
        rp1_0.ruolo_id,
        rp1_0.id,
        rp1_0.created_at,
        rp1_0.permesso_id,
        p1_0.id,
        p1_0.alias,
        p1_0.created_at,
        g1_0.id,
        g1_0.alias,
        g1_0.created_at,
        g1_0.nome,
        g1_0.updated_at,
        p1_0.nome,
        p1_0.updated_at,
        rp1_0.updated_at,
        r1_0.updated_at,
        u1_0.telefono,
        u1_0.updated_at 
    from
        utenti u1_0 
    left join
        ruoli r1_0 
            on r1_0.id=u1_0.ruolo_id 
    left join
        ruoli_permessi rp1_0 
            on r1_0.id=rp1_0.ruolo_id 
    left join
        permessi p1_0 
            on p1_0.id=rp1_0.permesso_id 
    left join
        gruppi g1_0 
            on g1_0.id=p1_0.gruppo_id 
    where
        u1_0.email=?
Hibernate: 
    select
        u1_0.id,
        u1_0.codice_fiscale,
        u1_0.cognome,
        u1_0.created_at,
        u1_0.data_nascita,
        u1_0.email,
        u1_0.logo,
        u1_0.indirizzo,
        u1_0.last_login_at,
        u1_0.metodo_registrazione,
        u1_0.nome,
        u1_0.password,
        u1_0.pdf_tema_colore,
        r1_0.id,
        r1_0.alias,
        r1_0.created_at,
        r1_0.nome,
        rp1_0.ruolo_id,
        rp1_0.id,
        rp1_0.created_at,
        rp1_0.permesso_id,
        p1_0.id,
        p1_0.alias,
        p1_0.created_at,
        g1_0.id,
        g1_0.alias,
        g1_0.created_at,
        g1_0.nome,
        g1_0.updated_at,
        p1_0.nome,
        p1_0.updated_at,
        rp1_0.updated_at,
        r1_0.updated_at,
        u1_0.telefono,
        u1_0.updated_at 
    from
        utenti u1_0 
    left join
        ruoli r1_0 
            on r1_0.id=u1_0.ruolo_id 
    left join
        ruoli_permessi rp1_0 
            on r1_0.id=rp1_0.ruolo_id 
    left join
        permessi p1_0 
            on p1_0.id=rp1_0.permesso_id 
    left join
        gruppi g1_0 
            on g1_0.id=p1_0.gruppo_id 
    where
        u1_0.email=?
2026-07-13T19:00:16.364+02:00 DEBUG 81128 --- [ProgettoNutrizionista] [io-8080-exec-10] org.hibernate.SQL                        : 
    select
        count(ta1_0.id) 
    from
        ticket_assistenza ta1_0 
    where
        ta1_0.stato=?
Hibernate: 
    select
        count(ta1_0.id) 
    from
        ticket_assistenza ta1_0 
    where
        ta1_0.stato=?
2026-07-13T19:00:16.386+02:00 DEBUG 81128 --- [ProgettoNutrizionista] [nio-8080-exec-2] org.hibernate.SQL                        : 
    select
        ta1_0.id,
        ta1_0.accepted_at,
        ta1_0.closed_at,
        ta1_0.created_at,
        ta1_0.descrizione,
        ta1_0.motivo_rifiuto,
        ta1_0.nutrizionista_id,
        ta1_0.oggetto,
        ta1_0.stato,
        ta1_0.updated_at,
        ta1_0.version 
    from
        ticket_assistenza ta1_0 
    where
        ta1_0.stato=? 
    order by
        ta1_0.created_at,
        ta1_0.created_at 
    limit
        ?
Hibernate: 
    select
        ta1_0.id,
        ta1_0.accepted_at,
        ta1_0.closed_at,
        ta1_0.created_at,
        ta1_0.descrizione,
        ta1_0.motivo_rifiuto,
        ta1_0.nutrizionista_id,
        ta1_0.oggetto,
        ta1_0.stato,
        ta1_0.updated_at,
        ta1_0.version 
    from
        ticket_assistenza ta1_0 
    where
        ta1_0.stato=? 
    order by
        ta1_0.created_at,
        ta1_0.created_at 
    limit
        ?
2026-07-13T19:00:16.448+02:00 DEBUG 81128 --- [ProgettoNutrizionista] [nio-8080-exec-1] org.hibernate.SQL                        : 
    select
        ta1_0.id,
        ta1_0.accepted_at,
        ta1_0.closed_at,
        ta1_0.created_at,
        ta1_0.descrizione,
        ta1_0.motivo_rifiuto,
        ta1_0.nutrizionista_id,
        ta1_0.oggetto,
        ta1_0.stato,
        ta1_0.updated_at,
        ta1_0.version 
    from
        ticket_assistenza ta1_0 
    where
        ta1_0.stato=? 
    order by
        ta1_0.created_at,
        ta1_0.created_at 
    limit
        ?
Hibernate: 
    select
        ta1_0.id,
        ta1_0.accepted_at,
        ta1_0.closed_at,
        ta1_0.created_at,
        ta1_0.descrizione,
        ta1_0.motivo_rifiuto,
        ta1_0.nutrizionista_id,
        ta1_0.oggetto,
        ta1_0.stato,
        ta1_0.updated_at,
        ta1_0.version 
    from
        ticket_assistenza ta1_0 
    where
        ta1_0.stato=? 
    order by
        ta1_0.created_at,
        ta1_0.created_at 
    limit
        ?
2026-07-13T19:00:16.512+02:00 DEBUG 81128 --- [ProgettoNutrizionista] [nio-8080-exec-1] org.hibernate.SQL                        : 
    select
        count(ma1_0.id) 
    from
        messaggi_assistenza ma1_0 
    join
        ticket_assistenza t1_0 
            on t1_0.id=ma1_0.ticket_id 
    join
        utenti m1_0 
            on m1_0.id=ma1_0.mittente_id 
    where
        t1_0.id=? 
        and not(ma1_0.letto) 
        and m1_0.id<>?
Hibernate: 
    select
        count(ma1_0.id) 
    from
        messaggi_assistenza ma1_0 
    join
        ticket_assistenza t1_0 
            on t1_0.id=ma1_0.ticket_id 
    join
        utenti m1_0 
            on m1_0.id=ma1_0.mittente_id 
    where
        t1_0.id=? 
        and not(ma1_0.letto) 
        and m1_0.id<>?
2026-07-13T19:00:16.578+02:00 DEBUG 81128 --- [ProgettoNutrizionista] [io-8080-exec-10] m.m.a.RequestResponseBodyMethodProcessor : Using 'application/json', given [application/json, text/plain, */*] and supported [application/json, application/*+json, application/yaml]
2026-07-13T19:00:16.579+02:00 DEBUG 81128 --- [ProgettoNutrizionista] [io-8080-exec-10] m.m.a.RequestResponseBodyMethodProcessor : Writing [it.nutrizionista.restnutrizionista.dto.ConteggiAssistenzaDto@41ec9090]
2026-07-13T19:00:16.581+02:00 DEBUG 81128 --- [ProgettoNutrizionista] [io-8080-exec-10] o.s.web.servlet.DispatcherServlet        : Completed 200 OK
2026-07-13T19:00:16.584+02:00 DEBUG 81128 --- [ProgettoNutrizionista] [nio-8080-exec-2] m.m.a.RequestResponseBodyMethodProcessor : Using 'application/json', given [application/json, text/plain, */*] and supported [application/json, application/*+json, application/yaml]
2026-07-13T19:00:16.584+02:00 DEBUG 81128 --- [ProgettoNutrizionista] [nio-8080-exec-1] org.hibernate.SQL                        : 
    select
        u1_0.id,
        u1_0.codice_fiscale,
        u1_0.cognome,
        u1_0.created_at,
        u1_0.data_nascita,
        u1_0.email,
        u1_0.logo,
        u1_0.indirizzo,
        u1_0.last_login_at,
        u1_0.metodo_registrazione,
        u1_0.nome,
        u1_0.password,
        u1_0.pdf_tema_colore,
        r1_0.id,
        r1_0.alias,
        r1_0.created_at,
        r1_0.nome,
        r1_0.updated_at,
        u1_0.telefono,
        u1_0.updated_at 
    from
        utenti u1_0 
    left join
        ruoli r1_0 
            on r1_0.id=u1_0.ruolo_id 
    where
        u1_0.id=?
Hibernate: 
    select
        u1_0.id,
        u1_0.codice_fiscale,
        u1_0.cognome,
        u1_0.created_at,
        u1_0.data_nascita,
        u1_0.email,
        u1_0.logo,
        u1_0.indirizzo,
        u1_0.last_login_at,
        u1_0.metodo_registrazione,
        u1_0.nome,
        u1_0.password,
        u1_0.pdf_tema_colore,
        r1_0.id,
        r1_0.alias,
        r1_0.created_at,
        r1_0.nome,
        r1_0.updated_at,
        u1_0.telefono,
        u1_0.updated_at 
    from
        utenti u1_0 
    left join
        ruoli r1_0 
            on r1_0.id=u1_0.ruolo_id 
    where
        u1_0.id=?
2026-07-13T19:00:16.585+02:00 DEBUG 81128 --- [ProgettoNutrizionista] [nio-8080-exec-2] m.m.a.RequestResponseBodyMethodProcessor : Writing [it.nutrizionista.restnutrizionista.dto.PageResponse@54c24282]
2026-07-13T19:00:16.588+02:00 DEBUG 81128 --- [ProgettoNutrizionista] [nio-8080-exec-2] o.s.web.servlet.DispatcherServlet        : Completed 200 OK
2026-07-13T19:00:16.650+02:00 DEBUG 81128 --- [ProgettoNutrizionista] [nio-8080-exec-1] org.hibernate.SQL                        : 
    select
        count(ma1_0.id) 
    from
        messaggi_assistenza ma1_0 
    join
        ticket_assistenza t1_0 
            on t1_0.id=ma1_0.ticket_id 
    join
        utenti m1_0 
            on m1_0.id=ma1_0.mittente_id 
    where
        t1_0.id=? 
        and not(ma1_0.letto) 
        and m1_0.id<>?
Hibernate: 
    select
        count(ma1_0.id) 
    from
        messaggi_assistenza ma1_0 
    join
        ticket_assistenza t1_0 
            on t1_0.id=ma1_0.ticket_id 
    join
        utenti m1_0 
            on m1_0.id=ma1_0.mittente_id 
    where
        t1_0.id=? 
        and not(ma1_0.letto) 
        and m1_0.id<>?
2026-07-13T19:00:16.715+02:00 DEBUG 81128 --- [ProgettoNutrizionista] [nio-8080-exec-1] org.hibernate.SQL                        : 
    select
        u1_0.id,
        u1_0.codice_fiscale,
        u1_0.cognome,
        u1_0.created_at,
        u1_0.data_nascita,
        u1_0.email,
        u1_0.logo,
        u1_0.indirizzo,
        u1_0.last_login_at,
        u1_0.metodo_registrazione,
        u1_0.nome,
        u1_0.password,
        u1_0.pdf_tema_colore,
        r1_0.id,
        r1_0.alias,
        r1_0.created_at,
        r1_0.nome,
        r1_0.updated_at,
        u1_0.telefono,
        u1_0.updated_at 
    from
        utenti u1_0 
    left join
        ruoli r1_0 
            on r1_0.id=u1_0.ruolo_id 
    where
        u1_0.id=?
Hibernate: 
    select
        u1_0.id,
        u1_0.codice_fiscale,
        u1_0.cognome,
        u1_0.created_at,
        u1_0.data_nascita,
        u1_0.email,
        u1_0.logo,
        u1_0.indirizzo,
        u1_0.last_login_at,
        u1_0.metodo_registrazione,
        u1_0.nome,
        u1_0.password,
        u1_0.pdf_tema_colore,
        r1_0.id,
        r1_0.alias,
        r1_0.created_at,
        r1_0.nome,
        r1_0.updated_at,
        u1_0.telefono,
        u1_0.updated_at 
    from
        utenti u1_0 
    left join
        ruoli r1_0 
            on r1_0.id=u1_0.ruolo_id 
    where
        u1_0.id=?
2026-07-13T19:00:16.934+02:00 DEBUG 81128 --- [ProgettoNutrizionista] [nio-8080-exec-1] m.m.a.RequestResponseBodyMethodProcessor : Using 'application/json', given [application/json, text/plain, */*] and supported [application/json, application/*+json, application/yaml]
2026-07-13T19:00:16.935+02:00 DEBUG 81128 --- [ProgettoNutrizionista] [nio-8080-exec-1] m.m.a.RequestResponseBodyMethodProcessor : Writing [it.nutrizionista.restnutrizionista.dto.PageResponse@1ed8ab94]
2026-07-13T19:00:16.937+02:00 DEBUG 81128 --- [ProgettoNutrizionista] [nio-8080-exec-1] o.s.web.servlet.DispatcherServlet        : Completed 200 OK
2026-07-13T19:00:17.417+02:00 DEBUG 81128 --- [ProgettoNutrizionista] [nio-8080-exec-9] o.s.web.servlet.DispatcherServlet        : GET "/api/admin/assistenza/tickets?stato=IN_ATTESA&page=0&size=50", parameters={masked}
2026-07-13T19:00:17.417+02:00 DEBUG 81128 --- [ProgettoNutrizionista] [nio-8080-exec-8] o.s.web.servlet.DispatcherServlet        : GET "/api/admin/assistenza/tickets?stato=ACCETTATO&page=0&size=50", parameters={masked}
2026-07-13T19:00:17.419+02:00 DEBUG 81128 --- [ProgettoNutrizionista] [nio-8080-exec-9] s.w.s.m.m.a.RequestMappingHandlerMapping : Mapped to it.nutrizionista.restnutrizionista.controller.AdminAssistenzaController#lista(StatoTicket, int, int)
2026-07-13T19:00:17.418+02:00 DEBUG 81128 --- [ProgettoNutrizionista] [nio-8080-exec-3] o.s.web.servlet.DispatcherServlet        : GET "/api/admin/assistenza/tickets/conteggi", parameters={}
2026-07-13T19:00:17.419+02:00 DEBUG 81128 --- [ProgettoNutrizionista] [nio-8080-exec-8] s.w.s.m.m.a.RequestMappingHandlerMapping : Mapped to it.nutrizionista.restnutrizionista.controller.AdminAssistenzaController#lista(StatoTicket, int, int)
2026-07-13T19:00:17.421+02:00 DEBUG 81128 --- [ProgettoNutrizionista] [nio-8080-exec-3] s.w.s.m.m.a.RequestMappingHandlerMapping : Mapped to it.nutrizionista.restnutrizionista.controller.AdminAssistenzaController#conteggi()
2026-07-13T19:00:17.561+02:00 DEBUG 81128 --- [ProgettoNutrizionista] [nio-8080-exec-9] org.hibernate.SQL                        : 
    select
        u1_0.id,
        u1_0.codice_fiscale,
        u1_0.cognome,
        u1_0.created_at,
        u1_0.data_nascita,
        u1_0.email,
        u1_0.logo,
        u1_0.indirizzo,
        u1_0.last_login_at,
        u1_0.metodo_registrazione,
        u1_0.nome,
        u1_0.password,
        u1_0.pdf_tema_colore,
        r1_0.id,
        r1_0.alias,
        r1_0.created_at,
        r1_0.nome,
        rp1_0.ruolo_id,
        rp1_0.id,
        rp1_0.created_at,
        rp1_0.permesso_id,
        p1_0.id,
        p1_0.alias,
        p1_0.created_at,
        g1_0.id,
        g1_0.alias,
        g1_0.created_at,
        g1_0.nome,
        g1_0.updated_at,
        p1_0.nome,
        p1_0.updated_at,
        rp1_0.updated_at,
        r1_0.updated_at,
        u1_0.telefono,
        u1_0.updated_at 
    from
        utenti u1_0 
    left join
        ruoli r1_0 
            on r1_0.id=u1_0.ruolo_id 
    left join
        ruoli_permessi rp1_0 
            on r1_0.id=rp1_0.ruolo_id 
    left join
        permessi p1_0 
            on p1_0.id=rp1_0.permesso_id 
    left join
        gruppi g1_0 
            on g1_0.id=p1_0.gruppo_id 
    where
        u1_0.email=?
Hibernate: 
    select
        u1_0.id,
        u1_0.codice_fiscale,
        u1_0.cognome,
        u1_0.created_at,
        u1_0.data_nascita,
        u1_0.email,
        u1_0.logo,
        u1_0.indirizzo,
        u1_0.last_login_at,
        u1_0.metodo_registrazione,
        u1_0.nome,
        u1_0.password,
        u1_0.pdf_tema_colore,
        r1_0.id,
        r1_0.alias,
        r1_0.created_at,
        r1_0.nome,
        rp1_0.ruolo_id,
        rp1_0.id,
        rp1_0.created_at,
        rp1_0.permesso_id,
        p1_0.id,
        p1_0.alias,
        p1_0.created_at,
        g1_0.id,
        g1_0.alias,
        g1_0.created_at,
        g1_0.nome,
        g1_0.updated_at,
        p1_0.nome,
        p1_0.updated_at,
        rp1_0.updated_at,
        r1_0.updated_at,
        u1_0.telefono,
        u1_0.updated_at 
    from
        utenti u1_0 
    left join
        ruoli r1_0 
            on r1_0.id=u1_0.ruolo_id 
    left join
        ruoli_permessi rp1_0 
            on r1_0.id=rp1_0.ruolo_id 
    left join
        permessi p1_0 
            on p1_0.id=rp1_0.permesso_id 
    left join
        gruppi g1_0 
            on g1_0.id=p1_0.gruppo_id 
    where
        u1_0.email=?
2026-07-13T19:00:17.563+02:00 DEBUG 81128 --- [ProgettoNutrizionista] [nio-8080-exec-3] org.hibernate.SQL                        : 
    select
        count(ta1_0.id) 
    from
        ticket_assistenza ta1_0 
    where
        ta1_0.stato=?
Hibernate: 
    select
        count(ta1_0.id) 
    from
        ticket_assistenza ta1_0 
    where
        ta1_0.stato=?
2026-07-13T19:00:17.565+02:00 DEBUG 81128 --- [ProgettoNutrizionista] [nio-8080-exec-8] org.hibernate.SQL                        : 
    select
        u1_0.id,
        u1_0.codice_fiscale,
        u1_0.cognome,
        u1_0.created_at,
        u1_0.data_nascita,
        u1_0.email,
        u1_0.logo,
        u1_0.indirizzo,
        u1_0.last_login_at,
        u1_0.metodo_registrazione,
        u1_0.nome,
        u1_0.password,
        u1_0.pdf_tema_colore,
        r1_0.id,
        r1_0.alias,
        r1_0.created_at,
        r1_0.nome,
        rp1_0.ruolo_id,
        rp1_0.id,
        rp1_0.created_at,
        rp1_0.permesso_id,
        p1_0.id,
        p1_0.alias,
        p1_0.created_at,
        g1_0.id,
        g1_0.alias,
        g1_0.created_at,
        g1_0.nome,
        g1_0.updated_at,
        p1_0.nome,
        p1_0.updated_at,
        rp1_0.updated_at,
        r1_0.updated_at,
        u1_0.telefono,
        u1_0.updated_at 
    from
        utenti u1_0 
    left join
        ruoli r1_0 
            on r1_0.id=u1_0.ruolo_id 
    left join
        ruoli_permessi rp1_0 
            on r1_0.id=rp1_0.ruolo_id 
    left join
        permessi p1_0 
            on p1_0.id=rp1_0.permesso_id 
    left join
        gruppi g1_0 
            on g1_0.id=p1_0.gruppo_id 
    where
        u1_0.email=?
Hibernate: 
    select
        u1_0.id,
        u1_0.codice_fiscale,
        u1_0.cognome,
        u1_0.created_at,
        u1_0.data_nascita,
        u1_0.email,
        u1_0.logo,
        u1_0.indirizzo,
        u1_0.last_login_at,
        u1_0.metodo_registrazione,
        u1_0.nome,
        u1_0.password,
        u1_0.pdf_tema_colore,
        r1_0.id,
        r1_0.alias,
        r1_0.created_at,
        r1_0.nome,
        rp1_0.ruolo_id,
        rp1_0.id,
        rp1_0.created_at,
        rp1_0.permesso_id,
        p1_0.id,
        p1_0.alias,
        p1_0.created_at,
        g1_0.id,
        g1_0.alias,
        g1_0.created_at,
        g1_0.nome,
        g1_0.updated_at,
        p1_0.nome,
        p1_0.updated_at,
        rp1_0.updated_at,
        r1_0.updated_at,
        u1_0.telefono,
        u1_0.updated_at 
    from
        utenti u1_0 
    left join
        ruoli r1_0 
            on r1_0.id=u1_0.ruolo_id 
    left join
        ruoli_permessi rp1_0 
            on r1_0.id=rp1_0.ruolo_id 
    left join
        permessi p1_0 
            on p1_0.id=rp1_0.permesso_id 
    left join
        gruppi g1_0 
            on g1_0.id=p1_0.gruppo_id 
    where
        u1_0.email=?
2026-07-13T19:00:17.629+02:00 DEBUG 81128 --- [ProgettoNutrizionista] [nio-8080-exec-3] org.hibernate.SQL                        : 
    select
        count(ta1_0.id) 
    from
        ticket_assistenza ta1_0 
    where
        ta1_0.stato=?
Hibernate: 
    select
        count(ta1_0.id) 
    from
        ticket_assistenza ta1_0 
    where
        ta1_0.stato=?
2026-07-13T19:00:17.649+02:00 DEBUG 81128 --- [ProgettoNutrizionista] [nio-8080-exec-9] org.hibernate.SQL                        : 
    select
        ta1_0.id,
        ta1_0.accepted_at,
        ta1_0.closed_at,
        ta1_0.created_at,
        ta1_0.descrizione,
        ta1_0.motivo_rifiuto,
        ta1_0.nutrizionista_id,
        ta1_0.oggetto,
        ta1_0.stato,
        ta1_0.updated_at,
        ta1_0.version 
    from
        ticket_assistenza ta1_0 
    where
        ta1_0.stato=? 
    order by
        ta1_0.created_at,
        ta1_0.created_at 
    limit
        ?
2026-07-13T19:00:17.649+02:00 DEBUG 81128 --- [ProgettoNutrizionista] [nio-8080-exec-8] org.hibernate.SQL                        : 
    select
        ta1_0.id,
        ta1_0.accepted_at,
        ta1_0.closed_at,
        ta1_0.created_at,
        ta1_0.descrizione,
        ta1_0.motivo_rifiuto,
        ta1_0.nutrizionista_id,
        ta1_0.oggetto,
        ta1_0.stato,
        ta1_0.updated_at,
        ta1_0.version 
    from
        ticket_assistenza ta1_0 
    where
        ta1_0.stato=? 
    order by
        ta1_0.created_at,
        ta1_0.created_at 
    limit
        ?
Hibernate: 
    select
        ta1_0.id,
        ta1_0.accepted_at,
        ta1_0.closed_at,
        ta1_0.created_at,
        ta1_0.descrizione,
        ta1_0.motivo_rifiuto,
        ta1_0.nutrizionista_id,
        ta1_0.oggetto,
        ta1_0.stato,
        ta1_0.updated_at,
        ta1_0.version 
    from
        ticket_assistenza ta1_0 
    where
        ta1_0.stato=? 
    order by
        ta1_0.created_at,
        ta1_0.created_at 
    limit
        ?
Hibernate: 
    select
        ta1_0.id,
        ta1_0.accepted_at,
        ta1_0.closed_at,
        ta1_0.created_at,
        ta1_0.descrizione,
        ta1_0.motivo_rifiuto,
        ta1_0.nutrizionista_id,
        ta1_0.oggetto,
        ta1_0.stato,
        ta1_0.updated_at,
        ta1_0.version 
    from
        ticket_assistenza ta1_0 
    where
        ta1_0.stato=? 
    order by
        ta1_0.created_at,
        ta1_0.created_at 
    limit
        ?
2026-07-13T19:00:17.721+02:00 DEBUG 81128 --- [ProgettoNutrizionista] [nio-8080-exec-9] org.hibernate.SQL                        : 
    select
        count(ma1_0.id) 
    from
        messaggi_assistenza ma1_0 
    join
        ticket_assistenza t1_0 
            on t1_0.id=ma1_0.ticket_id 
    join
        utenti m1_0 
            on m1_0.id=ma1_0.mittente_id 
    where
        t1_0.id=? 
        and not(ma1_0.letto) 
        and m1_0.id<>?
Hibernate: 
    select
        count(ma1_0.id) 
    from
        messaggi_assistenza ma1_0 
    join
        ticket_assistenza t1_0 
            on t1_0.id=ma1_0.ticket_id 
    join
        utenti m1_0 
            on m1_0.id=ma1_0.mittente_id 
    where
        t1_0.id=? 
        and not(ma1_0.letto) 
        and m1_0.id<>?
2026-07-13T19:00:17.784+02:00 DEBUG 81128 --- [ProgettoNutrizionista] [nio-8080-exec-9] org.hibernate.SQL                        : 
    select
        u1_0.id,
        u1_0.codice_fiscale,
        u1_0.cognome,
        u1_0.created_at,
        u1_0.data_nascita,
        u1_0.email,
        u1_0.logo,
        u1_0.indirizzo,
        u1_0.last_login_at,
        u1_0.metodo_registrazione,
        u1_0.nome,
        u1_0.password,
        u1_0.pdf_tema_colore,
        r1_0.id,
        r1_0.alias,
        r1_0.created_at,
        r1_0.nome,
        r1_0.updated_at,
        u1_0.telefono,
        u1_0.updated_at 
    from
        utenti u1_0 
    left join
        ruoli r1_0 
            on r1_0.id=u1_0.ruolo_id 
    where
        u1_0.id=?
Hibernate: 
    select
        u1_0.id,
        u1_0.codice_fiscale,
        u1_0.cognome,
        u1_0.created_at,
        u1_0.data_nascita,
        u1_0.email,
        u1_0.logo,
        u1_0.indirizzo,
        u1_0.last_login_at,
        u1_0.metodo_registrazione,
        u1_0.nome,
        u1_0.password,
        u1_0.pdf_tema_colore,
        r1_0.id,
        r1_0.alias,
        r1_0.created_at,
        r1_0.nome,
        r1_0.updated_at,
        u1_0.telefono,
        u1_0.updated_at 
    from
        utenti u1_0 
    left join
        ruoli r1_0 
            on r1_0.id=u1_0.ruolo_id 
    where
        u1_0.id=?
2026-07-13T19:00:17.831+02:00 DEBUG 81128 --- [ProgettoNutrizionista] [nio-8080-exec-3] m.m.a.RequestResponseBodyMethodProcessor : Using 'application/json', given [application/json, text/plain, */*] and supported [application/json, application/*+json, application/yaml]
2026-07-13T19:00:17.832+02:00 DEBUG 81128 --- [ProgettoNutrizionista] [nio-8080-exec-3] m.m.a.RequestResponseBodyMethodProcessor : Writing [it.nutrizionista.restnutrizionista.dto.ConteggiAssistenzaDto@5674bbe]
2026-07-13T19:00:17.833+02:00 DEBUG 81128 --- [ProgettoNutrizionista] [nio-8080-exec-3] o.s.web.servlet.DispatcherServlet        : Completed 200 OK
2026-07-13T19:00:17.844+02:00 DEBUG 81128 --- [ProgettoNutrizionista] [nio-8080-exec-9] org.hibernate.SQL                        : 
    select
        count(ma1_0.id) 
    from
        messaggi_assistenza ma1_0 
    join
        ticket_assistenza t1_0 
            on t1_0.id=ma1_0.ticket_id 
    join
        utenti m1_0 
            on m1_0.id=ma1_0.mittente_id 
    where
        t1_0.id=? 
        and not(ma1_0.letto) 
        and m1_0.id<>?
Hibernate: 
    select
        count(ma1_0.id) 
    from
        messaggi_assistenza ma1_0 
    join
        ticket_assistenza t1_0 
            on t1_0.id=ma1_0.ticket_id 
    join
        utenti m1_0 
            on m1_0.id=ma1_0.mittente_id 
    where
        t1_0.id=? 
        and not(ma1_0.letto) 
        and m1_0.id<>?
2026-07-13T19:00:17.846+02:00 DEBUG 81128 --- [ProgettoNutrizionista] [nio-8080-exec-8] m.m.a.RequestResponseBodyMethodProcessor : Using 'application/json', given [application/json, text/plain, */*] and supported [application/json, application/*+json, application/yaml]
2026-07-13T19:00:17.847+02:00 DEBUG 81128 --- [ProgettoNutrizionista] [nio-8080-exec-8] m.m.a.RequestResponseBodyMethodProcessor : Writing [it.nutrizionista.restnutrizionista.dto.PageResponse@7d8bd934]
2026-07-13T19:00:17.848+02:00 DEBUG 81128 --- [ProgettoNutrizionista] [nio-8080-exec-8] o.s.web.servlet.DispatcherServlet        : Completed 200 OK
2026-07-13T19:00:17.927+02:00 DEBUG 81128 --- [ProgettoNutrizionista] [nio-8080-exec-9] org.hibernate.SQL                        : 
    select
        u1_0.id,
        u1_0.codice_fiscale,
        u1_0.cognome,
        u1_0.created_at,
        u1_0.data_nascita,
        u1_0.email,
        u1_0.logo,
        u1_0.indirizzo,
        u1_0.last_login_at,
        u1_0.metodo_registrazione,
        u1_0.nome,
        u1_0.password,
        u1_0.pdf_tema_colore,
        r1_0.id,
        r1_0.alias,
        r1_0.created_at,
        r1_0.nome,
        r1_0.updated_at,
        u1_0.telefono,
        u1_0.updated_at 
    from
        utenti u1_0 
    left join
        ruoli r1_0 
            on r1_0.id=u1_0.ruolo_id 
    where
        u1_0.id=?
Hibernate: 
    select
        u1_0.id,
        u1_0.codice_fiscale,
        u1_0.cognome,
        u1_0.created_at,
        u1_0.data_nascita,
        u1_0.email,
        u1_0.logo,
        u1_0.indirizzo,
        u1_0.last_login_at,
        u1_0.metodo_registrazione,
        u1_0.nome,
        u1_0.password,
        u1_0.pdf_tema_colore,
        r1_0.id,
        r1_0.alias,
        r1_0.created_at,
        r1_0.nome,
        r1_0.updated_at,
        u1_0.telefono,
        u1_0.updated_at 
    from
        utenti u1_0 
    left join
        ruoli r1_0 
            on r1_0.id=u1_0.ruolo_id 
    where
        u1_0.id=?
2026-07-13T19:00:18.134+02:00 DEBUG 81128 --- [ProgettoNutrizionista] [nio-8080-exec-9] m.m.a.RequestResponseBodyMethodProcessor : Using 'application/json', given [application/json, text/plain, */*] and supported [application/json, application/*+json, application/yaml]
2026-07-13T19:00:18.134+02:00 DEBUG 81128 --- [ProgettoNutrizionista] [nio-8080-exec-9] m.m.a.RequestResponseBodyMethodProcessor : Writing [it.nutrizionista.restnutrizionista.dto.PageResponse@30149504]
2026-07-13T19:00:18.136+02:00 DEBUG 81128 --- [ProgettoNutrizionista] [nio-8080-exec-9] o.s.web.servlet.DispatcherServlet        : Completed 200 OK
2026-07-13T19:00:21.828+02:00 DEBUG 81128 --- [ProgettoNutrizionista] [nio-8080-exec-6] o.s.web.servlet.DispatcherServlet        : POST "/api/admin/assistenza/tickets/2/accetta", parameters={}
2026-07-13T19:00:21.830+02:00 DEBUG 81128 --- [ProgettoNutrizionista] [nio-8080-exec-6] s.w.s.m.m.a.RequestMappingHandlerMapping : Mapped to it.nutrizionista.restnutrizionista.controller.AdminAssistenzaController#accetta(Long)
2026-07-13T19:00:21.926+02:00 DEBUG 81128 --- [ProgettoNutrizionista] [nio-8080-exec-6] org.hibernate.SQL                        : 
    select
        u1_0.id,
        u1_0.codice_fiscale,
        u1_0.cognome,
        u1_0.created_at,
        u1_0.data_nascita,
        u1_0.email,
        u1_0.logo,
        u1_0.indirizzo,
        u1_0.last_login_at,
        u1_0.metodo_registrazione,
        u1_0.nome,
        u1_0.password,
        u1_0.pdf_tema_colore,
        r1_0.id,
        r1_0.alias,
        r1_0.created_at,
        r1_0.nome,
        rp1_0.ruolo_id,
        rp1_0.id,
        rp1_0.created_at,
        rp1_0.permesso_id,
        p1_0.id,
        p1_0.alias,
        p1_0.created_at,
        g1_0.id,
        g1_0.alias,
        g1_0.created_at,
        g1_0.nome,
        g1_0.updated_at,
        p1_0.nome,
        p1_0.updated_at,
        rp1_0.updated_at,
        r1_0.updated_at,
        u1_0.telefono,
        u1_0.updated_at 
    from
        utenti u1_0 
    left join
        ruoli r1_0 
            on r1_0.id=u1_0.ruolo_id 
    left join
        ruoli_permessi rp1_0 
            on r1_0.id=rp1_0.ruolo_id 
    left join
        permessi p1_0 
            on p1_0.id=rp1_0.permesso_id 
    left join
        gruppi g1_0 
            on g1_0.id=p1_0.gruppo_id 
    where
        u1_0.email=?
Hibernate: 
    select
        u1_0.id,
        u1_0.codice_fiscale,
        u1_0.cognome,
        u1_0.created_at,
        u1_0.data_nascita,
        u1_0.email,
        u1_0.logo,
        u1_0.indirizzo,
        u1_0.last_login_at,
        u1_0.metodo_registrazione,
        u1_0.nome,
        u1_0.password,
        u1_0.pdf_tema_colore,
        r1_0.id,
        r1_0.alias,
        r1_0.created_at,
        r1_0.nome,
        rp1_0.ruolo_id,
        rp1_0.id,
        rp1_0.created_at,
        rp1_0.permesso_id,
        p1_0.id,
        p1_0.alias,
        p1_0.created_at,
        g1_0.id,
        g1_0.alias,
        g1_0.created_at,
        g1_0.nome,
        g1_0.updated_at,
        p1_0.nome,
        p1_0.updated_at,
        rp1_0.updated_at,
        r1_0.updated_at,
        u1_0.telefono,
        u1_0.updated_at 
    from
        utenti u1_0 
    left join
        ruoli r1_0 
            on r1_0.id=u1_0.ruolo_id 
    left join
        ruoli_permessi rp1_0 
            on r1_0.id=rp1_0.ruolo_id 
    left join
        permessi p1_0 
            on p1_0.id=rp1_0.permesso_id 
    left join
        gruppi g1_0 
            on g1_0.id=p1_0.gruppo_id 
    where
        u1_0.email=?
2026-07-13T19:00:22.012+02:00 DEBUG 81128 --- [ProgettoNutrizionista] [nio-8080-exec-6] org.hibernate.SQL                        : 
    select
        ta1_0.id,
        ta1_0.accepted_at,
        ta1_0.closed_at,
        ta1_0.created_at,
        ta1_0.descrizione,
        ta1_0.motivo_rifiuto,
        ta1_0.nutrizionista_id,
        n1_0.id,
        n1_0.codice_fiscale,
        n1_0.cognome,
        n1_0.created_at,
        n1_0.data_nascita,
        n1_0.email,
        n1_0.logo,
        n1_0.indirizzo,
        n1_0.last_login_at,
        n1_0.metodo_registrazione,
        n1_0.nome,
        n1_0.password,
        n1_0.pdf_tema_colore,
        n1_0.ruolo_id,
        n1_0.telefono,
        n1_0.updated_at,
        ta1_0.oggetto,
        ta1_0.stato,
        ta1_0.updated_at,
        ta1_0.version 
    from
        ticket_assistenza ta1_0 
    join
        utenti n1_0 
            on n1_0.id=ta1_0.nutrizionista_id 
    where
        ta1_0.id=?
Hibernate: 
    select
        ta1_0.id,
        ta1_0.accepted_at,
        ta1_0.closed_at,
        ta1_0.created_at,
        ta1_0.descrizione,
        ta1_0.motivo_rifiuto,
        ta1_0.nutrizionista_id,
        n1_0.id,
        n1_0.codice_fiscale,
        n1_0.cognome,
        n1_0.created_at,
        n1_0.data_nascita,
        n1_0.email,
        n1_0.logo,
        n1_0.indirizzo,
        n1_0.last_login_at,
        n1_0.metodo_registrazione,
        n1_0.nome,
        n1_0.password,
        n1_0.pdf_tema_colore,
        n1_0.ruolo_id,
        n1_0.telefono,
        n1_0.updated_at,
        ta1_0.oggetto,
        ta1_0.stato,
        ta1_0.updated_at,
        ta1_0.version 
    from
        ticket_assistenza ta1_0 
    join
        utenti n1_0 
            on n1_0.id=ta1_0.nutrizionista_id 
    where
        ta1_0.id=?
2026-07-13T19:00:22.072+02:00 DEBUG 81128 --- [ProgettoNutrizionista] [nio-8080-exec-6] org.hibernate.SQL                        : 
    select
        r1_0.id,
        r1_0.alias,
        r1_0.created_at,
        r1_0.nome,
        r1_0.updated_at 
    from
        ruoli r1_0 
    where
        r1_0.id=?
Hibernate: 
    select
        r1_0.id,
        r1_0.alias,
        r1_0.created_at,
        r1_0.nome,
        r1_0.updated_at 
    from
        ruoli r1_0 
    where
        r1_0.id=?
2026-07-13T19:00:22.127+02:00 DEBUG 81128 --- [ProgettoNutrizionista] [nio-8080-exec-6] org.hibernate.SQL                        : 
    update
        ticket_assistenza 
    set
        accepted_at=?,
        closed_at=?,
        descrizione=?,
        motivo_rifiuto=?,
        nutrizionista_id=?,
        oggetto=?,
        stato=?,
        updated_at=?,
        version=? 
    where
        id=? 
        and version=?
Hibernate: 
    update
        ticket_assistenza 
    set
        accepted_at=?,
        closed_at=?,
        descrizione=?,
        motivo_rifiuto=?,
        nutrizionista_id=?,
        oggetto=?,
        stato=?,
        updated_at=?,
        version=? 
    where
        id=? 
        and version=?
2026-07-13T19:00:22.179+02:00  INFO 81128 --- [ProgettoNutrizionista] [nio-8080-exec-6] AUDIT.assistenza                         : transizione assistenza utenteId=90001 ticketId=2 IN_ATTESA->ACCETTATO
2026-07-13T19:00:22.181+02:00 DEBUG 81128 --- [ProgettoNutrizionista] [nio-8080-exec-6] org.hibernate.SQL                        : 
    select
        count(ma1_0.id) 
    from
        messaggi_assistenza ma1_0 
    join
        ticket_assistenza t1_0 
            on t1_0.id=ma1_0.ticket_id 
    join
        utenti m1_0 
            on m1_0.id=ma1_0.mittente_id 
    where
        t1_0.id=? 
        and not(ma1_0.letto) 
        and m1_0.id<>?
Hibernate: 
    select
        count(ma1_0.id) 
    from
        messaggi_assistenza ma1_0 
    join
        ticket_assistenza t1_0 
            on t1_0.id=ma1_0.ticket_id 
    join
        utenti m1_0 
            on m1_0.id=ma1_0.mittente_id 
    where
        t1_0.id=? 
        and not(ma1_0.letto) 
        and m1_0.id<>?
2026-07-13T19:00:22.355+02:00 DEBUG 81128 --- [ProgettoNutrizionista] [nio-8080-exec-6] m.m.a.RequestResponseBodyMethodProcessor : Using 'application/json', given [application/json, text/plain, */*] and supported [application/json, application/*+json, application/yaml]
2026-07-13T19:00:22.356+02:00 DEBUG 81128 --- [ProgettoNutrizionista] [nio-8080-exec-6] m.m.a.RequestResponseBodyMethodProcessor : Writing [it.nutrizionista.restnutrizionista.dto.TicketAssistenzaDto@3fbee690]
2026-07-13T19:00:22.357+02:00 DEBUG 81128 --- [ProgettoNutrizionista] [nio-8080-exec-6] o.s.web.servlet.DispatcherServlet        : Completed 200 OK
2026-07-13T19:00:22.371+02:00 DEBUG 81128 --- [ProgettoNutrizionista] [nio-8080-exec-3] o.s.web.servlet.DispatcherServlet        : GET "/api/admin/assistenza/tickets/conteggi", parameters={}
2026-07-13T19:00:22.371+02:00 DEBUG 81128 --- [ProgettoNutrizionista] [nio-8080-exec-1] o.s.web.servlet.DispatcherServlet        : GET "/api/admin/assistenza/tickets?stato=IN_ATTESA&page=0&size=50", parameters={masked}
2026-07-13T19:00:22.371+02:00 DEBUG 81128 --- [ProgettoNutrizionista] [nio-8080-exec-2] o.s.web.servlet.DispatcherServlet        : GET "/api/admin/assistenza/tickets?stato=ACCETTATO&page=0&size=50", parameters={masked}
2026-07-13T19:00:22.373+02:00 DEBUG 81128 --- [ProgettoNutrizionista] [nio-8080-exec-3] s.w.s.m.m.a.RequestMappingHandlerMapping : Mapped to it.nutrizionista.restnutrizionista.controller.AdminAssistenzaController#conteggi()
2026-07-13T19:00:22.373+02:00 DEBUG 81128 --- [ProgettoNutrizionista] [nio-8080-exec-1] s.w.s.m.m.a.RequestMappingHandlerMapping : Mapped to it.nutrizionista.restnutrizionista.controller.AdminAssistenzaController#lista(StatoTicket, int, int)
2026-07-13T19:00:22.374+02:00 DEBUG 81128 --- [ProgettoNutrizionista] [nio-8080-exec-2] s.w.s.m.m.a.RequestMappingHandlerMapping : Mapped to it.nutrizionista.restnutrizionista.controller.AdminAssistenzaController#lista(StatoTicket, int, int)
2026-07-13T19:00:22.514+02:00 DEBUG 81128 --- [ProgettoNutrizionista] [nio-8080-exec-2] org.hibernate.SQL                        : 
    select
        u1_0.id,
        u1_0.codice_fiscale,
        u1_0.cognome,
        u1_0.created_at,
        u1_0.data_nascita,
        u1_0.email,
        u1_0.logo,
        u1_0.indirizzo,
        u1_0.last_login_at,
        u1_0.metodo_registrazione,
        u1_0.nome,
        u1_0.password,
        u1_0.pdf_tema_colore,
        r1_0.id,
        r1_0.alias,
        r1_0.created_at,
        r1_0.nome,
        rp1_0.ruolo_id,
        rp1_0.id,
        rp1_0.created_at,
        rp1_0.permesso_id,
        p1_0.id,
        p1_0.alias,
        p1_0.created_at,
        g1_0.id,
        g1_0.alias,
        g1_0.created_at,
        g1_0.nome,
        g1_0.updated_at,
        p1_0.nome,
        p1_0.updated_at,
        rp1_0.updated_at,
        r1_0.updated_at,
        u1_0.telefono,
        u1_0.updated_at 
    from
        utenti u1_0 
    left join
        ruoli r1_0 
            on r1_0.id=u1_0.ruolo_id 
    left join
        ruoli_permessi rp1_0 
            on r1_0.id=rp1_0.ruolo_id 
    left join
        permessi p1_0 
            on p1_0.id=rp1_0.permesso_id 
    left join
        gruppi g1_0 
            on g1_0.id=p1_0.gruppo_id 
    where
        u1_0.email=?
Hibernate: 
    select
        u1_0.id,
        u1_0.codice_fiscale,
        u1_0.cognome,
        u1_0.created_at,
        u1_0.data_nascita,
        u1_0.email,
        u1_0.logo,
        u1_0.indirizzo,
        u1_0.last_login_at,
        u1_0.metodo_registrazione,
        u1_0.nome,
        u1_0.password,
        u1_0.pdf_tema_colore,
        r1_0.id,
        r1_0.alias,
        r1_0.created_at,
        r1_0.nome,
        rp1_0.ruolo_id,
        rp1_0.id,
        rp1_0.created_at,
        rp1_0.permesso_id,
        p1_0.id,
        p1_0.alias,
        p1_0.created_at,
        g1_0.id,
        g1_0.alias,
        g1_0.created_at,
        g1_0.nome,
        g1_0.updated_at,
        p1_0.nome,
        p1_0.updated_at,
        rp1_0.updated_at,
        r1_0.updated_at,
        u1_0.telefono,
        u1_0.updated_at 
    from
        utenti u1_0 
    left join
        ruoli r1_0 
            on r1_0.id=u1_0.ruolo_id 
    left join
        ruoli_permessi rp1_0 
            on r1_0.id=rp1_0.ruolo_id 
    left join
        permessi p1_0 
            on p1_0.id=rp1_0.permesso_id 
    left join
        gruppi g1_0 
            on g1_0.id=p1_0.gruppo_id 
    where
        u1_0.email=?
2026-07-13T19:00:22.516+02:00 DEBUG 81128 --- [ProgettoNutrizionista] [nio-8080-exec-1] org.hibernate.SQL                        : 
    select
        u1_0.id,
        u1_0.codice_fiscale,
        u1_0.cognome,
        u1_0.created_at,
        u1_0.data_nascita,
        u1_0.email,
        u1_0.logo,
        u1_0.indirizzo,
        u1_0.last_login_at,
        u1_0.metodo_registrazione,
        u1_0.nome,
        u1_0.password,
        u1_0.pdf_tema_colore,
        r1_0.id,
        r1_0.alias,
        r1_0.created_at,
        r1_0.nome,
        rp1_0.ruolo_id,
        rp1_0.id,
        rp1_0.created_at,
        rp1_0.permesso_id,
        p1_0.id,
        p1_0.alias,
        p1_0.created_at,
        g1_0.id,
        g1_0.alias,
        g1_0.created_at,
        g1_0.nome,
        g1_0.updated_at,
        p1_0.nome,
        p1_0.updated_at,
        rp1_0.updated_at,
        r1_0.updated_at,
        u1_0.telefono,
        u1_0.updated_at 
    from
        utenti u1_0 
    left join
        ruoli r1_0 
            on r1_0.id=u1_0.ruolo_id 
    left join
        ruoli_permessi rp1_0 
            on r1_0.id=rp1_0.ruolo_id 
    left join
        permessi p1_0 
            on p1_0.id=rp1_0.permesso_id 
    left join
        gruppi g1_0 
            on g1_0.id=p1_0.gruppo_id 
    where
        u1_0.email=?
Hibernate: 
    select
        u1_0.id,
        u1_0.codice_fiscale,
        u1_0.cognome,
        u1_0.created_at,
        u1_0.data_nascita,
        u1_0.email,
        u1_0.logo,
        u1_0.indirizzo,
        u1_0.last_login_at,
        u1_0.metodo_registrazione,
        u1_0.nome,
        u1_0.password,
        u1_0.pdf_tema_colore,
        r1_0.id,
        r1_0.alias,
        r1_0.created_at,
        r1_0.nome,
        rp1_0.ruolo_id,
        rp1_0.id,
        rp1_0.created_at,
        rp1_0.permesso_id,
        p1_0.id,
        p1_0.alias,
        p1_0.created_at,
        g1_0.id,
        g1_0.alias,
        g1_0.created_at,
        g1_0.nome,
        g1_0.updated_at,
        p1_0.nome,
        p1_0.updated_at,
        rp1_0.updated_at,
        r1_0.updated_at,
        u1_0.telefono,
        u1_0.updated_at 
    from
        utenti u1_0 
    left join
        ruoli r1_0 
            on r1_0.id=u1_0.ruolo_id 
    left join
        ruoli_permessi rp1_0 
            on r1_0.id=rp1_0.ruolo_id 
    left join
        permessi p1_0 
            on p1_0.id=rp1_0.permesso_id 
    left join
        gruppi g1_0 
            on g1_0.id=p1_0.gruppo_id 
    where
        u1_0.email=?
2026-07-13T19:00:22.522+02:00 DEBUG 81128 --- [ProgettoNutrizionista] [nio-8080-exec-3] org.hibernate.SQL                        : 
    select
        count(ta1_0.id) 
    from
        ticket_assistenza ta1_0 
    where
        ta1_0.stato=?
Hibernate: 
    select
        count(ta1_0.id) 
    from
        ticket_assistenza ta1_0 
    where
        ta1_0.stato=?
2026-07-13T19:00:22.588+02:00 DEBUG 81128 --- [ProgettoNutrizionista] [nio-8080-exec-3] org.hibernate.SQL                        : 
    select
        count(ta1_0.id) 
    from
        ticket_assistenza ta1_0 
    where
        ta1_0.stato=?
Hibernate: 
    select
        count(ta1_0.id) 
    from
        ticket_assistenza ta1_0 
    where
        ta1_0.stato=?
2026-07-13T19:00:22.612+02:00 DEBUG 81128 --- [ProgettoNutrizionista] [nio-8080-exec-2] org.hibernate.SQL                        : 
    select
        ta1_0.id,
        ta1_0.accepted_at,
        ta1_0.closed_at,
        ta1_0.created_at,
        ta1_0.descrizione,
        ta1_0.motivo_rifiuto,
        ta1_0.nutrizionista_id,
        ta1_0.oggetto,
        ta1_0.stato,
        ta1_0.updated_at,
        ta1_0.version 
    from
        ticket_assistenza ta1_0 
    where
        ta1_0.stato=? 
    order by
        ta1_0.created_at,
        ta1_0.created_at 
    limit
        ?
2026-07-13T19:00:22.613+02:00 DEBUG 81128 --- [ProgettoNutrizionista] [nio-8080-exec-1] org.hibernate.SQL                        : 
    select
        ta1_0.id,
        ta1_0.accepted_at,
        ta1_0.closed_at,
        ta1_0.created_at,
        ta1_0.descrizione,
        ta1_0.motivo_rifiuto,
        ta1_0.nutrizionista_id,
        ta1_0.oggetto,
        ta1_0.stato,
        ta1_0.updated_at,
        ta1_0.version 
    from
        ticket_assistenza ta1_0 
    where
        ta1_0.stato=? 
    order by
        ta1_0.created_at,
        ta1_0.created_at 
    limit
        ?
Hibernate: 
    select
        ta1_0.id,
        ta1_0.accepted_at,
        ta1_0.closed_at,
        ta1_0.created_at,
        ta1_0.descrizione,
        ta1_0.motivo_rifiuto,
        ta1_0.nutrizionista_id,
        ta1_0.oggetto,
        ta1_0.stato,
        ta1_0.updated_at,
        ta1_0.version 
    from
        ticket_assistenza ta1_0 
    where
        ta1_0.stato=? 
    order by
        ta1_0.created_at,
        ta1_0.created_at 
    limit
        ?
Hibernate: 
    select
        ta1_0.id,
        ta1_0.accepted_at,
        ta1_0.closed_at,
        ta1_0.created_at,
        ta1_0.descrizione,
        ta1_0.motivo_rifiuto,
        ta1_0.nutrizionista_id,
        ta1_0.oggetto,
        ta1_0.stato,
        ta1_0.updated_at,
        ta1_0.version 
    from
        ticket_assistenza ta1_0 
    where
        ta1_0.stato=? 
    order by
        ta1_0.created_at,
        ta1_0.created_at 
    limit
        ?
2026-07-13T19:00:22.691+02:00 DEBUG 81128 --- [ProgettoNutrizionista] [nio-8080-exec-1] org.hibernate.SQL                        : 
    select
        count(ma1_0.id) 
    from
        messaggi_assistenza ma1_0 
    join
        ticket_assistenza t1_0 
            on t1_0.id=ma1_0.ticket_id 
    join
        utenti m1_0 
            on m1_0.id=ma1_0.mittente_id 
    where
        t1_0.id=? 
        and not(ma1_0.letto) 
        and m1_0.id<>?
Hibernate: 
    select
        count(ma1_0.id) 
    from
        messaggi_assistenza ma1_0 
    join
        ticket_assistenza t1_0 
            on t1_0.id=ma1_0.ticket_id 
    join
        utenti m1_0 
            on m1_0.id=ma1_0.mittente_id 
    where
        t1_0.id=? 
        and not(ma1_0.letto) 
        and m1_0.id<>?
2026-07-13T19:00:22.691+02:00 DEBUG 81128 --- [ProgettoNutrizionista] [nio-8080-exec-2] org.hibernate.SQL                        : 
    select
        count(ma1_0.id) 
    from
        messaggi_assistenza ma1_0 
    join
        ticket_assistenza t1_0 
            on t1_0.id=ma1_0.ticket_id 
    join
        utenti m1_0 
            on m1_0.id=ma1_0.mittente_id 
    where
        t1_0.id=? 
        and not(ma1_0.letto) 
        and m1_0.id<>?
Hibernate: 
    select
        count(ma1_0.id) 
    from
        messaggi_assistenza ma1_0 
    join
        ticket_assistenza t1_0 
            on t1_0.id=ma1_0.ticket_id 
    join
        utenti m1_0 
            on m1_0.id=ma1_0.mittente_id 
    where
        t1_0.id=? 
        and not(ma1_0.letto) 
        and m1_0.id<>?
2026-07-13T19:00:22.779+02:00 DEBUG 81128 --- [ProgettoNutrizionista] [nio-8080-exec-1] org.hibernate.SQL                        : 
    select
        u1_0.id,
        u1_0.codice_fiscale,
        u1_0.cognome,
        u1_0.created_at,
        u1_0.data_nascita,
        u1_0.email,
        u1_0.logo,
        u1_0.indirizzo,
        u1_0.last_login_at,
        u1_0.metodo_registrazione,
        u1_0.nome,
        u1_0.password,
        u1_0.pdf_tema_colore,
        r1_0.id,
        r1_0.alias,
        r1_0.created_at,
        r1_0.nome,
        r1_0.updated_at,
        u1_0.telefono,
        u1_0.updated_at 
    from
        utenti u1_0 
    left join
        ruoli r1_0 
            on r1_0.id=u1_0.ruolo_id 
    where
        u1_0.id=?
Hibernate: 
    select
        u1_0.id,
        u1_0.codice_fiscale,
        u1_0.cognome,
        u1_0.created_at,
        u1_0.data_nascita,
        u1_0.email,
        u1_0.logo,
        u1_0.indirizzo,
        u1_0.last_login_at,
        u1_0.metodo_registrazione,
        u1_0.nome,
        u1_0.password,
        u1_0.pdf_tema_colore,
        r1_0.id,
        r1_0.alias,
        r1_0.created_at,
        r1_0.nome,
        r1_0.updated_at,
        u1_0.telefono,
        u1_0.updated_at 
    from
        utenti u1_0 
    left join
        ruoli r1_0 
            on r1_0.id=u1_0.ruolo_id 
    where
        u1_0.id=?
2026-07-13T19:00:22.782+02:00 DEBUG 81128 --- [ProgettoNutrizionista] [nio-8080-exec-2] org.hibernate.SQL                        : 
    select
        u1_0.id,
        u1_0.codice_fiscale,
        u1_0.cognome,
        u1_0.created_at,
        u1_0.data_nascita,
        u1_0.email,
        u1_0.logo,
        u1_0.indirizzo,
        u1_0.last_login_at,
        u1_0.metodo_registrazione,
        u1_0.nome,
        u1_0.password,
        u1_0.pdf_tema_colore,
        r1_0.id,
        r1_0.alias,
        r1_0.created_at,
        r1_0.nome,
        r1_0.updated_at,
        u1_0.telefono,
        u1_0.updated_at 
    from
        utenti u1_0 
    left join
        ruoli r1_0 
            on r1_0.id=u1_0.ruolo_id 
    where
        u1_0.id=?
Hibernate: 
    select
        u1_0.id,
        u1_0.codice_fiscale,
        u1_0.cognome,
        u1_0.created_at,
        u1_0.data_nascita,
        u1_0.email,
        u1_0.logo,
        u1_0.indirizzo,
        u1_0.last_login_at,
        u1_0.metodo_registrazione,
        u1_0.nome,
        u1_0.password,
        u1_0.pdf_tema_colore,
        r1_0.id,
        r1_0.alias,
        r1_0.created_at,
        r1_0.nome,
        r1_0.updated_at,
        u1_0.telefono,
        u1_0.updated_at 
    from
        utenti u1_0 
    left join
        ruoli r1_0 
            on r1_0.id=u1_0.ruolo_id 
    where
        u1_0.id=?
2026-07-13T19:00:22.811+02:00 DEBUG 81128 --- [ProgettoNutrizionista] [nio-8080-exec-3] m.m.a.RequestResponseBodyMethodProcessor : Using 'application/json', given [application/json, text/plain, */*] and supported [application/json, application/*+json, application/yaml]
2026-07-13T19:00:22.813+02:00 DEBUG 81128 --- [ProgettoNutrizionista] [nio-8080-exec-3] m.m.a.RequestResponseBodyMethodProcessor : Writing [it.nutrizionista.restnutrizionista.dto.ConteggiAssistenzaDto@449b131c]
2026-07-13T19:00:22.815+02:00 DEBUG 81128 --- [ProgettoNutrizionista] [nio-8080-exec-3] o.s.web.servlet.DispatcherServlet        : Completed 200 OK
2026-07-13T19:00:23.012+02:00 DEBUG 81128 --- [ProgettoNutrizionista] [nio-8080-exec-2] m.m.a.RequestResponseBodyMethodProcessor : Using 'application/json', given [application/json, text/plain, */*] and supported [application/json, application/*+json, application/yaml]
2026-07-13T19:00:23.013+02:00 DEBUG 81128 --- [ProgettoNutrizionista] [nio-8080-exec-2] m.m.a.RequestResponseBodyMethodProcessor : Writing [it.nutrizionista.restnutrizionista.dto.PageResponse@73dc81e1]
2026-07-13T19:00:23.016+02:00 DEBUG 81128 --- [ProgettoNutrizionista] [nio-8080-exec-2] o.s.web.servlet.DispatcherServlet        : Completed 200 OK
2026-07-13T19:00:23.030+02:00 DEBUG 81128 --- [ProgettoNutrizionista] [nio-8080-exec-1] m.m.a.RequestResponseBodyMethodProcessor : Using 'application/json', given [application/json, text/plain, */*] and supported [application/json, application/*+json, application/yaml]
2026-07-13T19:00:23.031+02:00 DEBUG 81128 --- [ProgettoNutrizionista] [nio-8080-exec-1] m.m.a.RequestResponseBodyMethodProcessor : Writing [it.nutrizionista.restnutrizionista.dto.PageResponse@24fea375]
2026-07-13T19:00:23.033+02:00 DEBUG 81128 --- [ProgettoNutrizionista] [nio-8080-exec-1] o.s.web.servlet.DispatcherServlet        : Completed 200 OK
2026-07-13T19:00:23.048+02:00 DEBUG 81128 --- [ProgettoNutrizionista] [nio-8080-exec-9] o.s.web.servlet.DispatcherServlet        : GET "/api/admin/assistenza/tickets/2/messaggi?afterId=0", parameters={masked}
2026-07-13T19:00:23.051+02:00 DEBUG 81128 --- [ProgettoNutrizionista] [nio-8080-exec-9] s.w.s.m.m.a.RequestMappingHandlerMapping : Mapped to it.nutrizionista.restnutrizionista.controller.AdminAssistenzaController#messaggi(Long, Long)
2026-07-13T19:00:23.206+02:00 DEBUG 81128 --- [ProgettoNutrizionista] [nio-8080-exec-9] org.hibernate.SQL                        : 
    select
        u1_0.id,
        u1_0.codice_fiscale,
        u1_0.cognome,
        u1_0.created_at,
        u1_0.data_nascita,
        u1_0.email,
        u1_0.logo,
        u1_0.indirizzo,
        u1_0.last_login_at,
        u1_0.metodo_registrazione,
        u1_0.nome,
        u1_0.password,
        u1_0.pdf_tema_colore,
        r1_0.id,
        r1_0.alias,
        r1_0.created_at,
        r1_0.nome,
        rp1_0.ruolo_id,
        rp1_0.id,
        rp1_0.created_at,
        rp1_0.permesso_id,
        p1_0.id,
        p1_0.alias,
        p1_0.created_at,
        g1_0.id,
        g1_0.alias,
        g1_0.created_at,
        g1_0.nome,
        g1_0.updated_at,
        p1_0.nome,
        p1_0.updated_at,
        rp1_0.updated_at,
        r1_0.updated_at,
        u1_0.telefono,
        u1_0.updated_at 
    from
        utenti u1_0 
    left join
        ruoli r1_0 
            on r1_0.id=u1_0.ruolo_id 
    left join
        ruoli_permessi rp1_0 
            on r1_0.id=rp1_0.ruolo_id 
    left join
        permessi p1_0 
            on p1_0.id=rp1_0.permesso_id 
    left join
        gruppi g1_0 
            on g1_0.id=p1_0.gruppo_id 
    where
        u1_0.email=?
Hibernate: 
    select
        u1_0.id,
        u1_0.codice_fiscale,
        u1_0.cognome,
        u1_0.created_at,
        u1_0.data_nascita,
        u1_0.email,
        u1_0.logo,
        u1_0.indirizzo,
        u1_0.last_login_at,
        u1_0.metodo_registrazione,
        u1_0.nome,
        u1_0.password,
        u1_0.pdf_tema_colore,
        r1_0.id,
        r1_0.alias,
        r1_0.created_at,
        r1_0.nome,
        rp1_0.ruolo_id,
        rp1_0.id,
        rp1_0.created_at,
        rp1_0.permesso_id,
        p1_0.id,
        p1_0.alias,
        p1_0.created_at,
        g1_0.id,
        g1_0.alias,
        g1_0.created_at,
        g1_0.nome,
        g1_0.updated_at,
        p1_0.nome,
        p1_0.updated_at,
        rp1_0.updated_at,
        r1_0.updated_at,
        u1_0.telefono,
        u1_0.updated_at 
    from
        utenti u1_0 
    left join
        ruoli r1_0 
            on r1_0.id=u1_0.ruolo_id 
    left join
        ruoli_permessi rp1_0 
            on r1_0.id=rp1_0.ruolo_id 
    left join
        permessi p1_0 
            on p1_0.id=rp1_0.permesso_id 
    left join
        gruppi g1_0 
            on g1_0.id=p1_0.gruppo_id 
    where
        u1_0.email=?
2026-07-13T19:00:23.290+02:00 DEBUG 81128 --- [ProgettoNutrizionista] [nio-8080-exec-9] org.hibernate.SQL                        : 
    select
        ta1_0.id,
        ta1_0.accepted_at,
        ta1_0.closed_at,
        ta1_0.created_at,
        ta1_0.descrizione,
        ta1_0.motivo_rifiuto,
        ta1_0.nutrizionista_id,
        n1_0.id,
        n1_0.codice_fiscale,
        n1_0.cognome,
        n1_0.created_at,
        n1_0.data_nascita,
        n1_0.email,
        n1_0.logo,
        n1_0.indirizzo,
        n1_0.last_login_at,
        n1_0.metodo_registrazione,
        n1_0.nome,
        n1_0.password,
        n1_0.pdf_tema_colore,
        n1_0.ruolo_id,
        n1_0.telefono,
        n1_0.updated_at,
        ta1_0.oggetto,
        ta1_0.stato,
        ta1_0.updated_at,
        ta1_0.version 
    from
        ticket_assistenza ta1_0 
    join
        utenti n1_0 
            on n1_0.id=ta1_0.nutrizionista_id 
    where
        ta1_0.id=?
Hibernate: 
    select
        ta1_0.id,
        ta1_0.accepted_at,
        ta1_0.closed_at,
        ta1_0.created_at,
        ta1_0.descrizione,
        ta1_0.motivo_rifiuto,
        ta1_0.nutrizionista_id,
        n1_0.id,
        n1_0.codice_fiscale,
        n1_0.cognome,
        n1_0.created_at,
        n1_0.data_nascita,
        n1_0.email,
        n1_0.logo,
        n1_0.indirizzo,
        n1_0.last_login_at,
        n1_0.metodo_registrazione,
        n1_0.nome,
        n1_0.password,
        n1_0.pdf_tema_colore,
        n1_0.ruolo_id,
        n1_0.telefono,
        n1_0.updated_at,
        ta1_0.oggetto,
        ta1_0.stato,
        ta1_0.updated_at,
        ta1_0.version 
    from
        ticket_assistenza ta1_0 
    join
        utenti n1_0 
            on n1_0.id=ta1_0.nutrizionista_id 
    where
        ta1_0.id=?
2026-07-13T19:00:23.348+02:00 DEBUG 81128 --- [ProgettoNutrizionista] [nio-8080-exec-9] org.hibernate.SQL                        : 
    select
        r1_0.id,
        r1_0.alias,
        r1_0.created_at,
        r1_0.nome,
        r1_0.updated_at 
    from
        ruoli r1_0 
    where
        r1_0.id=?
Hibernate: 
    select
        r1_0.id,
        r1_0.alias,
        r1_0.created_at,
        r1_0.nome,
        r1_0.updated_at 
    from
        ruoli r1_0 
    where
        r1_0.id=?
2026-07-13T19:00:23.403+02:00 DEBUG 81128 --- [ProgettoNutrizionista] [nio-8080-exec-9] org.hibernate.SQL                        : 
    select
        ma1_0.id,
        ma1_0.created_at,
        ma1_0.letto,
        ma1_0.mittente_id,
        m1_0.id,
        m1_0.codice_fiscale,
        m1_0.cognome,
        m1_0.created_at,
        m1_0.data_nascita,
        m1_0.email,
        m1_0.logo,
        m1_0.indirizzo,
        m1_0.last_login_at,
        m1_0.metodo_registrazione,
        m1_0.nome,
        m1_0.password,
        m1_0.pdf_tema_colore,
        m1_0.ruolo_id,
        m1_0.telefono,
        m1_0.updated_at,
        ma1_0.testo,
        ma1_0.ticket_id 
    from
        messaggi_assistenza ma1_0 
    join
        utenti m1_0 
            on m1_0.id=ma1_0.mittente_id 
    where
        ma1_0.ticket_id=? 
        and ma1_0.id>? 
    order by
        ma1_0.id 
    limit
        ?
Hibernate: 
    select
        ma1_0.id,
        ma1_0.created_at,
        ma1_0.letto,
        ma1_0.mittente_id,
        m1_0.id,
        m1_0.codice_fiscale,
        m1_0.cognome,
        m1_0.created_at,
        m1_0.data_nascita,
        m1_0.email,
        m1_0.logo,
        m1_0.indirizzo,
        m1_0.last_login_at,
        m1_0.metodo_registrazione,
        m1_0.nome,
        m1_0.password,
        m1_0.pdf_tema_colore,
        m1_0.ruolo_id,
        m1_0.telefono,
        m1_0.updated_at,
        ma1_0.testo,
        ma1_0.ticket_id 
    from
        messaggi_assistenza ma1_0 
    join
        utenti m1_0 
            on m1_0.id=ma1_0.mittente_id 
    where
        ma1_0.ticket_id=? 
        and ma1_0.id>? 
    order by
        ma1_0.id 
    limit
        ?
2026-07-13T19:00:23.616+02:00 DEBUG 81128 --- [ProgettoNutrizionista] [nio-8080-exec-9] m.m.a.RequestResponseBodyMethodProcessor : Using 'application/json', given [application/json, text/plain, */*] and supported [application/json, application/*+json, application/yaml]
2026-07-13T19:00:23.617+02:00 DEBUG 81128 --- [ProgettoNutrizionista] [nio-8080-exec-9] m.m.a.RequestResponseBodyMethodProcessor : Writing [it.nutrizionista.restnutrizionista.dto.PollingMessaggiAssistenzaDto@4941992a]
2026-07-13T19:00:23.620+02:00 DEBUG 81128 --- [ProgettoNutrizionista] [nio-8080-exec-9] o.s.web.servlet.DispatcherServlet        : Completed 200 OK
2026-07-13T19:00:23.637+02:00 DEBUG 81128 --- [ProgettoNutrizionista] [nio-8080-exec-6] o.s.web.servlet.DispatcherServlet        : POST "/api/admin/assistenza/tickets/2/messaggi/letti", parameters={}
2026-07-13T19:00:23.638+02:00 DEBUG 81128 --- [ProgettoNutrizionista] [nio-8080-exec-6] s.w.s.m.m.a.RequestMappingHandlerMapping : Mapped to it.nutrizionista.restnutrizionista.controller.AdminAssistenzaController#letti(Long)
2026-07-13T19:00:23.739+02:00 DEBUG 81128 --- [ProgettoNutrizionista] [nio-8080-exec-6] org.hibernate.SQL                        : 
    select
        u1_0.id,
        u1_0.codice_fiscale,
        u1_0.cognome,
        u1_0.created_at,
        u1_0.data_nascita,
        u1_0.email,
        u1_0.logo,
        u1_0.indirizzo,
        u1_0.last_login_at,
        u1_0.metodo_registrazione,
        u1_0.nome,
        u1_0.password,
        u1_0.pdf_tema_colore,
        r1_0.id,
        r1_0.alias,
        r1_0.created_at,
        r1_0.nome,
        rp1_0.ruolo_id,
        rp1_0.id,
        rp1_0.created_at,
        rp1_0.permesso_id,
        p1_0.id,
        p1_0.alias,
        p1_0.created_at,
        g1_0.id,
        g1_0.alias,
        g1_0.created_at,
        g1_0.nome,
        g1_0.updated_at,
        p1_0.nome,
        p1_0.updated_at,
        rp1_0.updated_at,
        r1_0.updated_at,
        u1_0.telefono,
        u1_0.updated_at 
    from
        utenti u1_0 
    left join
        ruoli r1_0 
            on r1_0.id=u1_0.ruolo_id 
    left join
        ruoli_permessi rp1_0 
            on r1_0.id=rp1_0.ruolo_id 
    left join
        permessi p1_0 
            on p1_0.id=rp1_0.permesso_id 
    left join
        gruppi g1_0 
            on g1_0.id=p1_0.gruppo_id 
    where
        u1_0.email=?
Hibernate: 
    select
        u1_0.id,
        u1_0.codice_fiscale,
        u1_0.cognome,
        u1_0.created_at,
        u1_0.data_nascita,
        u1_0.email,
        u1_0.logo,
        u1_0.indirizzo,
        u1_0.last_login_at,
        u1_0.metodo_registrazione,
        u1_0.nome,
        u1_0.password,
        u1_0.pdf_tema_colore,
        r1_0.id,
        r1_0.alias,
        r1_0.created_at,
        r1_0.nome,
        rp1_0.ruolo_id,
        rp1_0.id,
        rp1_0.created_at,
        rp1_0.permesso_id,
        p1_0.id,
        p1_0.alias,
        p1_0.created_at,
        g1_0.id,
        g1_0.alias,
        g1_0.created_at,
        g1_0.nome,
        g1_0.updated_at,
        p1_0.nome,
        p1_0.updated_at,
        rp1_0.updated_at,
        r1_0.updated_at,
        u1_0.telefono,
        u1_0.updated_at 
    from
        utenti u1_0 
    left join
        ruoli r1_0 
            on r1_0.id=u1_0.ruolo_id 
    left join
        ruoli_permessi rp1_0 
            on r1_0.id=rp1_0.ruolo_id 
    left join
        permessi p1_0 
            on p1_0.id=rp1_0.permesso_id 
    left join
        gruppi g1_0 
            on g1_0.id=p1_0.gruppo_id 
    where
        u1_0.email=?
2026-07-13T19:00:23.831+02:00 DEBUG 81128 --- [ProgettoNutrizionista] [nio-8080-exec-6] org.hibernate.SQL                        : 
    select
        ta1_0.id,
        ta1_0.accepted_at,
        ta1_0.closed_at,
        ta1_0.created_at,
        ta1_0.descrizione,
        ta1_0.motivo_rifiuto,
        ta1_0.nutrizionista_id,
        n1_0.id,
        n1_0.codice_fiscale,
        n1_0.cognome,
        n1_0.created_at,
        n1_0.data_nascita,
        n1_0.email,
        n1_0.logo,
        n1_0.indirizzo,
        n1_0.last_login_at,
        n1_0.metodo_registrazione,
        n1_0.nome,
        n1_0.password,
        n1_0.pdf_tema_colore,
        n1_0.ruolo_id,
        n1_0.telefono,
        n1_0.updated_at,
        ta1_0.oggetto,
        ta1_0.stato,
        ta1_0.updated_at,
        ta1_0.version 
    from
        ticket_assistenza ta1_0 
    join
        utenti n1_0 
            on n1_0.id=ta1_0.nutrizionista_id 
    where
        ta1_0.id=?
Hibernate: 
    select
        ta1_0.id,
        ta1_0.accepted_at,
        ta1_0.closed_at,
        ta1_0.created_at,
        ta1_0.descrizione,
        ta1_0.motivo_rifiuto,
        ta1_0.nutrizionista_id,
        n1_0.id,
        n1_0.codice_fiscale,
        n1_0.cognome,
        n1_0.created_at,
        n1_0.data_nascita,
        n1_0.email,
        n1_0.logo,
        n1_0.indirizzo,
        n1_0.last_login_at,
        n1_0.metodo_registrazione,
        n1_0.nome,
        n1_0.password,
        n1_0.pdf_tema_colore,
        n1_0.ruolo_id,
        n1_0.telefono,
        n1_0.updated_at,
        ta1_0.oggetto,
        ta1_0.stato,
        ta1_0.updated_at,
        ta1_0.version 
    from
        ticket_assistenza ta1_0 
    join
        utenti n1_0 
            on n1_0.id=ta1_0.nutrizionista_id 
    where
        ta1_0.id=?
2026-07-13T19:00:23.895+02:00 DEBUG 81128 --- [ProgettoNutrizionista] [nio-8080-exec-6] org.hibernate.SQL                        : 
    select
        r1_0.id,
        r1_0.alias,
        r1_0.created_at,
        r1_0.nome,
        r1_0.updated_at 
    from
        ruoli r1_0 
    where
        r1_0.id=?
Hibernate: 
    select
        r1_0.id,
        r1_0.alias,
        r1_0.created_at,
        r1_0.nome,
        r1_0.updated_at 
    from
        ruoli r1_0 
    where
        r1_0.id=?
2026-07-13T19:00:23.956+02:00 DEBUG 81128 --- [ProgettoNutrizionista] [nio-8080-exec-6] org.hibernate.SQL                        : 
    update
        messaggi_assistenza ma1_0 
    set
        letto=1 
    where
        ma1_0.ticket_id=? 
        and ma1_0.mittente_id<>? 
        and ma1_0.letto=0
Hibernate: 
    update
        messaggi_assistenza ma1_0 
    set
        letto=1 
    where
        ma1_0.ticket_id=? 
        and ma1_0.mittente_id<>? 
        and ma1_0.letto=0
2026-07-13T19:00:24.204+02:00 DEBUG 81128 --- [ProgettoNutrizionista] [nio-8080-exec-6] o.s.w.s.m.m.a.HttpEntityMethodProcessor  : Using 'application/json', given [application/json, text/plain, */*] and supported [application/json, application/*+json, application/yaml]
2026-07-13T19:00:24.205+02:00 DEBUG 81128 --- [ProgettoNutrizionista] [nio-8080-exec-6] o.s.w.s.m.m.a.HttpEntityMethodProcessor  : Nothing to write: null body
2026-07-13T19:00:24.205+02:00 DEBUG 81128 --- [ProgettoNutrizionista] [nio-8080-exec-6] o.s.web.servlet.DispatcherServlet        : Completed 204 NO_CONTENT
2026-07-13T19:00:25.185+02:00 DEBUG 81128 --- [ProgettoNutrizionista] [nio-8080-exec-4] o.s.web.servlet.DispatcherServlet        : GET "/api/admin/assistenza/tickets/2/messaggi?afterId=0", parameters={masked}
2026-07-13T19:00:25.187+02:00 DEBUG 81128 --- [ProgettoNutrizionista] [nio-8080-exec-4] s.w.s.m.m.a.RequestMappingHandlerMapping : Mapped to it.nutrizionista.restnutrizionista.controller.AdminAssistenzaController#messaggi(Long, Long)
2026-07-13T19:00:25.430+02:00 DEBUG 81128 --- [ProgettoNutrizionista] [nio-8080-exec-4] org.hibernate.SQL                        : 
    select
        u1_0.id,
        u1_0.codice_fiscale,
        u1_0.cognome,
        u1_0.created_at,
        u1_0.data_nascita,
        u1_0.email,
        u1_0.logo,
        u1_0.indirizzo,
        u1_0.last_login_at,
        u1_0.metodo_registrazione,
        u1_0.nome,
        u1_0.password,
        u1_0.pdf_tema_colore,
        r1_0.id,
        r1_0.alias,
        r1_0.created_at,
        r1_0.nome,
        rp1_0.ruolo_id,
        rp1_0.id,
        rp1_0.created_at,
        rp1_0.permesso_id,
        p1_0.id,
        p1_0.alias,
        p1_0.created_at,
        g1_0.id,
        g1_0.alias,
        g1_0.created_at,
        g1_0.nome,
        g1_0.updated_at,
        p1_0.nome,
        p1_0.updated_at,
        rp1_0.updated_at,
        r1_0.updated_at,
        u1_0.telefono,
        u1_0.updated_at 
    from
        utenti u1_0 
    left join
        ruoli r1_0 
            on r1_0.id=u1_0.ruolo_id 
    left join
        ruoli_permessi rp1_0 
            on r1_0.id=rp1_0.ruolo_id 
    left join
        permessi p1_0 
            on p1_0.id=rp1_0.permesso_id 
    left join
        gruppi g1_0 
            on g1_0.id=p1_0.gruppo_id 
    where
        u1_0.email=?
Hibernate: 
    select
        u1_0.id,
        u1_0.codice_fiscale,
        u1_0.cognome,
        u1_0.created_at,
        u1_0.data_nascita,
        u1_0.email,
        u1_0.logo,
        u1_0.indirizzo,
        u1_0.last_login_at,
        u1_0.metodo_registrazione,
        u1_0.nome,
        u1_0.password,
        u1_0.pdf_tema_colore,
        r1_0.id,
        r1_0.alias,
        r1_0.created_at,
        r1_0.nome,
        rp1_0.ruolo_id,
        rp1_0.id,
        rp1_0.created_at,
        rp1_0.permesso_id,
        p1_0.id,
        p1_0.alias,
        p1_0.created_at,
        g1_0.id,
        g1_0.alias,
        g1_0.created_at,
        g1_0.nome,
        g1_0.updated_at,
        p1_0.nome,
        p1_0.updated_at,
        rp1_0.updated_at,
        r1_0.updated_at,
        u1_0.telefono,
        u1_0.updated_at 
    from
        utenti u1_0 
    left join
        ruoli r1_0 
            on r1_0.id=u1_0.ruolo_id 
    left join
        ruoli_permessi rp1_0 
            on r1_0.id=rp1_0.ruolo_id 
    left join
        permessi p1_0 
            on p1_0.id=rp1_0.permesso_id 
    left join
        gruppi g1_0 
            on g1_0.id=p1_0.gruppo_id 
    where
        u1_0.email=?
2026-07-13T19:00:25.507+02:00 DEBUG 81128 --- [ProgettoNutrizionista] [nio-8080-exec-4] org.hibernate.SQL                        : 
    select
        ta1_0.id,
        ta1_0.accepted_at,
        ta1_0.closed_at,
        ta1_0.created_at,
        ta1_0.descrizione,
        ta1_0.motivo_rifiuto,
        ta1_0.nutrizionista_id,
        n1_0.id,
        n1_0.codice_fiscale,
        n1_0.cognome,
        n1_0.created_at,
        n1_0.data_nascita,
        n1_0.email,
        n1_0.logo,
        n1_0.indirizzo,
        n1_0.last_login_at,
        n1_0.metodo_registrazione,
        n1_0.nome,
        n1_0.password,
        n1_0.pdf_tema_colore,
        n1_0.ruolo_id,
        n1_0.telefono,
        n1_0.updated_at,
        ta1_0.oggetto,
        ta1_0.stato,
        ta1_0.updated_at,
        ta1_0.version 
    from
        ticket_assistenza ta1_0 
    join
        utenti n1_0 
            on n1_0.id=ta1_0.nutrizionista_id 
    where
        ta1_0.id=?
Hibernate: 
    select
        ta1_0.id,
        ta1_0.accepted_at,
        ta1_0.closed_at,
        ta1_0.created_at,
        ta1_0.descrizione,
        ta1_0.motivo_rifiuto,
        ta1_0.nutrizionista_id,
        n1_0.id,
        n1_0.codice_fiscale,
        n1_0.cognome,
        n1_0.created_at,
        n1_0.data_nascita,
        n1_0.email,
        n1_0.logo,
        n1_0.indirizzo,
        n1_0.last_login_at,
        n1_0.metodo_registrazione,
        n1_0.nome,
        n1_0.password,
        n1_0.pdf_tema_colore,
        n1_0.ruolo_id,
        n1_0.telefono,
        n1_0.updated_at,
        ta1_0.oggetto,
        ta1_0.stato,
        ta1_0.updated_at,
        ta1_0.version 
    from
        ticket_assistenza ta1_0 
    join
        utenti n1_0 
            on n1_0.id=ta1_0.nutrizionista_id 
    where
        ta1_0.id=?
2026-07-13T19:00:25.568+02:00 DEBUG 81128 --- [ProgettoNutrizionista] [nio-8080-exec-4] org.hibernate.SQL                        : 
    select
        r1_0.id,
        r1_0.alias,
        r1_0.created_at,
        r1_0.nome,
        r1_0.updated_at 
    from
        ruoli r1_0 
    where
        r1_0.id=?
Hibernate: 
    select
        r1_0.id,
        r1_0.alias,
        r1_0.created_at,
        r1_0.nome,
        r1_0.updated_at 
    from
        ruoli r1_0 
    where
        r1_0.id=?
2026-07-13T19:00:25.619+02:00 DEBUG 81128 --- [ProgettoNutrizionista] [nio-8080-exec-4] org.hibernate.SQL                        : 
    select
        ma1_0.id,
        ma1_0.created_at,
        ma1_0.letto,
        ma1_0.mittente_id,
        m1_0.id,
        m1_0.codice_fiscale,
        m1_0.cognome,
        m1_0.created_at,
        m1_0.data_nascita,
        m1_0.email,
        m1_0.logo,
        m1_0.indirizzo,
        m1_0.last_login_at,
        m1_0.metodo_registrazione,
        m1_0.nome,
        m1_0.password,
        m1_0.pdf_tema_colore,
        m1_0.ruolo_id,
        m1_0.telefono,
        m1_0.updated_at,
        ma1_0.testo,
        ma1_0.ticket_id 
    from
        messaggi_assistenza ma1_0 
    join
        utenti m1_0 
            on m1_0.id=ma1_0.mittente_id 
    where
        ma1_0.ticket_id=? 
        and ma1_0.id>? 
    order by
        ma1_0.id 
    limit
        ?
Hibernate: 
    select
        ma1_0.id,
        ma1_0.created_at,
        ma1_0.letto,
        ma1_0.mittente_id,
        m1_0.id,
        m1_0.codice_fiscale,
        m1_0.cognome,
        m1_0.created_at,
        m1_0.data_nascita,
        m1_0.email,
        m1_0.logo,
        m1_0.indirizzo,
        m1_0.last_login_at,
        m1_0.metodo_registrazione,
        m1_0.nome,
        m1_0.password,
        m1_0.pdf_tema_colore,
        m1_0.ruolo_id,
        m1_0.telefono,
        m1_0.updated_at,
        ma1_0.testo,
        ma1_0.ticket_id 
    from
        messaggi_assistenza ma1_0 
    join
        utenti m1_0 
            on m1_0.id=ma1_0.mittente_id 
    where
        ma1_0.ticket_id=? 
        and ma1_0.id>? 
    order by
        ma1_0.id 
    limit
        ?
2026-07-13T19:00:25.819+02:00 DEBUG 81128 --- [ProgettoNutrizionista] [nio-8080-exec-4] m.m.a.RequestResponseBodyMethodProcessor : Using 'application/json', given [application/json, text/plain, */*] and supported [application/json, application/*+json, application/yaml]
2026-07-13T19:00:25.821+02:00 DEBUG 81128 --- [ProgettoNutrizionista] [nio-8080-exec-4] m.m.a.RequestResponseBodyMethodProcessor : Writing [it.nutrizionista.restnutrizionista.dto.PollingMessaggiAssistenzaDto@749661aa]
2026-07-13T19:00:25.823+02:00 DEBUG 81128 --- [ProgettoNutrizionista] [nio-8080-exec-4] o.s.web.servlet.DispatcherServlet        : Completed 200 OK
2026-07-13T19:00:29.189+02:00 DEBUG 81128 --- [ProgettoNutrizionista] [nio-8080-exec-7] o.s.web.servlet.DispatcherServlet        : GET "/api/admin/assistenza/tickets/2/messaggi?afterId=0", parameters={masked}
2026-07-13T19:00:29.192+02:00 DEBUG 81128 --- [ProgettoNutrizionista] [nio-8080-exec-7] s.w.s.m.m.a.RequestMappingHandlerMapping : Mapped to it.nutrizionista.restnutrizionista.controller.AdminAssistenzaController#messaggi(Long, Long)
2026-07-13T19:00:29.335+02:00 DEBUG 81128 --- [ProgettoNutrizionista] [nio-8080-exec-7] org.hibernate.SQL                        : 
    select
        u1_0.id,
        u1_0.codice_fiscale,
        u1_0.cognome,
        u1_0.created_at,
        u1_0.data_nascita,
        u1_0.email,
        u1_0.logo,
        u1_0.indirizzo,
        u1_0.last_login_at,
        u1_0.metodo_registrazione,
        u1_0.nome,
        u1_0.password,
        u1_0.pdf_tema_colore,
        r1_0.id,
        r1_0.alias,
        r1_0.created_at,
        r1_0.nome,
        rp1_0.ruolo_id,
        rp1_0.id,
        rp1_0.created_at,
        rp1_0.permesso_id,
        p1_0.id,
        p1_0.alias,
        p1_0.created_at,
        g1_0.id,
        g1_0.alias,
        g1_0.created_at,
        g1_0.nome,
        g1_0.updated_at,
        p1_0.nome,
        p1_0.updated_at,
        rp1_0.updated_at,
        r1_0.updated_at,
        u1_0.telefono,
        u1_0.updated_at 
    from
        utenti u1_0 
    left join
        ruoli r1_0 
            on r1_0.id=u1_0.ruolo_id 
    left join
        ruoli_permessi rp1_0 
            on r1_0.id=rp1_0.ruolo_id 
    left join
        permessi p1_0 
            on p1_0.id=rp1_0.permesso_id 
    left join
        gruppi g1_0 
            on g1_0.id=p1_0.gruppo_id 
    where
        u1_0.email=?
Hibernate: 
    select
        u1_0.id,
        u1_0.codice_fiscale,
        u1_0.cognome,
        u1_0.created_at,
        u1_0.data_nascita,
        u1_0.email,
        u1_0.logo,
        u1_0.indirizzo,
        u1_0.last_login_at,
        u1_0.metodo_registrazione,
        u1_0.nome,
        u1_0.password,
        u1_0.pdf_tema_colore,
        r1_0.id,
        r1_0.alias,
        r1_0.created_at,
        r1_0.nome,
        rp1_0.ruolo_id,
        rp1_0.id,
        rp1_0.created_at,
        rp1_0.permesso_id,
        p1_0.id,
        p1_0.alias,
        p1_0.created_at,
        g1_0.id,
        g1_0.alias,
        g1_0.created_at,
        g1_0.nome,
        g1_0.updated_at,
        p1_0.nome,
        p1_0.updated_at,
        rp1_0.updated_at,
        r1_0.updated_at,
        u1_0.telefono,
        u1_0.updated_at 
    from
        utenti u1_0 
    left join
        ruoli r1_0 
            on r1_0.id=u1_0.ruolo_id 
    left join
        ruoli_permessi rp1_0 
            on r1_0.id=rp1_0.ruolo_id 
    left join
        permessi p1_0 
            on p1_0.id=rp1_0.permesso_id 
    left join
        gruppi g1_0 
            on g1_0.id=p1_0.gruppo_id 
    where
        u1_0.email=?
2026-07-13T19:00:29.412+02:00 DEBUG 81128 --- [ProgettoNutrizionista] [nio-8080-exec-7] org.hibernate.SQL                        : 
    select
        ta1_0.id,
        ta1_0.accepted_at,
        ta1_0.closed_at,
        ta1_0.created_at,
        ta1_0.descrizione,
        ta1_0.motivo_rifiuto,
        ta1_0.nutrizionista_id,
        n1_0.id,
        n1_0.codice_fiscale,
        n1_0.cognome,
        n1_0.created_at,
        n1_0.data_nascita,
        n1_0.email,
        n1_0.logo,
        n1_0.indirizzo,
        n1_0.last_login_at,
        n1_0.metodo_registrazione,
        n1_0.nome,
        n1_0.password,
        n1_0.pdf_tema_colore,
        n1_0.ruolo_id,
        n1_0.telefono,
        n1_0.updated_at,
        ta1_0.oggetto,
        ta1_0.stato,
        ta1_0.updated_at,
        ta1_0.version 
    from
        ticket_assistenza ta1_0 
    join
        utenti n1_0 
            on n1_0.id=ta1_0.nutrizionista_id 
    where
        ta1_0.id=?
Hibernate: 
    select
        ta1_0.id,
        ta1_0.accepted_at,
        ta1_0.closed_at,
        ta1_0.created_at,
        ta1_0.descrizione,
        ta1_0.motivo_rifiuto,
        ta1_0.nutrizionista_id,
        n1_0.id,
        n1_0.codice_fiscale,
        n1_0.cognome,
        n1_0.created_at,
        n1_0.data_nascita,
        n1_0.email,
        n1_0.logo,
        n1_0.indirizzo,
        n1_0.last_login_at,
        n1_0.metodo_registrazione,
        n1_0.nome,
        n1_0.password,
        n1_0.pdf_tema_colore,
        n1_0.ruolo_id,
        n1_0.telefono,
        n1_0.updated_at,
        ta1_0.oggetto,
        ta1_0.stato,
        ta1_0.updated_at,
        ta1_0.version 
    from
        ticket_assistenza ta1_0 
    join
        utenti n1_0 
            on n1_0.id=ta1_0.nutrizionista_id 
    where
        ta1_0.id=?
2026-07-13T19:00:29.474+02:00 DEBUG 81128 --- [ProgettoNutrizionista] [nio-8080-exec-7] org.hibernate.SQL                        : 
    select
        r1_0.id,
        r1_0.alias,
        r1_0.created_at,
        r1_0.nome,
        r1_0.updated_at 
    from
        ruoli r1_0 
    where
        r1_0.id=?
Hibernate: 
    select
        r1_0.id,
        r1_0.alias,
        r1_0.created_at,
        r1_0.nome,
        r1_0.updated_at 
    from
        ruoli r1_0 
    where
        r1_0.id=?
2026-07-13T19:00:29.526+02:00 DEBUG 81128 --- [ProgettoNutrizionista] [nio-8080-exec-7] org.hibernate.SQL                        : 
    select
        ma1_0.id,
        ma1_0.created_at,
        ma1_0.letto,
        ma1_0.mittente_id,
        m1_0.id,
        m1_0.codice_fiscale,
        m1_0.cognome,
        m1_0.created_at,
        m1_0.data_nascita,
        m1_0.email,
        m1_0.logo,
        m1_0.indirizzo,
        m1_0.last_login_at,
        m1_0.metodo_registrazione,
        m1_0.nome,
        m1_0.password,
        m1_0.pdf_tema_colore,
        m1_0.ruolo_id,
        m1_0.telefono,
        m1_0.updated_at,
        ma1_0.testo,
        ma1_0.ticket_id 
    from
        messaggi_assistenza ma1_0 
    join
        utenti m1_0 
            on m1_0.id=ma1_0.mittente_id 
    where
        ma1_0.ticket_id=? 
        and ma1_0.id>? 
    order by
        ma1_0.id 
    limit
        ?
Hibernate: 
    select
        ma1_0.id,
        ma1_0.created_at,
        ma1_0.letto,
        ma1_0.mittente_id,
        m1_0.id,
        m1_0.codice_fiscale,
        m1_0.cognome,
        m1_0.created_at,
        m1_0.data_nascita,
        m1_0.email,
        m1_0.logo,
        m1_0.indirizzo,
        m1_0.last_login_at,
        m1_0.metodo_registrazione,
        m1_0.nome,
        m1_0.password,
        m1_0.pdf_tema_colore,
        m1_0.ruolo_id,
        m1_0.telefono,
        m1_0.updated_at,
        ma1_0.testo,
        ma1_0.ticket_id 
    from
        messaggi_assistenza ma1_0 
    join
        utenti m1_0 
            on m1_0.id=ma1_0.mittente_id 
    where
        ma1_0.ticket_id=? 
        and ma1_0.id>? 
    order by
        ma1_0.id 
    limit
        ?
2026-07-13T19:00:29.746+02:00 DEBUG 81128 --- [ProgettoNutrizionista] [nio-8080-exec-7] m.m.a.RequestResponseBodyMethodProcessor : Using 'application/json', given [application/json, text/plain, */*] and supported [application/json, application/*+json, application/yaml]
2026-07-13T19:00:29.748+02:00 DEBUG 81128 --- [ProgettoNutrizionista] [nio-8080-exec-7] m.m.a.RequestResponseBodyMethodProcessor : Writing [it.nutrizionista.restnutrizionista.dto.PollingMessaggiAssistenzaDto@76624193]
2026-07-13T19:00:29.749+02:00 DEBUG 81128 --- [ProgettoNutrizionista] [nio-8080-exec-7] o.s.web.servlet.DispatcherServlet        : Completed 200 OK
2026-07-13T19:00:30.614+02:00 DEBUG 81128 --- [ProgettoNutrizionista] [nio-8080-exec-3] o.s.web.servlet.DispatcherServlet        : POST "/api/admin/assistenza/tickets/2/messaggi", parameters={}
2026-07-13T19:00:30.616+02:00 DEBUG 81128 --- [ProgettoNutrizionista] [nio-8080-exec-3] s.w.s.m.m.a.RequestMappingHandlerMapping : Mapped to it.nutrizionista.restnutrizionista.controller.AdminAssistenzaController#invia(Long, CreaMessaggioAssistenzaRequest)
2026-07-13T19:00:30.617+02:00 DEBUG 81128 --- [ProgettoNutrizionista] [nio-8080-exec-3] m.m.a.RequestResponseBodyMethodProcessor : Read "application/json;charset=UTF-8" to [it.nutrizionista.restnutrizionista.dto.CreaMessaggioAssistenzaRequest@1b8b0e0e]
2026-07-13T19:00:30.715+02:00 DEBUG 81128 --- [ProgettoNutrizionista] [nio-8080-exec-3] org.hibernate.SQL                        : 
    select
        u1_0.id,
        u1_0.codice_fiscale,
        u1_0.cognome,
        u1_0.created_at,
        u1_0.data_nascita,
        u1_0.email,
        u1_0.logo,
        u1_0.indirizzo,
        u1_0.last_login_at,
        u1_0.metodo_registrazione,
        u1_0.nome,
        u1_0.password,
        u1_0.pdf_tema_colore,
        r1_0.id,
        r1_0.alias,
        r1_0.created_at,
        r1_0.nome,
        rp1_0.ruolo_id,
        rp1_0.id,
        rp1_0.created_at,
        rp1_0.permesso_id,
        p1_0.id,
        p1_0.alias,
        p1_0.created_at,
        g1_0.id,
        g1_0.alias,
        g1_0.created_at,
        g1_0.nome,
        g1_0.updated_at,
        p1_0.nome,
        p1_0.updated_at,
        rp1_0.updated_at,
        r1_0.updated_at,
        u1_0.telefono,
        u1_0.updated_at 
    from
        utenti u1_0 
    left join
        ruoli r1_0 
            on r1_0.id=u1_0.ruolo_id 
    left join
        ruoli_permessi rp1_0 
            on r1_0.id=rp1_0.ruolo_id 
    left join
        permessi p1_0 
            on p1_0.id=rp1_0.permesso_id 
    left join
        gruppi g1_0 
            on g1_0.id=p1_0.gruppo_id 
    where
        u1_0.email=?
Hibernate: 
    select
        u1_0.id,
        u1_0.codice_fiscale,
        u1_0.cognome,
        u1_0.created_at,
        u1_0.data_nascita,
        u1_0.email,
        u1_0.logo,
        u1_0.indirizzo,
        u1_0.last_login_at,
        u1_0.metodo_registrazione,
        u1_0.nome,
        u1_0.password,
        u1_0.pdf_tema_colore,
        r1_0.id,
        r1_0.alias,
        r1_0.created_at,
        r1_0.nome,
        rp1_0.ruolo_id,
        rp1_0.id,
        rp1_0.created_at,
        rp1_0.permesso_id,
        p1_0.id,
        p1_0.alias,
        p1_0.created_at,
        g1_0.id,
        g1_0.alias,
        g1_0.created_at,
        g1_0.nome,
        g1_0.updated_at,
        p1_0.nome,
        p1_0.updated_at,
        rp1_0.updated_at,
        r1_0.updated_at,
        u1_0.telefono,
        u1_0.updated_at 
    from
        utenti u1_0 
    left join
        ruoli r1_0 
            on r1_0.id=u1_0.ruolo_id 
    left join
        ruoli_permessi rp1_0 
            on r1_0.id=rp1_0.ruolo_id 
    left join
        permessi p1_0 
            on p1_0.id=rp1_0.permesso_id 
    left join
        gruppi g1_0 
            on g1_0.id=p1_0.gruppo_id 
    where
        u1_0.email=?
2026-07-13T19:00:30.788+02:00 DEBUG 81128 --- [ProgettoNutrizionista] [nio-8080-exec-3] org.hibernate.SQL                        : 
    select
        ta1_0.id,
        ta1_0.accepted_at,
        ta1_0.closed_at,
        ta1_0.created_at,
        ta1_0.descrizione,
        ta1_0.motivo_rifiuto,
        ta1_0.nutrizionista_id,
        n1_0.id,
        n1_0.codice_fiscale,
        n1_0.cognome,
        n1_0.created_at,
        n1_0.data_nascita,
        n1_0.email,
        n1_0.logo,
        n1_0.indirizzo,
        n1_0.last_login_at,
        n1_0.metodo_registrazione,
        n1_0.nome,
        n1_0.password,
        n1_0.pdf_tema_colore,
        n1_0.ruolo_id,
        n1_0.telefono,
        n1_0.updated_at,
        ta1_0.oggetto,
        ta1_0.stato,
        ta1_0.updated_at,
        ta1_0.version 
    from
        ticket_assistenza ta1_0 
    join
        utenti n1_0 
            on n1_0.id=ta1_0.nutrizionista_id 
    where
        ta1_0.id=?
Hibernate: 
    select
        ta1_0.id,
        ta1_0.accepted_at,
        ta1_0.closed_at,
        ta1_0.created_at,
        ta1_0.descrizione,
        ta1_0.motivo_rifiuto,
        ta1_0.nutrizionista_id,
        n1_0.id,
        n1_0.codice_fiscale,
        n1_0.cognome,
        n1_0.created_at,
        n1_0.data_nascita,
        n1_0.email,
        n1_0.logo,
        n1_0.indirizzo,
        n1_0.last_login_at,
        n1_0.metodo_registrazione,
        n1_0.nome,
        n1_0.password,
        n1_0.pdf_tema_colore,
        n1_0.ruolo_id,
        n1_0.telefono,
        n1_0.updated_at,
        ta1_0.oggetto,
        ta1_0.stato,
        ta1_0.updated_at,
        ta1_0.version 
    from
        ticket_assistenza ta1_0 
    join
        utenti n1_0 
            on n1_0.id=ta1_0.nutrizionista_id 
    where
        ta1_0.id=?
2026-07-13T19:00:30.853+02:00 DEBUG 81128 --- [ProgettoNutrizionista] [nio-8080-exec-3] org.hibernate.SQL                        : 
    select
        r1_0.id,
        r1_0.alias,
        r1_0.created_at,
        r1_0.nome,
        r1_0.updated_at 
    from
        ruoli r1_0 
    where
        r1_0.id=?
Hibernate: 
    select
        r1_0.id,
        r1_0.alias,
        r1_0.created_at,
        r1_0.nome,
        r1_0.updated_at 
    from
        ruoli r1_0 
    where
        r1_0.id=?
2026-07-13T19:00:30.937+02:00 DEBUG 81128 --- [ProgettoNutrizionista] [nio-8080-exec-3] org.hibernate.SQL                        : 
    insert 
    into
        messaggi_assistenza
        (created_at, letto, mittente_id, testo, ticket_id) 
    values
        (?, ?, ?, ?, ?)
Hibernate: 
    insert 
    into
        messaggi_assistenza
        (created_at, letto, mittente_id, testo, ticket_id) 
    values
        (?, ?, ?, ?, ?)
2026-07-13T19:00:31.121+02:00 DEBUG 81128 --- [ProgettoNutrizionista] [nio-8080-exec-3] o.s.w.s.m.m.a.HttpEntityMethodProcessor  : Using 'application/json', given [application/json, text/plain, */*] and supported [application/json, application/*+json, application/yaml]
2026-07-13T19:00:31.129+02:00 DEBUG 81128 --- [ProgettoNutrizionista] [nio-8080-exec-3] o.s.w.s.m.m.a.HttpEntityMethodProcessor  : Writing [it.nutrizionista.restnutrizionista.dto.MessaggioAssistenzaDto@e6eede6]
2026-07-13T19:00:31.133+02:00 DEBUG 81128 --- [ProgettoNutrizionista] [nio-8080-exec-3] o.s.web.servlet.DispatcherServlet        : Completed 201 CREATED
2026-07-13T19:00:31.190+02:00 DEBUG 81128 --- [ProgettoNutrizionista] [nio-8080-exec-6] o.s.web.servlet.DispatcherServlet        : GET "/api/admin/assistenza/tickets?stato=ACCETTATO&page=0&size=50", parameters={masked}
2026-07-13T19:00:31.192+02:00 DEBUG 81128 --- [ProgettoNutrizionista] [nio-8080-exec-6] s.w.s.m.m.a.RequestMappingHandlerMapping : Mapped to it.nutrizionista.restnutrizionista.controller.AdminAssistenzaController#lista(StatoTicket, int, int)
2026-07-13T19:00:31.191+02:00 DEBUG 81128 --- [ProgettoNutrizionista] [nio-8080-exec-1] o.s.web.servlet.DispatcherServlet        : GET "/api/admin/assistenza/tickets?stato=IN_ATTESA&page=0&size=50", parameters={masked}
2026-07-13T19:00:31.192+02:00 DEBUG 81128 --- [ProgettoNutrizionista] [nio-8080-exec-4] o.s.web.servlet.DispatcherServlet        : GET "/api/admin/assistenza/tickets/conteggi", parameters={}
2026-07-13T19:00:31.196+02:00 DEBUG 81128 --- [ProgettoNutrizionista] [nio-8080-exec-1] s.w.s.m.m.a.RequestMappingHandlerMapping : Mapped to it.nutrizionista.restnutrizionista.controller.AdminAssistenzaController#lista(StatoTicket, int, int)
2026-07-13T19:00:31.197+02:00 DEBUG 81128 --- [ProgettoNutrizionista] [nio-8080-exec-4] s.w.s.m.m.a.RequestMappingHandlerMapping : Mapped to it.nutrizionista.restnutrizionista.controller.AdminAssistenzaController#conteggi()
2026-07-13T19:00:31.298+02:00 DEBUG 81128 --- [ProgettoNutrizionista] [nio-8080-exec-4] org.hibernate.SQL                        : 
    select
        count(ta1_0.id) 
    from
        ticket_assistenza ta1_0 
    where
        ta1_0.stato=?
Hibernate: 
    select
        count(ta1_0.id) 
    from
        ticket_assistenza ta1_0 
    where
        ta1_0.stato=?
2026-07-13T19:00:31.345+02:00 DEBUG 81128 --- [ProgettoNutrizionista] [nio-8080-exec-1] org.hibernate.SQL                        : 
    select
        u1_0.id,
        u1_0.codice_fiscale,
        u1_0.cognome,
        u1_0.created_at,
        u1_0.data_nascita,
        u1_0.email,
        u1_0.logo,
        u1_0.indirizzo,
        u1_0.last_login_at,
        u1_0.metodo_registrazione,
        u1_0.nome,
        u1_0.password,
        u1_0.pdf_tema_colore,
        r1_0.id,
        r1_0.alias,
        r1_0.created_at,
        r1_0.nome,
        rp1_0.ruolo_id,
        rp1_0.id,
        rp1_0.created_at,
        rp1_0.permesso_id,
        p1_0.id,
        p1_0.alias,
        p1_0.created_at,
        g1_0.id,
        g1_0.alias,
        g1_0.created_at,
        g1_0.nome,
        g1_0.updated_at,
        p1_0.nome,
        p1_0.updated_at,
        rp1_0.updated_at,
        r1_0.updated_at,
        u1_0.telefono,
        u1_0.updated_at 
    from
        utenti u1_0 
    left join
        ruoli r1_0 
            on r1_0.id=u1_0.ruolo_id 
    left join
        ruoli_permessi rp1_0 
            on r1_0.id=rp1_0.ruolo_id 
    left join
        permessi p1_0 
            on p1_0.id=rp1_0.permesso_id 
    left join
        gruppi g1_0 
            on g1_0.id=p1_0.gruppo_id 
    where
        u1_0.email=?
2026-07-13T19:00:31.345+02:00 DEBUG 81128 --- [ProgettoNutrizionista] [nio-8080-exec-6] org.hibernate.SQL                        : 
    select
        u1_0.id,
        u1_0.codice_fiscale,
        u1_0.cognome,
        u1_0.created_at,
        u1_0.data_nascita,
        u1_0.email,
        u1_0.logo,
        u1_0.indirizzo,
        u1_0.last_login_at,
        u1_0.metodo_registrazione,
        u1_0.nome,
        u1_0.password,
        u1_0.pdf_tema_colore,
        r1_0.id,
        r1_0.alias,
        r1_0.created_at,
        r1_0.nome,
        rp1_0.ruolo_id,
        rp1_0.id,
        rp1_0.created_at,
        rp1_0.permesso_id,
        p1_0.id,
        p1_0.alias,
        p1_0.created_at,
        g1_0.id,
        g1_0.alias,
        g1_0.created_at,
        g1_0.nome,
        g1_0.updated_at,
        p1_0.nome,
        p1_0.updated_at,
        rp1_0.updated_at,
        r1_0.updated_at,
        u1_0.telefono,
        u1_0.updated_at 
    from
        utenti u1_0 
    left join
        ruoli r1_0 
            on r1_0.id=u1_0.ruolo_id 
    left join
        ruoli_permessi rp1_0 
            on r1_0.id=rp1_0.ruolo_id 
    left join
        permessi p1_0 
            on p1_0.id=rp1_0.permesso_id 
    left join
        gruppi g1_0 
            on g1_0.id=p1_0.gruppo_id 
    where
        u1_0.email=?
Hibernate: 
    select
        u1_0.id,
        u1_0.codice_fiscale,
        u1_0.cognome,
        u1_0.created_at,
        u1_0.data_nascita,
        u1_0.email,
        u1_0.logo,
        u1_0.indirizzo,
        u1_0.last_login_at,
        u1_0.metodo_registrazione,
        u1_0.nome,
        u1_0.password,
        u1_0.pdf_tema_colore,
        r1_0.id,
        r1_0.alias,
        r1_0.created_at,
        r1_0.nome,
        rp1_0.ruolo_id,
        rp1_0.id,
        rp1_0.created_at,
        rp1_0.permesso_id,
        p1_0.id,
        p1_0.alias,
        p1_0.created_at,
        g1_0.id,
        g1_0.alias,
        g1_0.created_at,
        g1_0.nome,
        g1_0.updated_at,
        p1_0.nome,
        p1_0.updated_at,
        rp1_0.updated_at,
        r1_0.updated_at,
        u1_0.telefono,
        u1_0.updated_at 
    from
        utenti u1_0 
    left join
        ruoli r1_0 
            on r1_0.id=u1_0.ruolo_id 
    left join
        ruoli_permessi rp1_0 
            on r1_0.id=rp1_0.ruolo_id 
    left join
        permessi p1_0 
            on p1_0.id=rp1_0.permesso_id 
    left join
        gruppi g1_0 
            on g1_0.id=p1_0.gruppo_id 
    where
        u1_0.email=?
Hibernate: 
    select
        u1_0.id,
        u1_0.codice_fiscale,
        u1_0.cognome,
        u1_0.created_at,
        u1_0.data_nascita,
        u1_0.email,
        u1_0.logo,
        u1_0.indirizzo,
        u1_0.last_login_at,
        u1_0.metodo_registrazione,
        u1_0.nome,
        u1_0.password,
        u1_0.pdf_tema_colore,
        r1_0.id,
        r1_0.alias,
        r1_0.created_at,
        r1_0.nome,
        rp1_0.ruolo_id,
        rp1_0.id,
        rp1_0.created_at,
        rp1_0.permesso_id,
        p1_0.id,
        p1_0.alias,
        p1_0.created_at,
        g1_0.id,
        g1_0.alias,
        g1_0.created_at,
        g1_0.nome,
        g1_0.updated_at,
        p1_0.nome,
        p1_0.updated_at,
        rp1_0.updated_at,
        r1_0.updated_at,
        u1_0.telefono,
        u1_0.updated_at 
    from
        utenti u1_0 
    left join
        ruoli r1_0 
            on r1_0.id=u1_0.ruolo_id 
    left join
        ruoli_permessi rp1_0 
            on r1_0.id=rp1_0.ruolo_id 
    left join
        permessi p1_0 
            on p1_0.id=rp1_0.permesso_id 
    left join
        gruppi g1_0 
            on g1_0.id=p1_0.gruppo_id 
    where
        u1_0.email=?
2026-07-13T19:00:31.368+02:00 DEBUG 81128 --- [ProgettoNutrizionista] [nio-8080-exec-4] org.hibernate.SQL                        : 
    select
        count(ta1_0.id) 
    from
        ticket_assistenza ta1_0 
    where
        ta1_0.stato=?
Hibernate: 
    select
        count(ta1_0.id) 
    from
        ticket_assistenza ta1_0 
    where
        ta1_0.stato=?
2026-07-13T19:00:31.456+02:00 DEBUG 81128 --- [ProgettoNutrizionista] [nio-8080-exec-6] org.hibernate.SQL                        : 
    select
        ta1_0.id,
        ta1_0.accepted_at,
        ta1_0.closed_at,
        ta1_0.created_at,
        ta1_0.descrizione,
        ta1_0.motivo_rifiuto,
        ta1_0.nutrizionista_id,
        ta1_0.oggetto,
        ta1_0.stato,
        ta1_0.updated_at,
        ta1_0.version 
    from
        ticket_assistenza ta1_0 
    where
        ta1_0.stato=? 
    order by
        ta1_0.created_at,
        ta1_0.created_at 
    limit
        ?
Hibernate: 
    select
        ta1_0.id,
        ta1_0.accepted_at,
        ta1_0.closed_at,
        ta1_0.created_at,
        ta1_0.descrizione,
        ta1_0.motivo_rifiuto,
        ta1_0.nutrizionista_id,
        ta1_0.oggetto,
        ta1_0.stato,
        ta1_0.updated_at,
        ta1_0.version 
    from
        ticket_assistenza ta1_0 
    where
        ta1_0.stato=? 
    order by
        ta1_0.created_at,
        ta1_0.created_at 
    limit
        ?
2026-07-13T19:00:31.456+02:00 DEBUG 81128 --- [ProgettoNutrizionista] [nio-8080-exec-1] org.hibernate.SQL                        : 
    select
        ta1_0.id,
        ta1_0.accepted_at,
        ta1_0.closed_at,
        ta1_0.created_at,
        ta1_0.descrizione,
        ta1_0.motivo_rifiuto,
        ta1_0.nutrizionista_id,
        ta1_0.oggetto,
        ta1_0.stato,
        ta1_0.updated_at,
        ta1_0.version 
    from
        ticket_assistenza ta1_0 
    where
        ta1_0.stato=? 
    order by
        ta1_0.created_at,
        ta1_0.created_at 
    limit
        ?
Hibernate: 
    select
        ta1_0.id,
        ta1_0.accepted_at,
        ta1_0.closed_at,
        ta1_0.created_at,
        ta1_0.descrizione,
        ta1_0.motivo_rifiuto,
        ta1_0.nutrizionista_id,
        ta1_0.oggetto,
        ta1_0.stato,
        ta1_0.updated_at,
        ta1_0.version 
    from
        ticket_assistenza ta1_0 
    where
        ta1_0.stato=? 
    order by
        ta1_0.created_at,
        ta1_0.created_at 
    limit
        ?
2026-07-13T19:00:31.516+02:00 DEBUG 81128 --- [ProgettoNutrizionista] [nio-8080-exec-1] org.hibernate.SQL                        : 
    select
        count(ma1_0.id) 
    from
        messaggi_assistenza ma1_0 
    join
        ticket_assistenza t1_0 
            on t1_0.id=ma1_0.ticket_id 
    join
        utenti m1_0 
            on m1_0.id=ma1_0.mittente_id 
    where
        t1_0.id=? 
        and not(ma1_0.letto) 
        and m1_0.id<>?
Hibernate: 
    select
        count(ma1_0.id) 
    from
        messaggi_assistenza ma1_0 
    join
        ticket_assistenza t1_0 
            on t1_0.id=ma1_0.ticket_id 
    join
        utenti m1_0 
            on m1_0.id=ma1_0.mittente_id 
    where
        t1_0.id=? 
        and not(ma1_0.letto) 
        and m1_0.id<>?
2026-07-13T19:00:31.518+02:00 DEBUG 81128 --- [ProgettoNutrizionista] [nio-8080-exec-6] org.hibernate.SQL                        : 
    select
        count(ma1_0.id) 
    from
        messaggi_assistenza ma1_0 
    join
        ticket_assistenza t1_0 
            on t1_0.id=ma1_0.ticket_id 
    join
        utenti m1_0 
            on m1_0.id=ma1_0.mittente_id 
    where
        t1_0.id=? 
        and not(ma1_0.letto) 
        and m1_0.id<>?
Hibernate: 
    select
        count(ma1_0.id) 
    from
        messaggi_assistenza ma1_0 
    join
        ticket_assistenza t1_0 
            on t1_0.id=ma1_0.ticket_id 
    join
        utenti m1_0 
            on m1_0.id=ma1_0.mittente_id 
    where
        t1_0.id=? 
        and not(ma1_0.letto) 
        and m1_0.id<>?
2026-07-13T19:00:31.573+02:00 DEBUG 81128 --- [ProgettoNutrizionista] [nio-8080-exec-4] m.m.a.RequestResponseBodyMethodProcessor : Using 'application/json', given [application/json, text/plain, */*] and supported [application/json, application/*+json, application/yaml]
2026-07-13T19:00:31.573+02:00 DEBUG 81128 --- [ProgettoNutrizionista] [nio-8080-exec-4] m.m.a.RequestResponseBodyMethodProcessor : Writing [it.nutrizionista.restnutrizionista.dto.ConteggiAssistenzaDto@198c782b]
2026-07-13T19:00:31.576+02:00 DEBUG 81128 --- [ProgettoNutrizionista] [nio-8080-exec-4] o.s.web.servlet.DispatcherServlet        : Completed 200 OK
2026-07-13T19:00:31.582+02:00 DEBUG 81128 --- [ProgettoNutrizionista] [nio-8080-exec-1] org.hibernate.SQL                        : 
    select
        u1_0.id,
        u1_0.codice_fiscale,
        u1_0.cognome,
        u1_0.created_at,
        u1_0.data_nascita,
        u1_0.email,
        u1_0.logo,
        u1_0.indirizzo,
        u1_0.last_login_at,
        u1_0.metodo_registrazione,
        u1_0.nome,
        u1_0.password,
        u1_0.pdf_tema_colore,
        r1_0.id,
        r1_0.alias,
        r1_0.created_at,
        r1_0.nome,
        r1_0.updated_at,
        u1_0.telefono,
        u1_0.updated_at 
    from
        utenti u1_0 
    left join
        ruoli r1_0 
            on r1_0.id=u1_0.ruolo_id 
    where
        u1_0.id=?
2026-07-13T19:00:31.583+02:00 DEBUG 81128 --- [ProgettoNutrizionista] [nio-8080-exec-6] org.hibernate.SQL                        : 
    select
        u1_0.id,
        u1_0.codice_fiscale,
        u1_0.cognome,
        u1_0.created_at,
        u1_0.data_nascita,
        u1_0.email,
        u1_0.logo,
        u1_0.indirizzo,
        u1_0.last_login_at,
        u1_0.metodo_registrazione,
        u1_0.nome,
        u1_0.password,
        u1_0.pdf_tema_colore,
        r1_0.id,
        r1_0.alias,
        r1_0.created_at,
        r1_0.nome,
        r1_0.updated_at,
        u1_0.telefono,
        u1_0.updated_at 
    from
        utenti u1_0 
    left join
        ruoli r1_0 
            on r1_0.id=u1_0.ruolo_id 
    where
        u1_0.id=?
Hibernate: 
    select
        u1_0.id,
        u1_0.codice_fiscale,
        u1_0.cognome,
        u1_0.created_at,
        u1_0.data_nascita,
        u1_0.email,
        u1_0.logo,
        u1_0.indirizzo,
        u1_0.last_login_at,
        u1_0.metodo_registrazione,
        u1_0.nome,
        u1_0.password,
        u1_0.pdf_tema_colore,
        r1_0.id,
        r1_0.alias,
        r1_0.created_at,
        r1_0.nome,
        r1_0.updated_at,
        u1_0.telefono,
        u1_0.updated_at 
    from
        utenti u1_0 
    left join
        ruoli r1_0 
            on r1_0.id=u1_0.ruolo_id 
    where
        u1_0.id=?
Hibernate: 
    select
        u1_0.id,
        u1_0.codice_fiscale,
        u1_0.cognome,
        u1_0.created_at,
        u1_0.data_nascita,
        u1_0.email,
        u1_0.logo,
        u1_0.indirizzo,
        u1_0.last_login_at,
        u1_0.metodo_registrazione,
        u1_0.nome,
        u1_0.password,
        u1_0.pdf_tema_colore,
        r1_0.id,
        r1_0.alias,
        r1_0.created_at,
        r1_0.nome,
        r1_0.updated_at,
        u1_0.telefono,
        u1_0.updated_at 
    from
        utenti u1_0 
    left join
        ruoli r1_0 
            on r1_0.id=u1_0.ruolo_id 
    where
        u1_0.id=?
2026-07-13T19:00:31.809+02:00 DEBUG 81128 --- [ProgettoNutrizionista] [nio-8080-exec-1] m.m.a.RequestResponseBodyMethodProcessor : Using 'application/json', given [application/json, text/plain, */*] and supported [application/json, application/*+json, application/yaml]
2026-07-13T19:00:31.810+02:00 DEBUG 81128 --- [ProgettoNutrizionista] [nio-8080-exec-1] m.m.a.RequestResponseBodyMethodProcessor : Writing [it.nutrizionista.restnutrizionista.dto.PageResponse@731ca274]
2026-07-13T19:00:31.811+02:00 DEBUG 81128 --- [ProgettoNutrizionista] [nio-8080-exec-6] m.m.a.RequestResponseBodyMethodProcessor : Using 'application/json', given [application/json, text/plain, */*] and supported [application/json, application/*+json, application/yaml]
2026-07-13T19:00:31.811+02:00 DEBUG 81128 --- [ProgettoNutrizionista] [nio-8080-exec-6] m.m.a.RequestResponseBodyMethodProcessor : Writing [it.nutrizionista.restnutrizionista.dto.PageResponse@136d8efb]
2026-07-13T19:00:31.813+02:00 DEBUG 81128 --- [ProgettoNutrizionista] [nio-8080-exec-1] o.s.web.servlet.DispatcherServlet        : Completed 200 OK
2026-07-13T19:00:31.814+02:00 DEBUG 81128 --- [ProgettoNutrizionista] [nio-8080-exec-6] o.s.web.servlet.DispatcherServlet        : Completed 200 OK
2026-07-13T19:00:33.191+02:00 DEBUG 81128 --- [ProgettoNutrizionista] [nio-8080-exec-7] o.s.web.servlet.DispatcherServlet        : GET "/api/admin/assistenza/tickets/2/messaggi?afterId=1", parameters={masked}
2026-07-13T19:00:33.195+02:00 DEBUG 81128 --- [ProgettoNutrizionista] [nio-8080-exec-7] s.w.s.m.m.a.RequestMappingHandlerMapping : Mapped to it.nutrizionista.restnutrizionista.controller.AdminAssistenzaController#messaggi(Long, Long)
2026-07-13T19:00:33.337+02:00 DEBUG 81128 --- [ProgettoNutrizionista] [nio-8080-exec-7] org.hibernate.SQL                        : 
    select
        u1_0.id,
        u1_0.codice_fiscale,
        u1_0.cognome,
        u1_0.created_at,
        u1_0.data_nascita,
        u1_0.email,
        u1_0.logo,
        u1_0.indirizzo,
        u1_0.last_login_at,
        u1_0.metodo_registrazione,
        u1_0.nome,
        u1_0.password,
        u1_0.pdf_tema_colore,
        r1_0.id,
        r1_0.alias,
        r1_0.created_at,
        r1_0.nome,
        rp1_0.ruolo_id,
        rp1_0.id,
        rp1_0.created_at,
        rp1_0.permesso_id,
        p1_0.id,
        p1_0.alias,
        p1_0.created_at,
        g1_0.id,
        g1_0.alias,
        g1_0.created_at,
        g1_0.nome,
        g1_0.updated_at,
        p1_0.nome,
        p1_0.updated_at,
        rp1_0.updated_at,
        r1_0.updated_at,
        u1_0.telefono,
        u1_0.updated_at 
    from
        utenti u1_0 
    left join
        ruoli r1_0 
            on r1_0.id=u1_0.ruolo_id 
    left join
        ruoli_permessi rp1_0 
            on r1_0.id=rp1_0.ruolo_id 
    left join
        permessi p1_0 
            on p1_0.id=rp1_0.permesso_id 
    left join
        gruppi g1_0 
            on g1_0.id=p1_0.gruppo_id 
    where
        u1_0.email=?
Hibernate: 
    select
        u1_0.id,
        u1_0.codice_fiscale,
        u1_0.cognome,
        u1_0.created_at,
        u1_0.data_nascita,
        u1_0.email,
        u1_0.logo,
        u1_0.indirizzo,
        u1_0.last_login_at,
        u1_0.metodo_registrazione,
        u1_0.nome,
        u1_0.password,
        u1_0.pdf_tema_colore,
        r1_0.id,
        r1_0.alias,
        r1_0.created_at,
        r1_0.nome,
        rp1_0.ruolo_id,
        rp1_0.id,
        rp1_0.created_at,
        rp1_0.permesso_id,
        p1_0.id,
        p1_0.alias,
        p1_0.created_at,
        g1_0.id,
        g1_0.alias,
        g1_0.created_at,
        g1_0.nome,
        g1_0.updated_at,
        p1_0.nome,
        p1_0.updated_at,
        rp1_0.updated_at,
        r1_0.updated_at,
        u1_0.telefono,
        u1_0.updated_at 
    from
        utenti u1_0 
    left join
        ruoli r1_0 
            on r1_0.id=u1_0.ruolo_id 
    left join
        ruoli_permessi rp1_0 
            on r1_0.id=rp1_0.ruolo_id 
    left join
        permessi p1_0 
            on p1_0.id=rp1_0.permesso_id 
    left join
        gruppi g1_0 
            on g1_0.id=p1_0.gruppo_id 
    where
        u1_0.email=?
2026-07-13T19:00:33.411+02:00 DEBUG 81128 --- [ProgettoNutrizionista] [nio-8080-exec-7] org.hibernate.SQL                        : 
    select
        ta1_0.id,
        ta1_0.accepted_at,
        ta1_0.closed_at,
        ta1_0.created_at,
        ta1_0.descrizione,
        ta1_0.motivo_rifiuto,
        ta1_0.nutrizionista_id,
        n1_0.id,
        n1_0.codice_fiscale,
        n1_0.cognome,
        n1_0.created_at,
        n1_0.data_nascita,
        n1_0.email,
        n1_0.logo,
        n1_0.indirizzo,
        n1_0.last_login_at,
        n1_0.metodo_registrazione,
        n1_0.nome,
        n1_0.password,
        n1_0.pdf_tema_colore,
        n1_0.ruolo_id,
        n1_0.telefono,
        n1_0.updated_at,
        ta1_0.oggetto,
        ta1_0.stato,
        ta1_0.updated_at,
        ta1_0.version 
    from
        ticket_assistenza ta1_0 
    join
        utenti n1_0 
            on n1_0.id=ta1_0.nutrizionista_id 
    where
        ta1_0.id=?
Hibernate: 
    select
        ta1_0.id,
        ta1_0.accepted_at,
        ta1_0.closed_at,
        ta1_0.created_at,
        ta1_0.descrizione,
        ta1_0.motivo_rifiuto,
        ta1_0.nutrizionista_id,
        n1_0.id,
        n1_0.codice_fiscale,
        n1_0.cognome,
        n1_0.created_at,
        n1_0.data_nascita,
        n1_0.email,
        n1_0.logo,
        n1_0.indirizzo,
        n1_0.last_login_at,
        n1_0.metodo_registrazione,
        n1_0.nome,
        n1_0.password,
        n1_0.pdf_tema_colore,
        n1_0.ruolo_id,
        n1_0.telefono,
        n1_0.updated_at,
        ta1_0.oggetto,
        ta1_0.stato,
        ta1_0.updated_at,
        ta1_0.version 
    from
        ticket_assistenza ta1_0 
    join
        utenti n1_0 
            on n1_0.id=ta1_0.nutrizionista_id 
    where
        ta1_0.id=?
2026-07-13T19:00:33.473+02:00 DEBUG 81128 --- [ProgettoNutrizionista] [nio-8080-exec-7] org.hibernate.SQL                        : 
    select
        r1_0.id,
        r1_0.alias,
        r1_0.created_at,
        r1_0.nome,
        r1_0.updated_at 
    from
        ruoli r1_0 
    where
        r1_0.id=?
Hibernate: 
    select
        r1_0.id,
        r1_0.alias,
        r1_0.created_at,
        r1_0.nome,
        r1_0.updated_at 
    from
        ruoli r1_0 
    where
        r1_0.id=?
2026-07-13T19:00:33.527+02:00 DEBUG 81128 --- [ProgettoNutrizionista] [nio-8080-exec-7] org.hibernate.SQL                        : 
    select
        ma1_0.id,
        ma1_0.created_at,
        ma1_0.letto,
        ma1_0.mittente_id,
        m1_0.id,
        m1_0.codice_fiscale,
        m1_0.cognome,
        m1_0.created_at,
        m1_0.data_nascita,
        m1_0.email,
        m1_0.logo,
        m1_0.indirizzo,
        m1_0.last_login_at,
        m1_0.metodo_registrazione,
        m1_0.nome,
        m1_0.password,
        m1_0.pdf_tema_colore,
        m1_0.ruolo_id,
        m1_0.telefono,
        m1_0.updated_at,
        ma1_0.testo,
        ma1_0.ticket_id 
    from
        messaggi_assistenza ma1_0 
    join
        utenti m1_0 
            on m1_0.id=ma1_0.mittente_id 
    where
        ma1_0.ticket_id=? 
        and ma1_0.id>? 
    order by
        ma1_0.id 
    limit
        ?
Hibernate: 
    select
        ma1_0.id,
        ma1_0.created_at,
        ma1_0.letto,
        ma1_0.mittente_id,
        m1_0.id,
        m1_0.codice_fiscale,
        m1_0.cognome,
        m1_0.created_at,
        m1_0.data_nascita,
        m1_0.email,
        m1_0.logo,
        m1_0.indirizzo,
        m1_0.last_login_at,
        m1_0.metodo_registrazione,
        m1_0.nome,
        m1_0.password,
        m1_0.pdf_tema_colore,
        m1_0.ruolo_id,
        m1_0.telefono,
        m1_0.updated_at,
        ma1_0.testo,
        ma1_0.ticket_id 
    from
        messaggi_assistenza ma1_0 
    join
        utenti m1_0 
            on m1_0.id=ma1_0.mittente_id 
    where
        ma1_0.ticket_id=? 
        and ma1_0.id>? 
    order by
        ma1_0.id 
    limit
        ?
2026-07-13T19:00:33.765+02:00 DEBUG 81128 --- [ProgettoNutrizionista] [nio-8080-exec-7] m.m.a.RequestResponseBodyMethodProcessor : Using 'application/json', given [application/json, text/plain, */*] and supported [application/json, application/*+json, application/yaml]
2026-07-13T19:00:33.767+02:00 DEBUG 81128 --- [ProgettoNutrizionista] [nio-8080-exec-7] m.m.a.RequestResponseBodyMethodProcessor : Writing [it.nutrizionista.restnutrizionista.dto.PollingMessaggiAssistenzaDto@2d88d94b]
2026-07-13T19:00:33.768+02:00 DEBUG 81128 --- [ProgettoNutrizionista] [nio-8080-exec-7] o.s.web.servlet.DispatcherServlet        : Completed 200 OK
2026-07-13T19:00:35.421+02:00 DEBUG 81128 --- [ProgettoNutrizionista] [nio-8080-exec-3] o.s.web.servlet.DispatcherServlet        : GET "/api/admin/assistenza/tickets/2/messaggi?afterId=0", parameters={masked}
2026-07-13T19:00:35.423+02:00 DEBUG 81128 --- [ProgettoNutrizionista] [nio-8080-exec-3] s.w.s.m.m.a.RequestMappingHandlerMapping : Mapped to it.nutrizionista.restnutrizionista.controller.AdminAssistenzaController#messaggi(Long, Long)
2026-07-13T19:00:35.570+02:00 DEBUG 81128 --- [ProgettoNutrizionista] [nio-8080-exec-3] org.hibernate.SQL                        : 
    select
        u1_0.id,
        u1_0.codice_fiscale,
        u1_0.cognome,
        u1_0.created_at,
        u1_0.data_nascita,
        u1_0.email,
        u1_0.logo,
        u1_0.indirizzo,
        u1_0.last_login_at,
        u1_0.metodo_registrazione,
        u1_0.nome,
        u1_0.password,
        u1_0.pdf_tema_colore,
        r1_0.id,
        r1_0.alias,
        r1_0.created_at,
        r1_0.nome,
        rp1_0.ruolo_id,
        rp1_0.id,
        rp1_0.created_at,
        rp1_0.permesso_id,
        p1_0.id,
        p1_0.alias,
        p1_0.created_at,
        g1_0.id,
        g1_0.alias,
        g1_0.created_at,
        g1_0.nome,
        g1_0.updated_at,
        p1_0.nome,
        p1_0.updated_at,
        rp1_0.updated_at,
        r1_0.updated_at,
        u1_0.telefono,
        u1_0.updated_at 
    from
        utenti u1_0 
    left join
        ruoli r1_0 
            on r1_0.id=u1_0.ruolo_id 
    left join
        ruoli_permessi rp1_0 
            on r1_0.id=rp1_0.ruolo_id 
    left join
        permessi p1_0 
            on p1_0.id=rp1_0.permesso_id 
    left join
        gruppi g1_0 
            on g1_0.id=p1_0.gruppo_id 
    where
        u1_0.email=?
Hibernate: 
    select
        u1_0.id,
        u1_0.codice_fiscale,
        u1_0.cognome,
        u1_0.created_at,
        u1_0.data_nascita,
        u1_0.email,
        u1_0.logo,
        u1_0.indirizzo,
        u1_0.last_login_at,
        u1_0.metodo_registrazione,
        u1_0.nome,
        u1_0.password,
        u1_0.pdf_tema_colore,
        r1_0.id,
        r1_0.alias,
        r1_0.created_at,
        r1_0.nome,
        rp1_0.ruolo_id,
        rp1_0.id,
        rp1_0.created_at,
        rp1_0.permesso_id,
        p1_0.id,
        p1_0.alias,
        p1_0.created_at,
        g1_0.id,
        g1_0.alias,
        g1_0.created_at,
        g1_0.nome,
        g1_0.updated_at,
        p1_0.nome,
        p1_0.updated_at,
        rp1_0.updated_at,
        r1_0.updated_at,
        u1_0.telefono,
        u1_0.updated_at 
    from
        utenti u1_0 
    left join
        ruoli r1_0 
            on r1_0.id=u1_0.ruolo_id 
    left join
        ruoli_permessi rp1_0 
            on r1_0.id=rp1_0.ruolo_id 
    left join
        permessi p1_0 
            on p1_0.id=rp1_0.permesso_id 
    left join
        gruppi g1_0 
            on g1_0.id=p1_0.gruppo_id 
    where
        u1_0.email=?
2026-07-13T19:00:35.657+02:00 DEBUG 81128 --- [ProgettoNutrizionista] [nio-8080-exec-3] org.hibernate.SQL                        : 
    select
        ta1_0.id,
        ta1_0.accepted_at,
        ta1_0.closed_at,
        ta1_0.created_at,
        ta1_0.descrizione,
        ta1_0.motivo_rifiuto,
        ta1_0.nutrizionista_id,
        n1_0.id,
        n1_0.codice_fiscale,
        n1_0.cognome,
        n1_0.created_at,
        n1_0.data_nascita,
        n1_0.email,
        n1_0.logo,
        n1_0.indirizzo,
        n1_0.last_login_at,
        n1_0.metodo_registrazione,
        n1_0.nome,
        n1_0.password,
        n1_0.pdf_tema_colore,
        n1_0.ruolo_id,
        n1_0.telefono,
        n1_0.updated_at,
        ta1_0.oggetto,
        ta1_0.stato,
        ta1_0.updated_at,
        ta1_0.version 
    from
        ticket_assistenza ta1_0 
    join
        utenti n1_0 
            on n1_0.id=ta1_0.nutrizionista_id 
    where
        ta1_0.id=?
Hibernate: 
    select
        ta1_0.id,
        ta1_0.accepted_at,
        ta1_0.closed_at,
        ta1_0.created_at,
        ta1_0.descrizione,
        ta1_0.motivo_rifiuto,
        ta1_0.nutrizionista_id,
        n1_0.id,
        n1_0.codice_fiscale,
        n1_0.cognome,
        n1_0.created_at,
        n1_0.data_nascita,
        n1_0.email,
        n1_0.logo,
        n1_0.indirizzo,
        n1_0.last_login_at,
        n1_0.metodo_registrazione,
        n1_0.nome,
        n1_0.password,
        n1_0.pdf_tema_colore,
        n1_0.ruolo_id,
        n1_0.telefono,
        n1_0.updated_at,
        ta1_0.oggetto,
        ta1_0.stato,
        ta1_0.updated_at,
        ta1_0.version 
    from
        ticket_assistenza ta1_0 
    join
        utenti n1_0 
            on n1_0.id=ta1_0.nutrizionista_id 
    where
        ta1_0.id=?
2026-07-13T19:00:35.717+02:00 DEBUG 81128 --- [ProgettoNutrizionista] [nio-8080-exec-3] org.hibernate.SQL                        : 
    select
        r1_0.id,
        r1_0.alias,
        r1_0.created_at,
        r1_0.nome,
        r1_0.updated_at 
    from
        ruoli r1_0 
    where
        r1_0.id=?
Hibernate: 
    select
        r1_0.id,
        r1_0.alias,
        r1_0.created_at,
        r1_0.nome,
        r1_0.updated_at 
    from
        ruoli r1_0 
    where
        r1_0.id=?
2026-07-13T19:00:35.773+02:00 DEBUG 81128 --- [ProgettoNutrizionista] [nio-8080-exec-3] org.hibernate.SQL                        : 
    select
        ma1_0.id,
        ma1_0.created_at,
        ma1_0.letto,
        ma1_0.mittente_id,
        m1_0.id,
        m1_0.codice_fiscale,
        m1_0.cognome,
        m1_0.created_at,
        m1_0.data_nascita,
        m1_0.email,
        m1_0.logo,
        m1_0.indirizzo,
        m1_0.last_login_at,
        m1_0.metodo_registrazione,
        m1_0.nome,
        m1_0.password,
        m1_0.pdf_tema_colore,
        m1_0.ruolo_id,
        m1_0.telefono,
        m1_0.updated_at,
        ma1_0.testo,
        ma1_0.ticket_id 
    from
        messaggi_assistenza ma1_0 
    join
        utenti m1_0 
            on m1_0.id=ma1_0.mittente_id 
    where
        ma1_0.ticket_id=? 
        and ma1_0.id>? 
    order by
        ma1_0.id 
    limit
        ?
Hibernate: 
    select
        ma1_0.id,
        ma1_0.created_at,
        ma1_0.letto,
        ma1_0.mittente_id,
        m1_0.id,
        m1_0.codice_fiscale,
        m1_0.cognome,
        m1_0.created_at,
        m1_0.data_nascita,
        m1_0.email,
        m1_0.logo,
        m1_0.indirizzo,
        m1_0.last_login_at,
        m1_0.metodo_registrazione,
        m1_0.nome,
        m1_0.password,
        m1_0.pdf_tema_colore,
        m1_0.ruolo_id,
        m1_0.telefono,
        m1_0.updated_at,
        ma1_0.testo,
        ma1_0.ticket_id 
    from
        messaggi_assistenza ma1_0 
    join
        utenti m1_0 
            on m1_0.id=ma1_0.mittente_id 
    where
        ma1_0.ticket_id=? 
        and ma1_0.id>? 
    order by
        ma1_0.id 
    limit
        ?
2026-07-13T19:00:35.982+02:00 DEBUG 81128 --- [ProgettoNutrizionista] [nio-8080-exec-3] m.m.a.RequestResponseBodyMethodProcessor : Using 'application/json', given [application/json, text/plain, */*] and supported [application/json, application/*+json, application/yaml]
2026-07-13T19:00:35.985+02:00 DEBUG 81128 --- [ProgettoNutrizionista] [nio-8080-exec-3] m.m.a.RequestResponseBodyMethodProcessor : Writing [it.nutrizionista.restnutrizionista.dto.PollingMessaggiAssistenzaDto@77895a07]
2026-07-13T19:00:35.986+02:00 DEBUG 81128 --- [ProgettoNutrizionista] [nio-8080-exec-3] o.s.web.servlet.DispatcherServlet        : Completed 200 OK
2026-07-13T19:00:35.997+02:00 DEBUG 81128 --- [ProgettoNutrizionista] [nio-8080-exec-8] o.s.web.servlet.DispatcherServlet        : POST "/api/admin/assistenza/tickets/2/messaggi/letti", parameters={}
2026-07-13T19:00:35.998+02:00 DEBUG 81128 --- [ProgettoNutrizionista] [nio-8080-exec-8] s.w.s.m.m.a.RequestMappingHandlerMapping : Mapped to it.nutrizionista.restnutrizionista.controller.AdminAssistenzaController#letti(Long)
2026-07-13T19:00:36.095+02:00 DEBUG 81128 --- [ProgettoNutrizionista] [nio-8080-exec-8] org.hibernate.SQL                        : 
    select
        u1_0.id,
        u1_0.codice_fiscale,
        u1_0.cognome,
        u1_0.created_at,
        u1_0.data_nascita,
        u1_0.email,
        u1_0.logo,
        u1_0.indirizzo,
        u1_0.last_login_at,
        u1_0.metodo_registrazione,
        u1_0.nome,
        u1_0.password,
        u1_0.pdf_tema_colore,
        r1_0.id,
        r1_0.alias,
        r1_0.created_at,
        r1_0.nome,
        rp1_0.ruolo_id,
        rp1_0.id,
        rp1_0.created_at,
        rp1_0.permesso_id,
        p1_0.id,
        p1_0.alias,
        p1_0.created_at,
        g1_0.id,
        g1_0.alias,
        g1_0.created_at,
        g1_0.nome,
        g1_0.updated_at,
        p1_0.nome,
        p1_0.updated_at,
        rp1_0.updated_at,
        r1_0.updated_at,
        u1_0.telefono,
        u1_0.updated_at 
    from
        utenti u1_0 
    left join
        ruoli r1_0 
            on r1_0.id=u1_0.ruolo_id 
    left join
        ruoli_permessi rp1_0 
            on r1_0.id=rp1_0.ruolo_id 
    left join
        permessi p1_0 
            on p1_0.id=rp1_0.permesso_id 
    left join
        gruppi g1_0 
            on g1_0.id=p1_0.gruppo_id 
    where
        u1_0.email=?
Hibernate: 
    select
        u1_0.id,
        u1_0.codice_fiscale,
        u1_0.cognome,
        u1_0.created_at,
        u1_0.data_nascita,
        u1_0.email,
        u1_0.logo,
        u1_0.indirizzo,
        u1_0.last_login_at,
        u1_0.metodo_registrazione,
        u1_0.nome,
        u1_0.password,
        u1_0.pdf_tema_colore,
        r1_0.id,
        r1_0.alias,
        r1_0.created_at,
        r1_0.nome,
        rp1_0.ruolo_id,
        rp1_0.id,
        rp1_0.created_at,
        rp1_0.permesso_id,
        p1_0.id,
        p1_0.alias,
        p1_0.created_at,
        g1_0.id,
        g1_0.alias,
        g1_0.created_at,
        g1_0.nome,
        g1_0.updated_at,
        p1_0.nome,
        p1_0.updated_at,
        rp1_0.updated_at,
        r1_0.updated_at,
        u1_0.telefono,
        u1_0.updated_at 
    from
        utenti u1_0 
    left join
        ruoli r1_0 
            on r1_0.id=u1_0.ruolo_id 
    left join
        ruoli_permessi rp1_0 
            on r1_0.id=rp1_0.ruolo_id 
    left join
        permessi p1_0 
            on p1_0.id=rp1_0.permesso_id 
    left join
        gruppi g1_0 
            on g1_0.id=p1_0.gruppo_id 
    where
        u1_0.email=?
2026-07-13T19:00:36.183+02:00 DEBUG 81128 --- [ProgettoNutrizionista] [nio-8080-exec-8] org.hibernate.SQL                        : 
    select
        ta1_0.id,
        ta1_0.accepted_at,
        ta1_0.closed_at,
        ta1_0.created_at,
        ta1_0.descrizione,
        ta1_0.motivo_rifiuto,
        ta1_0.nutrizionista_id,
        n1_0.id,
        n1_0.codice_fiscale,
        n1_0.cognome,
        n1_0.created_at,
        n1_0.data_nascita,
        n1_0.email,
        n1_0.logo,
        n1_0.indirizzo,
        n1_0.last_login_at,
        n1_0.metodo_registrazione,
        n1_0.nome,
        n1_0.password,
        n1_0.pdf_tema_colore,
        n1_0.ruolo_id,
        n1_0.telefono,
        n1_0.updated_at,
        ta1_0.oggetto,
        ta1_0.stato,
        ta1_0.updated_at,
        ta1_0.version 
    from
        ticket_assistenza ta1_0 
    join
        utenti n1_0 
            on n1_0.id=ta1_0.nutrizionista_id 
    where
        ta1_0.id=?
Hibernate: 
    select
        ta1_0.id,
        ta1_0.accepted_at,
        ta1_0.closed_at,
        ta1_0.created_at,
        ta1_0.descrizione,
        ta1_0.motivo_rifiuto,
        ta1_0.nutrizionista_id,
        n1_0.id,
        n1_0.codice_fiscale,
        n1_0.cognome,
        n1_0.created_at,
        n1_0.data_nascita,
        n1_0.email,
        n1_0.logo,
        n1_0.indirizzo,
        n1_0.last_login_at,
        n1_0.metodo_registrazione,
        n1_0.nome,
        n1_0.password,
        n1_0.pdf_tema_colore,
        n1_0.ruolo_id,
        n1_0.telefono,
        n1_0.updated_at,
        ta1_0.oggetto,
        ta1_0.stato,
        ta1_0.updated_at,
        ta1_0.version 
    from
        ticket_assistenza ta1_0 
    join
        utenti n1_0 
            on n1_0.id=ta1_0.nutrizionista_id 
    where
        ta1_0.id=?
2026-07-13T19:00:36.259+02:00 DEBUG 81128 --- [ProgettoNutrizionista] [nio-8080-exec-8] org.hibernate.SQL                        : 
    select
        r1_0.id,
        r1_0.alias,
        r1_0.created_at,
        r1_0.nome,
        r1_0.updated_at 
    from
        ruoli r1_0 
    where
        r1_0.id=?
Hibernate: 
    select
        r1_0.id,
        r1_0.alias,
        r1_0.created_at,
        r1_0.nome,
        r1_0.updated_at 
    from
        ruoli r1_0 
    where
        r1_0.id=?
2026-07-13T19:00:36.315+02:00 DEBUG 81128 --- [ProgettoNutrizionista] [nio-8080-exec-8] org.hibernate.SQL                        : 
    update
        messaggi_assistenza ma1_0 
    set
        letto=1 
    where
        ma1_0.ticket_id=? 
        and ma1_0.mittente_id<>? 
        and ma1_0.letto=0
Hibernate: 
    update
        messaggi_assistenza ma1_0 
    set
        letto=1 
    where
        ma1_0.ticket_id=? 
        and ma1_0.mittente_id<>? 
        and ma1_0.letto=0
2026-07-13T19:00:36.495+02:00 DEBUG 81128 --- [ProgettoNutrizionista] [nio-8080-exec-8] o.s.w.s.m.m.a.HttpEntityMethodProcessor  : Using 'application/json', given [application/json, text/plain, */*] and supported [application/json, application/*+json, application/yaml]
2026-07-13T19:00:36.496+02:00 DEBUG 81128 --- [ProgettoNutrizionista] [nio-8080-exec-8] o.s.w.s.m.m.a.HttpEntityMethodProcessor  : Nothing to write: null body
2026-07-13T19:00:36.497+02:00 DEBUG 81128 --- [ProgettoNutrizionista] [nio-8080-exec-8] o.s.web.servlet.DispatcherServlet        : Completed 204 NO_CONTENT
2026-07-13T19:00:36.507+02:00 DEBUG 81128 --- [ProgettoNutrizionista] [nio-8080-exec-5] o.s.web.servlet.DispatcherServlet        : POST "/api/admin/assistenza/tickets/2/messaggi/letti", parameters={}
2026-07-13T19:00:36.512+02:00 DEBUG 81128 --- [ProgettoNutrizionista] [nio-8080-exec-5] s.w.s.m.m.a.RequestMappingHandlerMapping : Mapped to it.nutrizionista.restnutrizionista.controller.AdminAssistenzaController#letti(Long)
2026-07-13T19:00:36.612+02:00 DEBUG 81128 --- [ProgettoNutrizionista] [nio-8080-exec-5] org.hibernate.SQL                        : 
    select
        u1_0.id,
        u1_0.codice_fiscale,
        u1_0.cognome,
        u1_0.created_at,
        u1_0.data_nascita,
        u1_0.email,
        u1_0.logo,
        u1_0.indirizzo,
        u1_0.last_login_at,
        u1_0.metodo_registrazione,
        u1_0.nome,
        u1_0.password,
        u1_0.pdf_tema_colore,
        r1_0.id,
        r1_0.alias,
        r1_0.created_at,
        r1_0.nome,
        rp1_0.ruolo_id,
        rp1_0.id,
        rp1_0.created_at,
        rp1_0.permesso_id,
        p1_0.id,
        p1_0.alias,
        p1_0.created_at,
        g1_0.id,
        g1_0.alias,
        g1_0.created_at,
        g1_0.nome,
        g1_0.updated_at,
        p1_0.nome,
        p1_0.updated_at,
        rp1_0.updated_at,
        r1_0.updated_at,
        u1_0.telefono,
        u1_0.updated_at 
    from
        utenti u1_0 
    left join
        ruoli r1_0 
            on r1_0.id=u1_0.ruolo_id 
    left join
        ruoli_permessi rp1_0 
            on r1_0.id=rp1_0.ruolo_id 
    left join
        permessi p1_0 
            on p1_0.id=rp1_0.permesso_id 
    left join
        gruppi g1_0 
            on g1_0.id=p1_0.gruppo_id 
    where
        u1_0.email=?
Hibernate: 
    select
        u1_0.id,
        u1_0.codice_fiscale,
        u1_0.cognome,
        u1_0.created_at,
        u1_0.data_nascita,
        u1_0.email,
        u1_0.logo,
        u1_0.indirizzo,
        u1_0.last_login_at,
        u1_0.metodo_registrazione,
        u1_0.nome,
        u1_0.password,
        u1_0.pdf_tema_colore,
        r1_0.id,
        r1_0.alias,
        r1_0.created_at,
        r1_0.nome,
        rp1_0.ruolo_id,
        rp1_0.id,
        rp1_0.created_at,
        rp1_0.permesso_id,
        p1_0.id,
        p1_0.alias,
        p1_0.created_at,
        g1_0.id,
        g1_0.alias,
        g1_0.created_at,
        g1_0.nome,
        g1_0.updated_at,
        p1_0.nome,
        p1_0.updated_at,
        rp1_0.updated_at,
        r1_0.updated_at,
        u1_0.telefono,
        u1_0.updated_at 
    from
        utenti u1_0 
    left join
        ruoli r1_0 
            on r1_0.id=u1_0.ruolo_id 
    left join
        ruoli_permessi rp1_0 
            on r1_0.id=rp1_0.ruolo_id 
    left join
        permessi p1_0 
            on p1_0.id=rp1_0.permesso_id 
    left join
        gruppi g1_0 
            on g1_0.id=p1_0.gruppo_id 
    where
        u1_0.email=?
2026-07-13T19:00:36.692+02:00 DEBUG 81128 --- [ProgettoNutrizionista] [nio-8080-exec-5] org.hibernate.SQL                        : 
    select
        ta1_0.id,
        ta1_0.accepted_at,
        ta1_0.closed_at,
        ta1_0.created_at,
        ta1_0.descrizione,
        ta1_0.motivo_rifiuto,
        ta1_0.nutrizionista_id,
        n1_0.id,
        n1_0.codice_fiscale,
        n1_0.cognome,
        n1_0.created_at,
        n1_0.data_nascita,
        n1_0.email,
        n1_0.logo,
        n1_0.indirizzo,
        n1_0.last_login_at,
        n1_0.metodo_registrazione,
        n1_0.nome,
        n1_0.password,
        n1_0.pdf_tema_colore,
        n1_0.ruolo_id,
        n1_0.telefono,
        n1_0.updated_at,
        ta1_0.oggetto,
        ta1_0.stato,
        ta1_0.updated_at,
        ta1_0.version 
    from
        ticket_assistenza ta1_0 
    join
        utenti n1_0 
            on n1_0.id=ta1_0.nutrizionista_id 
    where
        ta1_0.id=?
Hibernate: 
    select
        ta1_0.id,
        ta1_0.accepted_at,
        ta1_0.closed_at,
        ta1_0.created_at,
        ta1_0.descrizione,
        ta1_0.motivo_rifiuto,
        ta1_0.nutrizionista_id,
        n1_0.id,
        n1_0.codice_fiscale,
        n1_0.cognome,
        n1_0.created_at,
        n1_0.data_nascita,
        n1_0.email,
        n1_0.logo,
        n1_0.indirizzo,
        n1_0.last_login_at,
        n1_0.metodo_registrazione,
        n1_0.nome,
        n1_0.password,
        n1_0.pdf_tema_colore,
        n1_0.ruolo_id,
        n1_0.telefono,
        n1_0.updated_at,
        ta1_0.oggetto,
        ta1_0.stato,
        ta1_0.updated_at,
        ta1_0.version 
    from
        ticket_assistenza ta1_0 
    join
        utenti n1_0 
            on n1_0.id=ta1_0.nutrizionista_id 
    where
        ta1_0.id=?
2026-07-13T19:00:36.758+02:00 DEBUG 81128 --- [ProgettoNutrizionista] [nio-8080-exec-5] org.hibernate.SQL                        : 
    select
        r1_0.id,
        r1_0.alias,
        r1_0.created_at,
        r1_0.nome,
        r1_0.updated_at 
    from
        ruoli r1_0 
    where
        r1_0.id=?
Hibernate: 
    select
        r1_0.id,
        r1_0.alias,
        r1_0.created_at,
        r1_0.nome,
        r1_0.updated_at 
    from
        ruoli r1_0 
    where
        r1_0.id=?
2026-07-13T19:00:36.815+02:00 DEBUG 81128 --- [ProgettoNutrizionista] [nio-8080-exec-5] org.hibernate.SQL                        : 
    update
        messaggi_assistenza ma1_0 
    set
        letto=1 
    where
        ma1_0.ticket_id=? 
        and ma1_0.mittente_id<>? 
        and ma1_0.letto=0
Hibernate: 
    update
        messaggi_assistenza ma1_0 
    set
        letto=1 
    where
        ma1_0.ticket_id=? 
        and ma1_0.mittente_id<>? 
        and ma1_0.letto=0
2026-07-13T19:00:36.983+02:00 DEBUG 81128 --- [ProgettoNutrizionista] [nio-8080-exec-5] o.s.w.s.m.m.a.HttpEntityMethodProcessor  : Using 'application/json', given [application/json, text/plain, */*] and supported [application/json, application/*+json, application/yaml]
2026-07-13T19:00:36.984+02:00 DEBUG 81128 --- [ProgettoNutrizionista] [nio-8080-exec-5] o.s.w.s.m.m.a.HttpEntityMethodProcessor  : Nothing to write: null body
2026-07-13T19:00:36.985+02:00 DEBUG 81128 --- [ProgettoNutrizionista] [nio-8080-exec-5] o.s.web.servlet.DispatcherServlet        : Completed 204 NO_CONTENT
2026-07-13T19:00:37.190+02:00 DEBUG 81128 --- [ProgettoNutrizionista] [nio-8080-exec-4] o.s.web.servlet.DispatcherServlet        : GET "/api/admin/assistenza/tickets/2/messaggi?afterId=1", parameters={masked}
2026-07-13T19:00:37.191+02:00 DEBUG 81128 --- [ProgettoNutrizionista] [nio-8080-exec-4] s.w.s.m.m.a.RequestMappingHandlerMapping : Mapped to it.nutrizionista.restnutrizionista.controller.AdminAssistenzaController#messaggi(Long, Long)
2026-07-13T19:00:37.297+02:00 DEBUG 81128 --- [ProgettoNutrizionista] [nio-8080-exec-4] org.hibernate.SQL                        : 
    select
        u1_0.id,
        u1_0.codice_fiscale,
        u1_0.cognome,
        u1_0.created_at,
        u1_0.data_nascita,
        u1_0.email,
        u1_0.logo,
        u1_0.indirizzo,
        u1_0.last_login_at,
        u1_0.metodo_registrazione,
        u1_0.nome,
        u1_0.password,
        u1_0.pdf_tema_colore,
        r1_0.id,
        r1_0.alias,
        r1_0.created_at,
        r1_0.nome,
        rp1_0.ruolo_id,
        rp1_0.id,
        rp1_0.created_at,
        rp1_0.permesso_id,
        p1_0.id,
        p1_0.alias,
        p1_0.created_at,
        g1_0.id,
        g1_0.alias,
        g1_0.created_at,
        g1_0.nome,
        g1_0.updated_at,
        p1_0.nome,
        p1_0.updated_at,
        rp1_0.updated_at,
        r1_0.updated_at,
        u1_0.telefono,
        u1_0.updated_at 
    from
        utenti u1_0 
    left join
        ruoli r1_0 
            on r1_0.id=u1_0.ruolo_id 
    left join
        ruoli_permessi rp1_0 
            on r1_0.id=rp1_0.ruolo_id 
    left join
        permessi p1_0 
            on p1_0.id=rp1_0.permesso_id 
    left join
        gruppi g1_0 
            on g1_0.id=p1_0.gruppo_id 
    where
        u1_0.email=?
Hibernate: 
    select
        u1_0.id,
        u1_0.codice_fiscale,
        u1_0.cognome,
        u1_0.created_at,
        u1_0.data_nascita,
        u1_0.email,
        u1_0.logo,
        u1_0.indirizzo,
        u1_0.last_login_at,
        u1_0.metodo_registrazione,
        u1_0.nome,
        u1_0.password,
        u1_0.pdf_tema_colore,
        r1_0.id,
        r1_0.alias,
        r1_0.created_at,
        r1_0.nome,
        rp1_0.ruolo_id,
        rp1_0.id,
        rp1_0.created_at,
        rp1_0.permesso_id,
        p1_0.id,
        p1_0.alias,
        p1_0.created_at,
        g1_0.id,
        g1_0.alias,
        g1_0.created_at,
        g1_0.nome,
        g1_0.updated_at,
        p1_0.nome,
        p1_0.updated_at,
        rp1_0.updated_at,
        r1_0.updated_at,
        u1_0.telefono,
        u1_0.updated_at 
    from
        utenti u1_0 
    left join
        ruoli r1_0 
            on r1_0.id=u1_0.ruolo_id 
    left join
        ruoli_permessi rp1_0 
            on r1_0.id=rp1_0.ruolo_id 
    left join
        permessi p1_0 
            on p1_0.id=rp1_0.permesso_id 
    left join
        gruppi g1_0 
            on g1_0.id=p1_0.gruppo_id 
    where
        u1_0.email=?
2026-07-13T19:00:37.382+02:00 DEBUG 81128 --- [ProgettoNutrizionista] [nio-8080-exec-4] org.hibernate.SQL                        : 
    select
        ta1_0.id,
        ta1_0.accepted_at,
        ta1_0.closed_at,
        ta1_0.created_at,
        ta1_0.descrizione,
        ta1_0.motivo_rifiuto,
        ta1_0.nutrizionista_id,
        n1_0.id,
        n1_0.codice_fiscale,
        n1_0.cognome,
        n1_0.created_at,
        n1_0.data_nascita,
        n1_0.email,
        n1_0.logo,
        n1_0.indirizzo,
        n1_0.last_login_at,
        n1_0.metodo_registrazione,
        n1_0.nome,
        n1_0.password,
        n1_0.pdf_tema_colore,
        n1_0.ruolo_id,
        n1_0.telefono,
        n1_0.updated_at,
        ta1_0.oggetto,
        ta1_0.stato,
        ta1_0.updated_at,
        ta1_0.version 
    from
        ticket_assistenza ta1_0 
    join
        utenti n1_0 
            on n1_0.id=ta1_0.nutrizionista_id 
    where
        ta1_0.id=?
Hibernate: 
    select
        ta1_0.id,
        ta1_0.accepted_at,
        ta1_0.closed_at,
        ta1_0.created_at,
        ta1_0.descrizione,
        ta1_0.motivo_rifiuto,
        ta1_0.nutrizionista_id,
        n1_0.id,
        n1_0.codice_fiscale,
        n1_0.cognome,
        n1_0.created_at,
        n1_0.data_nascita,
        n1_0.email,
        n1_0.logo,
        n1_0.indirizzo,
        n1_0.last_login_at,
        n1_0.metodo_registrazione,
        n1_0.nome,
        n1_0.password,
        n1_0.pdf_tema_colore,
        n1_0.ruolo_id,
        n1_0.telefono,
        n1_0.updated_at,
        ta1_0.oggetto,
        ta1_0.stato,
        ta1_0.updated_at,
        ta1_0.version 
    from
        ticket_assistenza ta1_0 
    join
        utenti n1_0 
            on n1_0.id=ta1_0.nutrizionista_id 
    where
        ta1_0.id=?
2026-07-13T19:00:37.442+02:00 DEBUG 81128 --- [ProgettoNutrizionista] [nio-8080-exec-4] org.hibernate.SQL                        : 
    select
        r1_0.id,
        r1_0.alias,
        r1_0.created_at,
        r1_0.nome,
        r1_0.updated_at 
    from
        ruoli r1_0 
    where
        r1_0.id=?
Hibernate: 
    select
        r1_0.id,
        r1_0.alias,
        r1_0.created_at,
        r1_0.nome,
        r1_0.updated_at 
    from
        ruoli r1_0 
    where
        r1_0.id=?
2026-07-13T19:00:37.496+02:00 DEBUG 81128 --- [ProgettoNutrizionista] [nio-8080-exec-4] org.hibernate.SQL                        : 
    select
        ma1_0.id,
        ma1_0.created_at,
        ma1_0.letto,
        ma1_0.mittente_id,
        m1_0.id,
        m1_0.codice_fiscale,
        m1_0.cognome,
        m1_0.created_at,
        m1_0.data_nascita,
        m1_0.email,
        m1_0.logo,
        m1_0.indirizzo,
        m1_0.last_login_at,
        m1_0.metodo_registrazione,
        m1_0.nome,
        m1_0.password,
        m1_0.pdf_tema_colore,
        m1_0.ruolo_id,
        m1_0.telefono,
        m1_0.updated_at,
        ma1_0.testo,
        ma1_0.ticket_id 
    from
        messaggi_assistenza ma1_0 
    join
        utenti m1_0 
            on m1_0.id=ma1_0.mittente_id 
    where
        ma1_0.ticket_id=? 
        and ma1_0.id>? 
    order by
        ma1_0.id 
    limit
        ?
Hibernate: 
    select
        ma1_0.id,
        ma1_0.created_at,
        ma1_0.letto,
        ma1_0.mittente_id,
        m1_0.id,
        m1_0.codice_fiscale,
        m1_0.cognome,
        m1_0.created_at,
        m1_0.data_nascita,
        m1_0.email,
        m1_0.logo,
        m1_0.indirizzo,
        m1_0.last_login_at,
        m1_0.metodo_registrazione,
        m1_0.nome,
        m1_0.password,
        m1_0.pdf_tema_colore,
        m1_0.ruolo_id,
        m1_0.telefono,
        m1_0.updated_at,
        ma1_0.testo,
        ma1_0.ticket_id 
    from
        messaggi_assistenza ma1_0 
    join
        utenti m1_0 
            on m1_0.id=ma1_0.mittente_id 
    where
        ma1_0.ticket_id=? 
        and ma1_0.id>? 
    order by
        ma1_0.id 
    limit
        ?
2026-07-13T19:00:37.695+02:00 DEBUG 81128 --- [ProgettoNutrizionista] [nio-8080-exec-4] m.m.a.RequestResponseBodyMethodProcessor : Using 'application/json', given [application/json, text/plain, */*] and supported [application/json, application/*+json, application/yaml]
2026-07-13T19:00:37.696+02:00 DEBUG 81128 --- [ProgettoNutrizionista] [nio-8080-exec-4] m.m.a.RequestResponseBodyMethodProcessor : Writing [it.nutrizionista.restnutrizionista.dto.PollingMessaggiAssistenzaDto@56b35899]
2026-07-13T19:00:37.698+02:00 DEBUG 81128 --- [ProgettoNutrizionista] [nio-8080-exec-4] o.s.web.servlet.DispatcherServlet        : Completed 200 OK
2026-07-13T19:00:39.206+02:00 DEBUG 81128 --- [ProgettoNutrizionista] [nio-8080-exec-2] o.s.web.servlet.DispatcherServlet        : GET "/api/admin/assistenza/tickets/conteggi", parameters={}
2026-07-13T19:00:39.206+02:00 DEBUG 81128 --- [ProgettoNutrizionista] [nio-8080-exec-3] o.s.web.servlet.DispatcherServlet        : GET "/api/admin/assistenza/tickets?stato=ACCETTATO&page=0&size=50", parameters={masked}
2026-07-13T19:00:39.206+02:00 DEBUG 81128 --- [ProgettoNutrizionista] [nio-8080-exec-7] o.s.web.servlet.DispatcherServlet        : GET "/api/admin/assistenza/tickets?stato=IN_ATTESA&page=0&size=50", parameters={masked}
2026-07-13T19:00:39.207+02:00 DEBUG 81128 --- [ProgettoNutrizionista] [nio-8080-exec-2] s.w.s.m.m.a.RequestMappingHandlerMapping : Mapped to it.nutrizionista.restnutrizionista.controller.AdminAssistenzaController#conteggi()
2026-07-13T19:00:39.208+02:00 DEBUG 81128 --- [ProgettoNutrizionista] [nio-8080-exec-3] s.w.s.m.m.a.RequestMappingHandlerMapping : Mapped to it.nutrizionista.restnutrizionista.controller.AdminAssistenzaController#lista(StatoTicket, int, int)
2026-07-13T19:00:39.208+02:00 DEBUG 81128 --- [ProgettoNutrizionista] [nio-8080-exec-7] s.w.s.m.m.a.RequestMappingHandlerMapping : Mapped to it.nutrizionista.restnutrizionista.controller.AdminAssistenzaController#lista(StatoTicket, int, int)
2026-07-13T19:00:39.354+02:00 DEBUG 81128 --- [ProgettoNutrizionista] [nio-8080-exec-3] org.hibernate.SQL                        : 
    select
        u1_0.id,
        u1_0.codice_fiscale,
        u1_0.cognome,
        u1_0.created_at,
        u1_0.data_nascita,
        u1_0.email,
        u1_0.logo,
        u1_0.indirizzo,
        u1_0.last_login_at,
        u1_0.metodo_registrazione,
        u1_0.nome,
        u1_0.password,
        u1_0.pdf_tema_colore,
        r1_0.id,
        r1_0.alias,
        r1_0.created_at,
        r1_0.nome,
        rp1_0.ruolo_id,
        rp1_0.id,
        rp1_0.created_at,
        rp1_0.permesso_id,
        p1_0.id,
        p1_0.alias,
        p1_0.created_at,
        g1_0.id,
        g1_0.alias,
        g1_0.created_at,
        g1_0.nome,
        g1_0.updated_at,
        p1_0.nome,
        p1_0.updated_at,
        rp1_0.updated_at,
        r1_0.updated_at,
        u1_0.telefono,
        u1_0.updated_at 
    from
        utenti u1_0 
    left join
        ruoli r1_0 
            on r1_0.id=u1_0.ruolo_id 
    left join
        ruoli_permessi rp1_0 
            on r1_0.id=rp1_0.ruolo_id 
    left join
        permessi p1_0 
            on p1_0.id=rp1_0.permesso_id 
    left join
        gruppi g1_0 
            on g1_0.id=p1_0.gruppo_id 
    where
        u1_0.email=?
2026-07-13T19:00:39.354+02:00 DEBUG 81128 --- [ProgettoNutrizionista] [nio-8080-exec-7] org.hibernate.SQL                        : 
    select
        u1_0.id,
        u1_0.codice_fiscale,
        u1_0.cognome,
        u1_0.created_at,
        u1_0.data_nascita,
        u1_0.email,
        u1_0.logo,
        u1_0.indirizzo,
        u1_0.last_login_at,
        u1_0.metodo_registrazione,
        u1_0.nome,
        u1_0.password,
        u1_0.pdf_tema_colore,
        r1_0.id,
        r1_0.alias,
        r1_0.created_at,
        r1_0.nome,
        rp1_0.ruolo_id,
        rp1_0.id,
        rp1_0.created_at,
        rp1_0.permesso_id,
        p1_0.id,
        p1_0.alias,
        p1_0.created_at,
        g1_0.id,
        g1_0.alias,
        g1_0.created_at,
        g1_0.nome,
        g1_0.updated_at,
        p1_0.nome,
        p1_0.updated_at,
        rp1_0.updated_at,
        r1_0.updated_at,
        u1_0.telefono,
        u1_0.updated_at 
    from
        utenti u1_0 
    left join
        ruoli r1_0 
            on r1_0.id=u1_0.ruolo_id 
    left join
        ruoli_permessi rp1_0 
            on r1_0.id=rp1_0.ruolo_id 
    left join
        permessi p1_0 
            on p1_0.id=rp1_0.permesso_id 
    left join
        gruppi g1_0 
            on g1_0.id=p1_0.gruppo_id 
    where
        u1_0.email=?
Hibernate: 
    select
        u1_0.id,
        u1_0.codice_fiscale,
        u1_0.cognome,
        u1_0.created_at,
        u1_0.data_nascita,
        u1_0.email,
        u1_0.logo,
        u1_0.indirizzo,
        u1_0.last_login_at,
        u1_0.metodo_registrazione,
        u1_0.nome,
        u1_0.password,
        u1_0.pdf_tema_colore,
        r1_0.id,
        r1_0.alias,
        r1_0.created_at,
        r1_0.nome,
        rp1_0.ruolo_id,
        rp1_0.id,
        rp1_0.created_at,
        rp1_0.permesso_id,
        p1_0.id,
        p1_0.alias,
        p1_0.created_at,
        g1_0.id,
        g1_0.alias,
        g1_0.created_at,
        g1_0.nome,
        g1_0.updated_at,
        p1_0.nome,
        p1_0.updated_at,
        rp1_0.updated_at,
        r1_0.updated_at,
        u1_0.telefono,
        u1_0.updated_at 
    from
        utenti u1_0 
    left join
        ruoli r1_0 
            on r1_0.id=u1_0.ruolo_id 
    left join
        ruoli_permessi rp1_0 
            on r1_0.id=rp1_0.ruolo_id 
    left join
        permessi p1_0 
            on p1_0.id=rp1_0.permesso_id 
    left join
        gruppi g1_0 
            on g1_0.id=p1_0.gruppo_id 
    where
        u1_0.email=?
Hibernate: 
    select
        u1_0.id,
        u1_0.codice_fiscale,
        u1_0.cognome,
        u1_0.created_at,
        u1_0.data_nascita,
        u1_0.email,
        u1_0.logo,
        u1_0.indirizzo,
        u1_0.last_login_at,
        u1_0.metodo_registrazione,
        u1_0.nome,
        u1_0.password,
        u1_0.pdf_tema_colore,
        r1_0.id,
        r1_0.alias,
        r1_0.created_at,
        r1_0.nome,
        rp1_0.ruolo_id,
        rp1_0.id,
        rp1_0.created_at,
        rp1_0.permesso_id,
        p1_0.id,
        p1_0.alias,
        p1_0.created_at,
        g1_0.id,
        g1_0.alias,
        g1_0.created_at,
        g1_0.nome,
        g1_0.updated_at,
        p1_0.nome,
        p1_0.updated_at,
        rp1_0.updated_at,
        r1_0.updated_at,
        u1_0.telefono,
        u1_0.updated_at 
    from
        utenti u1_0 
    left join
        ruoli r1_0 
            on r1_0.id=u1_0.ruolo_id 
    left join
        ruoli_permessi rp1_0 
            on r1_0.id=rp1_0.ruolo_id 
    left join
        permessi p1_0 
            on p1_0.id=rp1_0.permesso_id 
    left join
        gruppi g1_0 
            on g1_0.id=p1_0.gruppo_id 
    where
        u1_0.email=?
2026-07-13T19:00:39.355+02:00 DEBUG 81128 --- [ProgettoNutrizionista] [nio-8080-exec-2] org.hibernate.SQL                        : 
    select
        count(ta1_0.id) 
    from
        ticket_assistenza ta1_0 
    where
        ta1_0.stato=?
Hibernate: 
    select
        count(ta1_0.id) 
    from
        ticket_assistenza ta1_0 
    where
        ta1_0.stato=?
2026-07-13T19:00:39.430+02:00 DEBUG 81128 --- [ProgettoNutrizionista] [nio-8080-exec-2] org.hibernate.SQL                        : 
    select
        count(ta1_0.id) 
    from
        ticket_assistenza ta1_0 
    where
        ta1_0.stato=?
Hibernate: 
    select
        count(ta1_0.id) 
    from
        ticket_assistenza ta1_0 
    where
        ta1_0.stato=?
2026-07-13T19:00:39.439+02:00 DEBUG 81128 --- [ProgettoNutrizionista] [nio-8080-exec-3] org.hibernate.SQL                        : 
    select
        ta1_0.id,
        ta1_0.accepted_at,
        ta1_0.closed_at,
        ta1_0.created_at,
        ta1_0.descrizione,
        ta1_0.motivo_rifiuto,
        ta1_0.nutrizionista_id,
        ta1_0.oggetto,
        ta1_0.stato,
        ta1_0.updated_at,
        ta1_0.version 
    from
        ticket_assistenza ta1_0 
    where
        ta1_0.stato=? 
    order by
        ta1_0.created_at,
        ta1_0.created_at 
    limit
        ?
2026-07-13T19:00:39.439+02:00 DEBUG 81128 --- [ProgettoNutrizionista] [nio-8080-exec-7] org.hibernate.SQL                        : 
    select
        ta1_0.id,
        ta1_0.accepted_at,
        ta1_0.closed_at,
        ta1_0.created_at,
        ta1_0.descrizione,
        ta1_0.motivo_rifiuto,
        ta1_0.nutrizionista_id,
        ta1_0.oggetto,
        ta1_0.stato,
        ta1_0.updated_at,
        ta1_0.version 
    from
        ticket_assistenza ta1_0 
    where
        ta1_0.stato=? 
    order by
        ta1_0.created_at,
        ta1_0.created_at 
    limit
        ?
Hibernate: 
    select
        ta1_0.id,
        ta1_0.accepted_at,
        ta1_0.closed_at,
        ta1_0.created_at,
        ta1_0.descrizione,
        ta1_0.motivo_rifiuto,
        ta1_0.nutrizionista_id,
        ta1_0.oggetto,
        ta1_0.stato,
        ta1_0.updated_at,
        ta1_0.version 
    from
        ticket_assistenza ta1_0 
    where
        ta1_0.stato=? 
    order by
        ta1_0.created_at,
        ta1_0.created_at 
    limit
        ?
Hibernate: 
    select
        ta1_0.id,
        ta1_0.accepted_at,
        ta1_0.closed_at,
        ta1_0.created_at,
        ta1_0.descrizione,
        ta1_0.motivo_rifiuto,
        ta1_0.nutrizionista_id,
        ta1_0.oggetto,
        ta1_0.stato,
        ta1_0.updated_at,
        ta1_0.version 
    from
        ticket_assistenza ta1_0 
    where
        ta1_0.stato=? 
    order by
        ta1_0.created_at,
        ta1_0.created_at 
    limit
        ?
2026-07-13T19:00:39.505+02:00 DEBUG 81128 --- [ProgettoNutrizionista] [nio-8080-exec-3] org.hibernate.SQL                        : 
    select
        count(ma1_0.id) 
    from
        messaggi_assistenza ma1_0 
    join
        ticket_assistenza t1_0 
            on t1_0.id=ma1_0.ticket_id 
    join
        utenti m1_0 
            on m1_0.id=ma1_0.mittente_id 
    where
        t1_0.id=? 
        and not(ma1_0.letto) 
        and m1_0.id<>?
Hibernate: 
    select
        count(ma1_0.id) 
    from
        messaggi_assistenza ma1_0 
    join
        ticket_assistenza t1_0 
            on t1_0.id=ma1_0.ticket_id 
    join
        utenti m1_0 
            on m1_0.id=ma1_0.mittente_id 
    where
        t1_0.id=? 
        and not(ma1_0.letto) 
        and m1_0.id<>?
2026-07-13T19:00:39.505+02:00 DEBUG 81128 --- [ProgettoNutrizionista] [nio-8080-exec-7] org.hibernate.SQL                        : 
    select
        count(ma1_0.id) 
    from
        messaggi_assistenza ma1_0 
    join
        ticket_assistenza t1_0 
            on t1_0.id=ma1_0.ticket_id 
    join
        utenti m1_0 
            on m1_0.id=ma1_0.mittente_id 
    where
        t1_0.id=? 
        and not(ma1_0.letto) 
        and m1_0.id<>?
Hibernate: 
    select
        count(ma1_0.id) 
    from
        messaggi_assistenza ma1_0 
    join
        ticket_assistenza t1_0 
            on t1_0.id=ma1_0.ticket_id 
    join
        utenti m1_0 
            on m1_0.id=ma1_0.mittente_id 
    where
        t1_0.id=? 
        and not(ma1_0.letto) 
        and m1_0.id<>?
2026-07-13T19:00:39.568+02:00 DEBUG 81128 --- [ProgettoNutrizionista] [nio-8080-exec-3] org.hibernate.SQL                        : 
    select
        u1_0.id,
        u1_0.codice_fiscale,
        u1_0.cognome,
        u1_0.created_at,
        u1_0.data_nascita,
        u1_0.email,
        u1_0.logo,
        u1_0.indirizzo,
        u1_0.last_login_at,
        u1_0.metodo_registrazione,
        u1_0.nome,
        u1_0.password,
        u1_0.pdf_tema_colore,
        r1_0.id,
        r1_0.alias,
        r1_0.created_at,
        r1_0.nome,
        r1_0.updated_at,
        u1_0.telefono,
        u1_0.updated_at 
    from
        utenti u1_0 
    left join
        ruoli r1_0 
            on r1_0.id=u1_0.ruolo_id 
    where
        u1_0.id=?
Hibernate: 
    select
        u1_0.id,
        u1_0.codice_fiscale,
        u1_0.cognome,
        u1_0.created_at,
        u1_0.data_nascita,
        u1_0.email,
        u1_0.logo,
        u1_0.indirizzo,
        u1_0.last_login_at,
        u1_0.metodo_registrazione,
        u1_0.nome,
        u1_0.password,
        u1_0.pdf_tema_colore,
        r1_0.id,
        r1_0.alias,
        r1_0.created_at,
        r1_0.nome,
        r1_0.updated_at,
        u1_0.telefono,
        u1_0.updated_at 
    from
        utenti u1_0 
    left join
        ruoli r1_0 
            on r1_0.id=u1_0.ruolo_id 
    where
        u1_0.id=?
2026-07-13T19:00:39.568+02:00 DEBUG 81128 --- [ProgettoNutrizionista] [nio-8080-exec-7] org.hibernate.SQL                        : 
    select
        u1_0.id,
        u1_0.codice_fiscale,
        u1_0.cognome,
        u1_0.created_at,
        u1_0.data_nascita,
        u1_0.email,
        u1_0.logo,
        u1_0.indirizzo,
        u1_0.last_login_at,
        u1_0.metodo_registrazione,
        u1_0.nome,
        u1_0.password,
        u1_0.pdf_tema_colore,
        r1_0.id,
        r1_0.alias,
        r1_0.created_at,
        r1_0.nome,
        r1_0.updated_at,
        u1_0.telefono,
        u1_0.updated_at 
    from
        utenti u1_0 
    left join
        ruoli r1_0 
            on r1_0.id=u1_0.ruolo_id 
    where
        u1_0.id=?
Hibernate: 
    select
        u1_0.id,
        u1_0.codice_fiscale,
        u1_0.cognome,
        u1_0.created_at,
        u1_0.data_nascita,
        u1_0.email,
        u1_0.logo,
        u1_0.indirizzo,
        u1_0.last_login_at,
        u1_0.metodo_registrazione,
        u1_0.nome,
        u1_0.password,
        u1_0.pdf_tema_colore,
        r1_0.id,
        r1_0.alias,
        r1_0.created_at,
        r1_0.nome,
        r1_0.updated_at,
        u1_0.telefono,
        u1_0.updated_at 
    from
        utenti u1_0 
    left join
        ruoli r1_0 
            on r1_0.id=u1_0.ruolo_id 
    where
        u1_0.id=?
2026-07-13T19:00:39.632+02:00 DEBUG 81128 --- [ProgettoNutrizionista] [nio-8080-exec-2] m.m.a.RequestResponseBodyMethodProcessor : Using 'application/json', given [application/json, text/plain, */*] and supported [application/json, application/*+json, application/yaml]
2026-07-13T19:00:39.634+02:00 DEBUG 81128 --- [ProgettoNutrizionista] [nio-8080-exec-2] m.m.a.RequestResponseBodyMethodProcessor : Writing [it.nutrizionista.restnutrizionista.dto.ConteggiAssistenzaDto@3ad44a33]
2026-07-13T19:00:39.635+02:00 DEBUG 81128 --- [ProgettoNutrizionista] [nio-8080-exec-2] o.s.web.servlet.DispatcherServlet        : Completed 200 OK
2026-07-13T19:00:39.770+02:00 DEBUG 81128 --- [ProgettoNutrizionista] [nio-8080-exec-3] m.m.a.RequestResponseBodyMethodProcessor : Using 'application/json', given [application/json, text/plain, */*] and supported [application/json, application/*+json, application/yaml]
2026-07-13T19:00:39.770+02:00 DEBUG 81128 --- [ProgettoNutrizionista] [nio-8080-exec-7] m.m.a.RequestResponseBodyMethodProcessor : Using 'application/json', given [application/json, text/plain, */*] and supported [application/json, application/*+json, application/yaml]
2026-07-13T19:00:39.772+02:00 DEBUG 81128 --- [ProgettoNutrizionista] [nio-8080-exec-3] m.m.a.RequestResponseBodyMethodProcessor : Writing [it.nutrizionista.restnutrizionista.dto.PageResponse@3266b966]
2026-07-13T19:00:39.773+02:00 DEBUG 81128 --- [ProgettoNutrizionista] [nio-8080-exec-7] m.m.a.RequestResponseBodyMethodProcessor : Writing [it.nutrizionista.restnutrizionista.dto.PageResponse@63d18bce]
2026-07-13T19:00:39.777+02:00 DEBUG 81128 --- [ProgettoNutrizionista] [nio-8080-exec-7] o.s.web.servlet.DispatcherServlet        : Completed 200 OK
2026-07-13T19:00:39.777+02:00 DEBUG 81128 --- [ProgettoNutrizionista] [nio-8080-exec-3] o.s.web.servlet.DispatcherServlet        : Completed 200 OK
2026-07-13T19:00:41.631+02:00 DEBUG 81128 --- [ProgettoNutrizionista] [nio-8080-exec-8] o.s.web.servlet.DispatcherServlet        : POST "/api/admin/assistenza/tickets/1/accetta", parameters={}
2026-07-13T19:00:41.632+02:00 DEBUG 81128 --- [ProgettoNutrizionista] [nio-8080-exec-8] s.w.s.m.m.a.RequestMappingHandlerMapping : Mapped to it.nutrizionista.restnutrizionista.controller.AdminAssistenzaController#accetta(Long)
2026-07-13T19:00:41.735+02:00 DEBUG 81128 --- [ProgettoNutrizionista] [nio-8080-exec-8] org.hibernate.SQL                        : 
    select
        u1_0.id,
        u1_0.codice_fiscale,
        u1_0.cognome,
        u1_0.created_at,
        u1_0.data_nascita,
        u1_0.email,
        u1_0.logo,
        u1_0.indirizzo,
        u1_0.last_login_at,
        u1_0.metodo_registrazione,
        u1_0.nome,
        u1_0.password,
        u1_0.pdf_tema_colore,
        r1_0.id,
        r1_0.alias,
        r1_0.created_at,
        r1_0.nome,
        rp1_0.ruolo_id,
        rp1_0.id,
        rp1_0.created_at,
        rp1_0.permesso_id,
        p1_0.id,
        p1_0.alias,
        p1_0.created_at,
        g1_0.id,
        g1_0.alias,
        g1_0.created_at,
        g1_0.nome,
        g1_0.updated_at,
        p1_0.nome,
        p1_0.updated_at,
        rp1_0.updated_at,
        r1_0.updated_at,
        u1_0.telefono,
        u1_0.updated_at 
    from
        utenti u1_0 
    left join
        ruoli r1_0 
            on r1_0.id=u1_0.ruolo_id 
    left join
        ruoli_permessi rp1_0 
            on r1_0.id=rp1_0.ruolo_id 
    left join
        permessi p1_0 
            on p1_0.id=rp1_0.permesso_id 
    left join
        gruppi g1_0 
            on g1_0.id=p1_0.gruppo_id 
    where
        u1_0.email=?
Hibernate: 
    select
        u1_0.id,
        u1_0.codice_fiscale,
        u1_0.cognome,
        u1_0.created_at,
        u1_0.data_nascita,
        u1_0.email,
        u1_0.logo,
        u1_0.indirizzo,
        u1_0.last_login_at,
        u1_0.metodo_registrazione,
        u1_0.nome,
        u1_0.password,
        u1_0.pdf_tema_colore,
        r1_0.id,
        r1_0.alias,
        r1_0.created_at,
        r1_0.nome,
        rp1_0.ruolo_id,
        rp1_0.id,
        rp1_0.created_at,
        rp1_0.permesso_id,
        p1_0.id,
        p1_0.alias,
        p1_0.created_at,
        g1_0.id,
        g1_0.alias,
        g1_0.created_at,
        g1_0.nome,
        g1_0.updated_at,
        p1_0.nome,
        p1_0.updated_at,
        rp1_0.updated_at,
        r1_0.updated_at,
        u1_0.telefono,
        u1_0.updated_at 
    from
        utenti u1_0 
    left join
        ruoli r1_0 
            on r1_0.id=u1_0.ruolo_id 
    left join
        ruoli_permessi rp1_0 
            on r1_0.id=rp1_0.ruolo_id 
    left join
        permessi p1_0 
            on p1_0.id=rp1_0.permesso_id 
    left join
        gruppi g1_0 
            on g1_0.id=p1_0.gruppo_id 
    where
        u1_0.email=?
2026-07-13T19:00:41.809+02:00 DEBUG 81128 --- [ProgettoNutrizionista] [nio-8080-exec-8] org.hibernate.SQL                        : 
    select
        ta1_0.id,
        ta1_0.accepted_at,
        ta1_0.closed_at,
        ta1_0.created_at,
        ta1_0.descrizione,
        ta1_0.motivo_rifiuto,
        ta1_0.nutrizionista_id,
        n1_0.id,
        n1_0.codice_fiscale,
        n1_0.cognome,
        n1_0.created_at,
        n1_0.data_nascita,
        n1_0.email,
        n1_0.logo,
        n1_0.indirizzo,
        n1_0.last_login_at,
        n1_0.metodo_registrazione,
        n1_0.nome,
        n1_0.password,
        n1_0.pdf_tema_colore,
        n1_0.ruolo_id,
        n1_0.telefono,
        n1_0.updated_at,
        ta1_0.oggetto,
        ta1_0.stato,
        ta1_0.updated_at,
        ta1_0.version 
    from
        ticket_assistenza ta1_0 
    join
        utenti n1_0 
            on n1_0.id=ta1_0.nutrizionista_id 
    where
        ta1_0.id=?
Hibernate: 
    select
        ta1_0.id,
        ta1_0.accepted_at,
        ta1_0.closed_at,
        ta1_0.created_at,
        ta1_0.descrizione,
        ta1_0.motivo_rifiuto,
        ta1_0.nutrizionista_id,
        n1_0.id,
        n1_0.codice_fiscale,
        n1_0.cognome,
        n1_0.created_at,
        n1_0.data_nascita,
        n1_0.email,
        n1_0.logo,
        n1_0.indirizzo,
        n1_0.last_login_at,
        n1_0.metodo_registrazione,
        n1_0.nome,
        n1_0.password,
        n1_0.pdf_tema_colore,
        n1_0.ruolo_id,
        n1_0.telefono,
        n1_0.updated_at,
        ta1_0.oggetto,
        ta1_0.stato,
        ta1_0.updated_at,
        ta1_0.version 
    from
        ticket_assistenza ta1_0 
    join
        utenti n1_0 
            on n1_0.id=ta1_0.nutrizionista_id 
    where
        ta1_0.id=?
2026-07-13T19:00:41.871+02:00 DEBUG 81128 --- [ProgettoNutrizionista] [nio-8080-exec-8] org.hibernate.SQL                        : 
    select
        r1_0.id,
        r1_0.alias,
        r1_0.created_at,
        r1_0.nome,
        r1_0.updated_at 
    from
        ruoli r1_0 
    where
        r1_0.id=?
Hibernate: 
    select
        r1_0.id,
        r1_0.alias,
        r1_0.created_at,
        r1_0.nome,
        r1_0.updated_at 
    from
        ruoli r1_0 
    where
        r1_0.id=?
2026-07-13T19:00:41.920+02:00 DEBUG 81128 --- [ProgettoNutrizionista] [nio-8080-exec-8] org.hibernate.SQL                        : 
    update
        ticket_assistenza 
    set
        accepted_at=?,
        closed_at=?,
        descrizione=?,
        motivo_rifiuto=?,
        nutrizionista_id=?,
        oggetto=?,
        stato=?,
        updated_at=?,
        version=? 
    where
        id=? 
        and version=?
Hibernate: 
    update
        ticket_assistenza 
    set
        accepted_at=?,
        closed_at=?,
        descrizione=?,
        motivo_rifiuto=?,
        nutrizionista_id=?,
        oggetto=?,
        stato=?,
        updated_at=?,
        version=? 
    where
        id=? 
        and version=?
2026-07-13T19:00:41.971+02:00  INFO 81128 --- [ProgettoNutrizionista] [nio-8080-exec-8] AUDIT.assistenza                         : transizione assistenza utenteId=90001 ticketId=1 IN_ATTESA->ACCETTATO
2026-07-13T19:00:41.975+02:00 DEBUG 81128 --- [ProgettoNutrizionista] [nio-8080-exec-8] org.hibernate.SQL                        : 
    select
        count(ma1_0.id) 
    from
        messaggi_assistenza ma1_0 
    join
        ticket_assistenza t1_0 
            on t1_0.id=ma1_0.ticket_id 
    join
        utenti m1_0 
            on m1_0.id=ma1_0.mittente_id 
    where
        t1_0.id=? 
        and not(ma1_0.letto) 
        and m1_0.id<>?
Hibernate: 
    select
        count(ma1_0.id) 
    from
        messaggi_assistenza ma1_0 
    join
        ticket_assistenza t1_0 
            on t1_0.id=ma1_0.ticket_id 
    join
        utenti m1_0 
            on m1_0.id=ma1_0.mittente_id 
    where
        t1_0.id=? 
        and not(ma1_0.letto) 
        and m1_0.id<>?
2026-07-13T19:00:42.155+02:00 DEBUG 81128 --- [ProgettoNutrizionista] [nio-8080-exec-8] m.m.a.RequestResponseBodyMethodProcessor : Using 'application/json', given [application/json, text/plain, */*] and supported [application/json, application/*+json, application/yaml]
2026-07-13T19:00:42.157+02:00 DEBUG 81128 --- [ProgettoNutrizionista] [nio-8080-exec-8] m.m.a.RequestResponseBodyMethodProcessor : Writing [it.nutrizionista.restnutrizionista.dto.TicketAssistenzaDto@29df569c]
2026-07-13T19:00:42.160+02:00 DEBUG 81128 --- [ProgettoNutrizionista] [nio-8080-exec-8] o.s.web.servlet.DispatcherServlet        : Completed 200 OK
2026-07-13T19:00:42.168+02:00 DEBUG 81128 --- [ProgettoNutrizionista] [nio-8080-exec-5] o.s.web.servlet.DispatcherServlet        : GET "/api/admin/assistenza/tickets/conteggi", parameters={}
2026-07-13T19:00:42.168+02:00 DEBUG 81128 --- [ProgettoNutrizionista] [nio-8080-exec-6] o.s.web.servlet.DispatcherServlet        : GET "/api/admin/assistenza/tickets?stato=ACCETTATO&page=0&size=50", parameters={masked}
2026-07-13T19:00:42.168+02:00 DEBUG 81128 --- [ProgettoNutrizionista] [nio-8080-exec-4] o.s.web.servlet.DispatcherServlet        : GET "/api/admin/assistenza/tickets?stato=IN_ATTESA&page=0&size=50", parameters={masked}
2026-07-13T19:00:42.168+02:00 DEBUG 81128 --- [ProgettoNutrizionista] [nio-8080-exec-5] s.w.s.m.m.a.RequestMappingHandlerMapping : Mapped to it.nutrizionista.restnutrizionista.controller.AdminAssistenzaController#conteggi()
2026-07-13T19:00:42.169+02:00 DEBUG 81128 --- [ProgettoNutrizionista] [nio-8080-exec-6] s.w.s.m.m.a.RequestMappingHandlerMapping : Mapped to it.nutrizionista.restnutrizionista.controller.AdminAssistenzaController#lista(StatoTicket, int, int)
2026-07-13T19:00:42.170+02:00 DEBUG 81128 --- [ProgettoNutrizionista] [nio-8080-exec-4] s.w.s.m.m.a.RequestMappingHandlerMapping : Mapped to it.nutrizionista.restnutrizionista.controller.AdminAssistenzaController#lista(StatoTicket, int, int)
2026-07-13T19:00:42.266+02:00 DEBUG 81128 --- [ProgettoNutrizionista] [nio-8080-exec-4] org.hibernate.SQL                        : 
    select
        u1_0.id,
        u1_0.codice_fiscale,
        u1_0.cognome,
        u1_0.created_at,
        u1_0.data_nascita,
        u1_0.email,
        u1_0.logo,
        u1_0.indirizzo,
        u1_0.last_login_at,
        u1_0.metodo_registrazione,
        u1_0.nome,
        u1_0.password,
        u1_0.pdf_tema_colore,
        r1_0.id,
        r1_0.alias,
        r1_0.created_at,
        r1_0.nome,
        rp1_0.ruolo_id,
        rp1_0.id,
        rp1_0.created_at,
        rp1_0.permesso_id,
        p1_0.id,
        p1_0.alias,
        p1_0.created_at,
        g1_0.id,
        g1_0.alias,
        g1_0.created_at,
        g1_0.nome,
        g1_0.updated_at,
        p1_0.nome,
        p1_0.updated_at,
        rp1_0.updated_at,
        r1_0.updated_at,
        u1_0.telefono,
        u1_0.updated_at 
    from
        utenti u1_0 
    left join
        ruoli r1_0 
            on r1_0.id=u1_0.ruolo_id 
    left join
        ruoli_permessi rp1_0 
            on r1_0.id=rp1_0.ruolo_id 
    left join
        permessi p1_0 
            on p1_0.id=rp1_0.permesso_id 
    left join
        gruppi g1_0 
            on g1_0.id=p1_0.gruppo_id 
    where
        u1_0.email=?
Hibernate: 
    select
        u1_0.id,
        u1_0.codice_fiscale,
        u1_0.cognome,
        u1_0.created_at,
        u1_0.data_nascita,
        u1_0.email,
        u1_0.logo,
        u1_0.indirizzo,
        u1_0.last_login_at,
        u1_0.metodo_registrazione,
        u1_0.nome,
        u1_0.password,
        u1_0.pdf_tema_colore,
        r1_0.id,
        r1_0.alias,
        r1_0.created_at,
        r1_0.nome,
        rp1_0.ruolo_id,
        rp1_0.id,
        rp1_0.created_at,
        rp1_0.permesso_id,
        p1_0.id,
        p1_0.alias,
        p1_0.created_at,
        g1_0.id,
        g1_0.alias,
        g1_0.created_at,
        g1_0.nome,
        g1_0.updated_at,
        p1_0.nome,
        p1_0.updated_at,
        rp1_0.updated_at,
        r1_0.updated_at,
        u1_0.telefono,
        u1_0.updated_at 
    from
        utenti u1_0 
    left join
        ruoli r1_0 
            on r1_0.id=u1_0.ruolo_id 
    left join
        ruoli_permessi rp1_0 
            on r1_0.id=rp1_0.ruolo_id 
    left join
        permessi p1_0 
            on p1_0.id=rp1_0.permesso_id 
    left join
        gruppi g1_0 
            on g1_0.id=p1_0.gruppo_id 
    where
        u1_0.email=?
2026-07-13T19:00:42.313+02:00 DEBUG 81128 --- [ProgettoNutrizionista] [nio-8080-exec-6] org.hibernate.SQL                        : 
    select
        u1_0.id,
        u1_0.codice_fiscale,
        u1_0.cognome,
        u1_0.created_at,
        u1_0.data_nascita,
        u1_0.email,
        u1_0.logo,
        u1_0.indirizzo,
        u1_0.last_login_at,
        u1_0.metodo_registrazione,
        u1_0.nome,
        u1_0.password,
        u1_0.pdf_tema_colore,
        r1_0.id,
        r1_0.alias,
        r1_0.created_at,
        r1_0.nome,
        rp1_0.ruolo_id,
        rp1_0.id,
        rp1_0.created_at,
        rp1_0.permesso_id,
        p1_0.id,
        p1_0.alias,
        p1_0.created_at,
        g1_0.id,
        g1_0.alias,
        g1_0.created_at,
        g1_0.nome,
        g1_0.updated_at,
        p1_0.nome,
        p1_0.updated_at,
        rp1_0.updated_at,
        r1_0.updated_at,
        u1_0.telefono,
        u1_0.updated_at 
    from
        utenti u1_0 
    left join
        ruoli r1_0 
            on r1_0.id=u1_0.ruolo_id 
    left join
        ruoli_permessi rp1_0 
            on r1_0.id=rp1_0.ruolo_id 
    left join
        permessi p1_0 
            on p1_0.id=rp1_0.permesso_id 
    left join
        gruppi g1_0 
            on g1_0.id=p1_0.gruppo_id 
    where
        u1_0.email=?
Hibernate: 
    select
        u1_0.id,
        u1_0.codice_fiscale,
        u1_0.cognome,
        u1_0.created_at,
        u1_0.data_nascita,
        u1_0.email,
        u1_0.logo,
        u1_0.indirizzo,
        u1_0.last_login_at,
        u1_0.metodo_registrazione,
        u1_0.nome,
        u1_0.password,
        u1_0.pdf_tema_colore,
        r1_0.id,
        r1_0.alias,
        r1_0.created_at,
        r1_0.nome,
        rp1_0.ruolo_id,
        rp1_0.id,
        rp1_0.created_at,
        rp1_0.permesso_id,
        p1_0.id,
        p1_0.alias,
        p1_0.created_at,
        g1_0.id,
        g1_0.alias,
        g1_0.created_at,
        g1_0.nome,
        g1_0.updated_at,
        p1_0.nome,
        p1_0.updated_at,
        rp1_0.updated_at,
        r1_0.updated_at,
        u1_0.telefono,
        u1_0.updated_at 
    from
        utenti u1_0 
    left join
        ruoli r1_0 
            on r1_0.id=u1_0.ruolo_id 
    left join
        ruoli_permessi rp1_0 
            on r1_0.id=rp1_0.ruolo_id 
    left join
        permessi p1_0 
            on p1_0.id=rp1_0.permesso_id 
    left join
        gruppi g1_0 
            on g1_0.id=p1_0.gruppo_id 
    where
        u1_0.email=?
2026-07-13T19:00:42.322+02:00 DEBUG 81128 --- [ProgettoNutrizionista] [nio-8080-exec-5] org.hibernate.SQL                        : 
    select
        count(ta1_0.id) 
    from
        ticket_assistenza ta1_0 
    where
        ta1_0.stato=?
Hibernate: 
    select
        count(ta1_0.id) 
    from
        ticket_assistenza ta1_0 
    where
        ta1_0.stato=?
2026-07-13T19:00:42.349+02:00 DEBUG 81128 --- [ProgettoNutrizionista] [nio-8080-exec-4] org.hibernate.SQL                        : 
    select
        ta1_0.id,
        ta1_0.accepted_at,
        ta1_0.closed_at,
        ta1_0.created_at,
        ta1_0.descrizione,
        ta1_0.motivo_rifiuto,
        ta1_0.nutrizionista_id,
        ta1_0.oggetto,
        ta1_0.stato,
        ta1_0.updated_at,
        ta1_0.version 
    from
        ticket_assistenza ta1_0 
    where
        ta1_0.stato=? 
    order by
        ta1_0.created_at,
        ta1_0.created_at 
    limit
        ?
Hibernate: 
    select
        ta1_0.id,
        ta1_0.accepted_at,
        ta1_0.closed_at,
        ta1_0.created_at,
        ta1_0.descrizione,
        ta1_0.motivo_rifiuto,
        ta1_0.nutrizionista_id,
        ta1_0.oggetto,
        ta1_0.stato,
        ta1_0.updated_at,
        ta1_0.version 
    from
        ticket_assistenza ta1_0 
    where
        ta1_0.stato=? 
    order by
        ta1_0.created_at,
        ta1_0.created_at 
    limit
        ?
2026-07-13T19:00:42.382+02:00 DEBUG 81128 --- [ProgettoNutrizionista] [nio-8080-exec-5] org.hibernate.SQL                        : 
    select
        count(ta1_0.id) 
    from
        ticket_assistenza ta1_0 
    where
        ta1_0.stato=?
Hibernate: 
    select
        count(ta1_0.id) 
    from
        ticket_assistenza ta1_0 
    where
        ta1_0.stato=?
2026-07-13T19:00:42.391+02:00 DEBUG 81128 --- [ProgettoNutrizionista] [nio-8080-exec-6] org.hibernate.SQL                        : 
    select
        ta1_0.id,
        ta1_0.accepted_at,
        ta1_0.closed_at,
        ta1_0.created_at,
        ta1_0.descrizione,
        ta1_0.motivo_rifiuto,
        ta1_0.nutrizionista_id,
        ta1_0.oggetto,
        ta1_0.stato,
        ta1_0.updated_at,
        ta1_0.version 
    from
        ticket_assistenza ta1_0 
    where
        ta1_0.stato=? 
    order by
        ta1_0.created_at,
        ta1_0.created_at 
    limit
        ?
Hibernate: 
    select
        ta1_0.id,
        ta1_0.accepted_at,
        ta1_0.closed_at,
        ta1_0.created_at,
        ta1_0.descrizione,
        ta1_0.motivo_rifiuto,
        ta1_0.nutrizionista_id,
        ta1_0.oggetto,
        ta1_0.stato,
        ta1_0.updated_at,
        ta1_0.version 
    from
        ticket_assistenza ta1_0 
    where
        ta1_0.stato=? 
    order by
        ta1_0.created_at,
        ta1_0.created_at 
    limit
        ?
2026-07-13T19:00:42.460+02:00 DEBUG 81128 --- [ProgettoNutrizionista] [nio-8080-exec-6] org.hibernate.SQL                        : 
    select
        count(ma1_0.id) 
    from
        messaggi_assistenza ma1_0 
    join
        ticket_assistenza t1_0 
            on t1_0.id=ma1_0.ticket_id 
    join
        utenti m1_0 
            on m1_0.id=ma1_0.mittente_id 
    where
        t1_0.id=? 
        and not(ma1_0.letto) 
        and m1_0.id<>?
Hibernate: 
    select
        count(ma1_0.id) 
    from
        messaggi_assistenza ma1_0 
    join
        ticket_assistenza t1_0 
            on t1_0.id=ma1_0.ticket_id 
    join
        utenti m1_0 
            on m1_0.id=ma1_0.mittente_id 
    where
        t1_0.id=? 
        and not(ma1_0.letto) 
        and m1_0.id<>?
2026-07-13T19:00:42.524+02:00 DEBUG 81128 --- [ProgettoNutrizionista] [nio-8080-exec-6] org.hibernate.SQL                        : 
    select
        u1_0.id,
        u1_0.codice_fiscale,
        u1_0.cognome,
        u1_0.created_at,
        u1_0.data_nascita,
        u1_0.email,
        u1_0.logo,
        u1_0.indirizzo,
        u1_0.last_login_at,
        u1_0.metodo_registrazione,
        u1_0.nome,
        u1_0.password,
        u1_0.pdf_tema_colore,
        r1_0.id,
        r1_0.alias,
        r1_0.created_at,
        r1_0.nome,
        r1_0.updated_at,
        u1_0.telefono,
        u1_0.updated_at 
    from
        utenti u1_0 
    left join
        ruoli r1_0 
            on r1_0.id=u1_0.ruolo_id 
    where
        u1_0.id=?
Hibernate: 
    select
        u1_0.id,
        u1_0.codice_fiscale,
        u1_0.cognome,
        u1_0.created_at,
        u1_0.data_nascita,
        u1_0.email,
        u1_0.logo,
        u1_0.indirizzo,
        u1_0.last_login_at,
        u1_0.metodo_registrazione,
        u1_0.nome,
        u1_0.password,
        u1_0.pdf_tema_colore,
        r1_0.id,
        r1_0.alias,
        r1_0.created_at,
        r1_0.nome,
        r1_0.updated_at,
        u1_0.telefono,
        u1_0.updated_at 
    from
        utenti u1_0 
    left join
        ruoli r1_0 
            on r1_0.id=u1_0.ruolo_id 
    where
        u1_0.id=?
2026-07-13T19:00:42.554+02:00 DEBUG 81128 --- [ProgettoNutrizionista] [nio-8080-exec-4] m.m.a.RequestResponseBodyMethodProcessor : Using 'application/json', given [application/json, text/plain, */*] and supported [application/json, application/*+json, application/yaml]
2026-07-13T19:00:42.555+02:00 DEBUG 81128 --- [ProgettoNutrizionista] [nio-8080-exec-4] m.m.a.RequestResponseBodyMethodProcessor : Writing [it.nutrizionista.restnutrizionista.dto.PageResponse@32e4a9ed]
2026-07-13T19:00:42.556+02:00 DEBUG 81128 --- [ProgettoNutrizionista] [nio-8080-exec-4] o.s.web.servlet.DispatcherServlet        : Completed 200 OK
2026-07-13T19:00:42.582+02:00 DEBUG 81128 --- [ProgettoNutrizionista] [nio-8080-exec-5] m.m.a.RequestResponseBodyMethodProcessor : Using 'application/json', given [application/json, text/plain, */*] and supported [application/json, application/*+json, application/yaml]
2026-07-13T19:00:42.583+02:00 DEBUG 81128 --- [ProgettoNutrizionista] [nio-8080-exec-5] m.m.a.RequestResponseBodyMethodProcessor : Writing [it.nutrizionista.restnutrizionista.dto.ConteggiAssistenzaDto@69665ecf]
2026-07-13T19:00:42.584+02:00 DEBUG 81128 --- [ProgettoNutrizionista] [nio-8080-exec-5] o.s.web.servlet.DispatcherServlet        : Completed 200 OK
2026-07-13T19:00:42.589+02:00 DEBUG 81128 --- [ProgettoNutrizionista] [nio-8080-exec-6] org.hibernate.SQL                        : 
    select
        count(ma1_0.id) 
    from
        messaggi_assistenza ma1_0 
    join
        ticket_assistenza t1_0 
            on t1_0.id=ma1_0.ticket_id 
    join
        utenti m1_0 
            on m1_0.id=ma1_0.mittente_id 
    where
        t1_0.id=? 
        and not(ma1_0.letto) 
        and m1_0.id<>?
Hibernate: 
    select
        count(ma1_0.id) 
    from
        messaggi_assistenza ma1_0 
    join
        ticket_assistenza t1_0 
            on t1_0.id=ma1_0.ticket_id 
    join
        utenti m1_0 
            on m1_0.id=ma1_0.mittente_id 
    where
        t1_0.id=? 
        and not(ma1_0.letto) 
        and m1_0.id<>?
2026-07-13T19:00:42.648+02:00 DEBUG 81128 --- [ProgettoNutrizionista] [nio-8080-exec-6] org.hibernate.SQL                        : 
    select
        u1_0.id,
        u1_0.codice_fiscale,
        u1_0.cognome,
        u1_0.created_at,
        u1_0.data_nascita,
        u1_0.email,
        u1_0.logo,
        u1_0.indirizzo,
        u1_0.last_login_at,
        u1_0.metodo_registrazione,
        u1_0.nome,
        u1_0.password,
        u1_0.pdf_tema_colore,
        r1_0.id,
        r1_0.alias,
        r1_0.created_at,
        r1_0.nome,
        r1_0.updated_at,
        u1_0.telefono,
        u1_0.updated_at 
    from
        utenti u1_0 
    left join
        ruoli r1_0 
            on r1_0.id=u1_0.ruolo_id 
    where
        u1_0.id=?
Hibernate: 
    select
        u1_0.id,
        u1_0.codice_fiscale,
        u1_0.cognome,
        u1_0.created_at,
        u1_0.data_nascita,
        u1_0.email,
        u1_0.logo,
        u1_0.indirizzo,
        u1_0.last_login_at,
        u1_0.metodo_registrazione,
        u1_0.nome,
        u1_0.password,
        u1_0.pdf_tema_colore,
        r1_0.id,
        r1_0.alias,
        r1_0.created_at,
        r1_0.nome,
        r1_0.updated_at,
        u1_0.telefono,
        u1_0.updated_at 
    from
        utenti u1_0 
    left join
        ruoli r1_0 
            on r1_0.id=u1_0.ruolo_id 
    where
        u1_0.id=?
2026-07-13T19:00:42.878+02:00 DEBUG 81128 --- [ProgettoNutrizionista] [nio-8080-exec-6] m.m.a.RequestResponseBodyMethodProcessor : Using 'application/json', given [application/json, text/plain, */*] and supported [application/json, application/*+json, application/yaml]
2026-07-13T19:00:42.880+02:00 DEBUG 81128 --- [ProgettoNutrizionista] [nio-8080-exec-6] m.m.a.RequestResponseBodyMethodProcessor : Writing [it.nutrizionista.restnutrizionista.dto.PageResponse@6b874d96]
2026-07-13T19:00:42.883+02:00 DEBUG 81128 --- [ProgettoNutrizionista] [nio-8080-exec-6] o.s.web.servlet.DispatcherServlet        : Completed 200 OK
2026-07-13T19:00:42.897+02:00 DEBUG 81128 --- [ProgettoNutrizionista] [io-8080-exec-10] o.s.web.servlet.DispatcherServlet        : GET "/api/admin/assistenza/tickets/1/messaggi?afterId=0", parameters={masked}
2026-07-13T19:00:42.898+02:00 DEBUG 81128 --- [ProgettoNutrizionista] [io-8080-exec-10] s.w.s.m.m.a.RequestMappingHandlerMapping : Mapped to it.nutrizionista.restnutrizionista.controller.AdminAssistenzaController#messaggi(Long, Long)
2026-07-13T19:00:42.997+02:00 DEBUG 81128 --- [ProgettoNutrizionista] [io-8080-exec-10] org.hibernate.SQL                        : 
    select
        u1_0.id,
        u1_0.codice_fiscale,
        u1_0.cognome,
        u1_0.created_at,
        u1_0.data_nascita,
        u1_0.email,
        u1_0.logo,
        u1_0.indirizzo,
        u1_0.last_login_at,
        u1_0.metodo_registrazione,
        u1_0.nome,
        u1_0.password,
        u1_0.pdf_tema_colore,
        r1_0.id,
        r1_0.alias,
        r1_0.created_at,
        r1_0.nome,
        rp1_0.ruolo_id,
        rp1_0.id,
        rp1_0.created_at,
        rp1_0.permesso_id,
        p1_0.id,
        p1_0.alias,
        p1_0.created_at,
        g1_0.id,
        g1_0.alias,
        g1_0.created_at,
        g1_0.nome,
        g1_0.updated_at,
        p1_0.nome,
        p1_0.updated_at,
        rp1_0.updated_at,
        r1_0.updated_at,
        u1_0.telefono,
        u1_0.updated_at 
    from
        utenti u1_0 
    left join
        ruoli r1_0 
            on r1_0.id=u1_0.ruolo_id 
    left join
        ruoli_permessi rp1_0 
            on r1_0.id=rp1_0.ruolo_id 
    left join
        permessi p1_0 
            on p1_0.id=rp1_0.permesso_id 
    left join
        gruppi g1_0 
            on g1_0.id=p1_0.gruppo_id 
    where
        u1_0.email=?
Hibernate: 
    select
        u1_0.id,
        u1_0.codice_fiscale,
        u1_0.cognome,
        u1_0.created_at,
        u1_0.data_nascita,
        u1_0.email,
        u1_0.logo,
        u1_0.indirizzo,
        u1_0.last_login_at,
        u1_0.metodo_registrazione,
        u1_0.nome,
        u1_0.password,
        u1_0.pdf_tema_colore,
        r1_0.id,
        r1_0.alias,
        r1_0.created_at,
        r1_0.nome,
        rp1_0.ruolo_id,
        rp1_0.id,
        rp1_0.created_at,
        rp1_0.permesso_id,
        p1_0.id,
        p1_0.alias,
        p1_0.created_at,
        g1_0.id,
        g1_0.alias,
        g1_0.created_at,
        g1_0.nome,
        g1_0.updated_at,
        p1_0.nome,
        p1_0.updated_at,
        rp1_0.updated_at,
        r1_0.updated_at,
        u1_0.telefono,
        u1_0.updated_at 
    from
        utenti u1_0 
    left join
        ruoli r1_0 
            on r1_0.id=u1_0.ruolo_id 
    left join
        ruoli_permessi rp1_0 
            on r1_0.id=rp1_0.ruolo_id 
    left join
        permessi p1_0 
            on p1_0.id=rp1_0.permesso_id 
    left join
        gruppi g1_0 
            on g1_0.id=p1_0.gruppo_id 
    where
        u1_0.email=?
2026-07-13T19:00:43.106+02:00 DEBUG 81128 --- [ProgettoNutrizionista] [io-8080-exec-10] org.hibernate.SQL                        : 
    select
        ta1_0.id,
        ta1_0.accepted_at,
        ta1_0.closed_at,
        ta1_0.created_at,
        ta1_0.descrizione,
        ta1_0.motivo_rifiuto,
        ta1_0.nutrizionista_id,
        n1_0.id,
        n1_0.codice_fiscale,
        n1_0.cognome,
        n1_0.created_at,
        n1_0.data_nascita,
        n1_0.email,
        n1_0.logo,
        n1_0.indirizzo,
        n1_0.last_login_at,
        n1_0.metodo_registrazione,
        n1_0.nome,
        n1_0.password,
        n1_0.pdf_tema_colore,
        n1_0.ruolo_id,
        n1_0.telefono,
        n1_0.updated_at,
        ta1_0.oggetto,
        ta1_0.stato,
        ta1_0.updated_at,
        ta1_0.version 
    from
        ticket_assistenza ta1_0 
    join
        utenti n1_0 
            on n1_0.id=ta1_0.nutrizionista_id 
    where
        ta1_0.id=?
Hibernate: 
    select
        ta1_0.id,
        ta1_0.accepted_at,
        ta1_0.closed_at,
        ta1_0.created_at,
        ta1_0.descrizione,
        ta1_0.motivo_rifiuto,
        ta1_0.nutrizionista_id,
        n1_0.id,
        n1_0.codice_fiscale,
        n1_0.cognome,
        n1_0.created_at,
        n1_0.data_nascita,
        n1_0.email,
        n1_0.logo,
        n1_0.indirizzo,
        n1_0.last_login_at,
        n1_0.metodo_registrazione,
        n1_0.nome,
        n1_0.password,
        n1_0.pdf_tema_colore,
        n1_0.ruolo_id,
        n1_0.telefono,
        n1_0.updated_at,
        ta1_0.oggetto,
        ta1_0.stato,
        ta1_0.updated_at,
        ta1_0.version 
    from
        ticket_assistenza ta1_0 
    join
        utenti n1_0 
            on n1_0.id=ta1_0.nutrizionista_id 
    where
        ta1_0.id=?
2026-07-13T19:00:43.170+02:00 DEBUG 81128 --- [ProgettoNutrizionista] [io-8080-exec-10] org.hibernate.SQL                        : 
    select
        r1_0.id,
        r1_0.alias,
        r1_0.created_at,
        r1_0.nome,
        r1_0.updated_at 
    from
        ruoli r1_0 
    where
        r1_0.id=?
Hibernate: 
    select
        r1_0.id,
        r1_0.alias,
        r1_0.created_at,
        r1_0.nome,
        r1_0.updated_at 
    from
        ruoli r1_0 
    where
        r1_0.id=?
2026-07-13T19:00:43.223+02:00 DEBUG 81128 --- [ProgettoNutrizionista] [io-8080-exec-10] org.hibernate.SQL                        : 
    select
        ma1_0.id,
        ma1_0.created_at,
        ma1_0.letto,
        ma1_0.mittente_id,
        m1_0.id,
        m1_0.codice_fiscale,
        m1_0.cognome,
        m1_0.created_at,
        m1_0.data_nascita,
        m1_0.email,
        m1_0.logo,
        m1_0.indirizzo,
        m1_0.last_login_at,
        m1_0.metodo_registrazione,
        m1_0.nome,
        m1_0.password,
        m1_0.pdf_tema_colore,
        m1_0.ruolo_id,
        m1_0.telefono,
        m1_0.updated_at,
        ma1_0.testo,
        ma1_0.ticket_id 
    from
        messaggi_assistenza ma1_0 
    join
        utenti m1_0 
            on m1_0.id=ma1_0.mittente_id 
    where
        ma1_0.ticket_id=? 
        and ma1_0.id>? 
    order by
        ma1_0.id 
    limit
        ?
Hibernate: 
    select
        ma1_0.id,
        ma1_0.created_at,
        ma1_0.letto,
        ma1_0.mittente_id,
        m1_0.id,
        m1_0.codice_fiscale,
        m1_0.cognome,
        m1_0.created_at,
        m1_0.data_nascita,
        m1_0.email,
        m1_0.logo,
        m1_0.indirizzo,
        m1_0.last_login_at,
        m1_0.metodo_registrazione,
        m1_0.nome,
        m1_0.password,
        m1_0.pdf_tema_colore,
        m1_0.ruolo_id,
        m1_0.telefono,
        m1_0.updated_at,
        ma1_0.testo,
        ma1_0.ticket_id 
    from
        messaggi_assistenza ma1_0 
    join
        utenti m1_0 
            on m1_0.id=ma1_0.mittente_id 
    where
        ma1_0.ticket_id=? 
        and ma1_0.id>? 
    order by
        ma1_0.id 
    limit
        ?
2026-07-13T19:00:43.422+02:00 DEBUG 81128 --- [ProgettoNutrizionista] [io-8080-exec-10] m.m.a.RequestResponseBodyMethodProcessor : Using 'application/json', given [application/json, text/plain, */*] and supported [application/json, application/*+json, application/yaml]
2026-07-13T19:00:43.423+02:00 DEBUG 81128 --- [ProgettoNutrizionista] [io-8080-exec-10] m.m.a.RequestResponseBodyMethodProcessor : Writing [it.nutrizionista.restnutrizionista.dto.PollingMessaggiAssistenzaDto@244640fc]
2026-07-13T19:00:43.424+02:00 DEBUG 81128 --- [ProgettoNutrizionista] [io-8080-exec-10] o.s.web.servlet.DispatcherServlet        : Completed 200 OK
2026-07-13T19:00:43.434+02:00 DEBUG 81128 --- [ProgettoNutrizionista] [nio-8080-exec-3] o.s.web.servlet.DispatcherServlet        : POST "/api/admin/assistenza/tickets/1/messaggi/letti", parameters={}
2026-07-13T19:00:43.434+02:00 DEBUG 81128 --- [ProgettoNutrizionista] [nio-8080-exec-3] s.w.s.m.m.a.RequestMappingHandlerMapping : Mapped to it.nutrizionista.restnutrizionista.controller.AdminAssistenzaController#letti(Long)
2026-07-13T19:00:43.529+02:00 DEBUG 81128 --- [ProgettoNutrizionista] [nio-8080-exec-3] org.hibernate.SQL                        : 
    select
        u1_0.id,
        u1_0.codice_fiscale,
        u1_0.cognome,
        u1_0.created_at,
        u1_0.data_nascita,
        u1_0.email,
        u1_0.logo,
        u1_0.indirizzo,
        u1_0.last_login_at,
        u1_0.metodo_registrazione,
        u1_0.nome,
        u1_0.password,
        u1_0.pdf_tema_colore,
        r1_0.id,
        r1_0.alias,
        r1_0.created_at,
        r1_0.nome,
        rp1_0.ruolo_id,
        rp1_0.id,
        rp1_0.created_at,
        rp1_0.permesso_id,
        p1_0.id,
        p1_0.alias,
        p1_0.created_at,
        g1_0.id,
        g1_0.alias,
        g1_0.created_at,
        g1_0.nome,
        g1_0.updated_at,
        p1_0.nome,
        p1_0.updated_at,
        rp1_0.updated_at,
        r1_0.updated_at,
        u1_0.telefono,
        u1_0.updated_at 
    from
        utenti u1_0 
    left join
        ruoli r1_0 
            on r1_0.id=u1_0.ruolo_id 
    left join
        ruoli_permessi rp1_0 
            on r1_0.id=rp1_0.ruolo_id 
    left join
        permessi p1_0 
            on p1_0.id=rp1_0.permesso_id 
    left join
        gruppi g1_0 
            on g1_0.id=p1_0.gruppo_id 
    where
        u1_0.email=?
Hibernate: 
    select
        u1_0.id,
        u1_0.codice_fiscale,
        u1_0.cognome,
        u1_0.created_at,
        u1_0.data_nascita,
        u1_0.email,
        u1_0.logo,
        u1_0.indirizzo,
        u1_0.last_login_at,
        u1_0.metodo_registrazione,
        u1_0.nome,
        u1_0.password,
        u1_0.pdf_tema_colore,
        r1_0.id,
        r1_0.alias,
        r1_0.created_at,
        r1_0.nome,
        rp1_0.ruolo_id,
        rp1_0.id,
        rp1_0.created_at,
        rp1_0.permesso_id,
        p1_0.id,
        p1_0.alias,
        p1_0.created_at,
        g1_0.id,
        g1_0.alias,
        g1_0.created_at,
        g1_0.nome,
        g1_0.updated_at,
        p1_0.nome,
        p1_0.updated_at,
        rp1_0.updated_at,
        r1_0.updated_at,
        u1_0.telefono,
        u1_0.updated_at 
    from
        utenti u1_0 
    left join
        ruoli r1_0 
            on r1_0.id=u1_0.ruolo_id 
    left join
        ruoli_permessi rp1_0 
            on r1_0.id=rp1_0.ruolo_id 
    left join
        permessi p1_0 
            on p1_0.id=rp1_0.permesso_id 
    left join
        gruppi g1_0 
            on g1_0.id=p1_0.gruppo_id 
    where
        u1_0.email=?
2026-07-13T19:00:43.629+02:00 DEBUG 81128 --- [ProgettoNutrizionista] [nio-8080-exec-3] org.hibernate.SQL                        : 
    select
        ta1_0.id,
        ta1_0.accepted_at,
        ta1_0.closed_at,
        ta1_0.created_at,
        ta1_0.descrizione,
        ta1_0.motivo_rifiuto,
        ta1_0.nutrizionista_id,
        n1_0.id,
        n1_0.codice_fiscale,
        n1_0.cognome,
        n1_0.created_at,
        n1_0.data_nascita,
        n1_0.email,
        n1_0.logo,
        n1_0.indirizzo,
        n1_0.last_login_at,
        n1_0.metodo_registrazione,
        n1_0.nome,
        n1_0.password,
        n1_0.pdf_tema_colore,
        n1_0.ruolo_id,
        n1_0.telefono,
        n1_0.updated_at,
        ta1_0.oggetto,
        ta1_0.stato,
        ta1_0.updated_at,
        ta1_0.version 
    from
        ticket_assistenza ta1_0 
    join
        utenti n1_0 
            on n1_0.id=ta1_0.nutrizionista_id 
    where
        ta1_0.id=?
Hibernate: 
    select
        ta1_0.id,
        ta1_0.accepted_at,
        ta1_0.closed_at,
        ta1_0.created_at,
        ta1_0.descrizione,
        ta1_0.motivo_rifiuto,
        ta1_0.nutrizionista_id,
        n1_0.id,
        n1_0.codice_fiscale,
        n1_0.cognome,
        n1_0.created_at,
        n1_0.data_nascita,
        n1_0.email,
        n1_0.logo,
        n1_0.indirizzo,
        n1_0.last_login_at,
        n1_0.metodo_registrazione,
        n1_0.nome,
        n1_0.password,
        n1_0.pdf_tema_colore,
        n1_0.ruolo_id,
        n1_0.telefono,
        n1_0.updated_at,
        ta1_0.oggetto,
        ta1_0.stato,
        ta1_0.updated_at,
        ta1_0.version 
    from
        ticket_assistenza ta1_0 
    join
        utenti n1_0 
            on n1_0.id=ta1_0.nutrizionista_id 
    where
        ta1_0.id=?
2026-07-13T19:00:43.698+02:00 DEBUG 81128 --- [ProgettoNutrizionista] [nio-8080-exec-3] org.hibernate.SQL                        : 
    select
        r1_0.id,
        r1_0.alias,
        r1_0.created_at,
        r1_0.nome,
        r1_0.updated_at 
    from
        ruoli r1_0 
    where
        r1_0.id=?
Hibernate: 
    select
        r1_0.id,
        r1_0.alias,
        r1_0.created_at,
        r1_0.nome,
        r1_0.updated_at 
    from
        ruoli r1_0 
    where
        r1_0.id=?
2026-07-13T19:00:43.751+02:00 DEBUG 81128 --- [ProgettoNutrizionista] [nio-8080-exec-3] org.hibernate.SQL                        : 
    update
        messaggi_assistenza ma1_0 
    set
        letto=1 
    where
        ma1_0.ticket_id=? 
        and ma1_0.mittente_id<>? 
        and ma1_0.letto=0
Hibernate: 
    update
        messaggi_assistenza ma1_0 
    set
        letto=1 
    where
        ma1_0.ticket_id=? 
        and ma1_0.mittente_id<>? 
        and ma1_0.letto=0
2026-07-13T19:00:43.905+02:00 DEBUG 81128 --- [ProgettoNutrizionista] [nio-8080-exec-3] o.s.w.s.m.m.a.HttpEntityMethodProcessor  : Using 'application/json', given [application/json, text/plain, */*] and supported [application/json, application/*+json, application/yaml]
2026-07-13T19:00:43.906+02:00 DEBUG 81128 --- [ProgettoNutrizionista] [nio-8080-exec-3] o.s.w.s.m.m.a.HttpEntityMethodProcessor  : Nothing to write: null body
2026-07-13T19:00:43.907+02:00 DEBUG 81128 --- [ProgettoNutrizionista] [nio-8080-exec-3] o.s.web.servlet.DispatcherServlet        : Completed 204 NO_CONTENT
2026-07-13T19:00:45.183+02:00 DEBUG 81128 --- [ProgettoNutrizionista] [nio-8080-exec-7] o.s.web.servlet.DispatcherServlet        : GET "/api/admin/assistenza/tickets/1/messaggi?afterId=0", parameters={masked}
2026-07-13T19:00:45.186+02:00 DEBUG 81128 --- [ProgettoNutrizionista] [nio-8080-exec-7] s.w.s.m.m.a.RequestMappingHandlerMapping : Mapped to it.nutrizionista.restnutrizionista.controller.AdminAssistenzaController#messaggi(Long, Long)
2026-07-13T19:00:45.333+02:00 DEBUG 81128 --- [ProgettoNutrizionista] [nio-8080-exec-7] org.hibernate.SQL                        : 
    select
        u1_0.id,
        u1_0.codice_fiscale,
        u1_0.cognome,
        u1_0.created_at,
        u1_0.data_nascita,
        u1_0.email,
        u1_0.logo,
        u1_0.indirizzo,
        u1_0.last_login_at,
        u1_0.metodo_registrazione,
        u1_0.nome,
        u1_0.password,
        u1_0.pdf_tema_colore,
        r1_0.id,
        r1_0.alias,
        r1_0.created_at,
        r1_0.nome,
        rp1_0.ruolo_id,
        rp1_0.id,
        rp1_0.created_at,
        rp1_0.permesso_id,
        p1_0.id,
        p1_0.alias,
        p1_0.created_at,
        g1_0.id,
        g1_0.alias,
        g1_0.created_at,
        g1_0.nome,
        g1_0.updated_at,
        p1_0.nome,
        p1_0.updated_at,
        rp1_0.updated_at,
        r1_0.updated_at,
        u1_0.telefono,
        u1_0.updated_at 
    from
        utenti u1_0 
    left join
        ruoli r1_0 
            on r1_0.id=u1_0.ruolo_id 
    left join
        ruoli_permessi rp1_0 
            on r1_0.id=rp1_0.ruolo_id 
    left join
        permessi p1_0 
            on p1_0.id=rp1_0.permesso_id 
    left join
        gruppi g1_0 
            on g1_0.id=p1_0.gruppo_id 
    where
        u1_0.email=?
Hibernate: 
    select
        u1_0.id,
        u1_0.codice_fiscale,
        u1_0.cognome,
        u1_0.created_at,
        u1_0.data_nascita,
        u1_0.email,
        u1_0.logo,
        u1_0.indirizzo,
        u1_0.last_login_at,
        u1_0.metodo_registrazione,
        u1_0.nome,
        u1_0.password,
        u1_0.pdf_tema_colore,
        r1_0.id,
        r1_0.alias,
        r1_0.created_at,
        r1_0.nome,
        rp1_0.ruolo_id,
        rp1_0.id,
        rp1_0.created_at,
        rp1_0.permesso_id,
        p1_0.id,
        p1_0.alias,
        p1_0.created_at,
        g1_0.id,
        g1_0.alias,
        g1_0.created_at,
        g1_0.nome,
        g1_0.updated_at,
        p1_0.nome,
        p1_0.updated_at,
        rp1_0.updated_at,
        r1_0.updated_at,
        u1_0.telefono,
        u1_0.updated_at 
    from
        utenti u1_0 
    left join
        ruoli r1_0 
            on r1_0.id=u1_0.ruolo_id 
    left join
        ruoli_permessi rp1_0 
            on r1_0.id=rp1_0.ruolo_id 
    left join
        permessi p1_0 
            on p1_0.id=rp1_0.permesso_id 
    left join
        gruppi g1_0 
            on g1_0.id=p1_0.gruppo_id 
    where
        u1_0.email=?
2026-07-13T19:00:45.420+02:00 DEBUG 81128 --- [ProgettoNutrizionista] [nio-8080-exec-7] org.hibernate.SQL                        : 
    select
        ta1_0.id,
        ta1_0.accepted_at,
        ta1_0.closed_at,
        ta1_0.created_at,
        ta1_0.descrizione,
        ta1_0.motivo_rifiuto,
        ta1_0.nutrizionista_id,
        n1_0.id,
        n1_0.codice_fiscale,
        n1_0.cognome,
        n1_0.created_at,
        n1_0.data_nascita,
        n1_0.email,
        n1_0.logo,
        n1_0.indirizzo,
        n1_0.last_login_at,
        n1_0.metodo_registrazione,
        n1_0.nome,
        n1_0.password,
        n1_0.pdf_tema_colore,
        n1_0.ruolo_id,
        n1_0.telefono,
        n1_0.updated_at,
        ta1_0.oggetto,
        ta1_0.stato,
        ta1_0.updated_at,
        ta1_0.version 
    from
        ticket_assistenza ta1_0 
    join
        utenti n1_0 
            on n1_0.id=ta1_0.nutrizionista_id 
    where
        ta1_0.id=?
Hibernate: 
    select
        ta1_0.id,
        ta1_0.accepted_at,
        ta1_0.closed_at,
        ta1_0.created_at,
        ta1_0.descrizione,
        ta1_0.motivo_rifiuto,
        ta1_0.nutrizionista_id,
        n1_0.id,
        n1_0.codice_fiscale,
        n1_0.cognome,
        n1_0.created_at,
        n1_0.data_nascita,
        n1_0.email,
        n1_0.logo,
        n1_0.indirizzo,
        n1_0.last_login_at,
        n1_0.metodo_registrazione,
        n1_0.nome,
        n1_0.password,
        n1_0.pdf_tema_colore,
        n1_0.ruolo_id,
        n1_0.telefono,
        n1_0.updated_at,
        ta1_0.oggetto,
        ta1_0.stato,
        ta1_0.updated_at,
        ta1_0.version 
    from
        ticket_assistenza ta1_0 
    join
        utenti n1_0 
            on n1_0.id=ta1_0.nutrizionista_id 
    where
        ta1_0.id=?
2026-07-13T19:00:45.481+02:00 DEBUG 81128 --- [ProgettoNutrizionista] [nio-8080-exec-7] org.hibernate.SQL                        : 
    select
        r1_0.id,
        r1_0.alias,
        r1_0.created_at,
        r1_0.nome,
        r1_0.updated_at 
    from
        ruoli r1_0 
    where
        r1_0.id=?
Hibernate: 
    select
        r1_0.id,
        r1_0.alias,
        r1_0.created_at,
        r1_0.nome,
        r1_0.updated_at 
    from
        ruoli r1_0 
    where
        r1_0.id=?
2026-07-13T19:00:45.531+02:00 DEBUG 81128 --- [ProgettoNutrizionista] [nio-8080-exec-7] org.hibernate.SQL                        : 
    select
        ma1_0.id,
        ma1_0.created_at,
        ma1_0.letto,
        ma1_0.mittente_id,
        m1_0.id,
        m1_0.codice_fiscale,
        m1_0.cognome,
        m1_0.created_at,
        m1_0.data_nascita,
        m1_0.email,
        m1_0.logo,
        m1_0.indirizzo,
        m1_0.last_login_at,
        m1_0.metodo_registrazione,
        m1_0.nome,
        m1_0.password,
        m1_0.pdf_tema_colore,
        m1_0.ruolo_id,
        m1_0.telefono,
        m1_0.updated_at,
        ma1_0.testo,
        ma1_0.ticket_id 
    from
        messaggi_assistenza ma1_0 
    join
        utenti m1_0 
            on m1_0.id=ma1_0.mittente_id 
    where
        ma1_0.ticket_id=? 
        and ma1_0.id>? 
    order by
        ma1_0.id 
    limit
        ?
Hibernate: 
    select
        ma1_0.id,
        ma1_0.created_at,
        ma1_0.letto,
        ma1_0.mittente_id,
        m1_0.id,
        m1_0.codice_fiscale,
        m1_0.cognome,
        m1_0.created_at,
        m1_0.data_nascita,
        m1_0.email,
        m1_0.logo,
        m1_0.indirizzo,
        m1_0.last_login_at,
        m1_0.metodo_registrazione,
        m1_0.nome,
        m1_0.password,
        m1_0.pdf_tema_colore,
        m1_0.ruolo_id,
        m1_0.telefono,
        m1_0.updated_at,
        ma1_0.testo,
        ma1_0.ticket_id 
    from
        messaggi_assistenza ma1_0 
    join
        utenti m1_0 
            on m1_0.id=ma1_0.mittente_id 
    where
        ma1_0.ticket_id=? 
        and ma1_0.id>? 
    order by
        ma1_0.id 
    limit
        ?
2026-07-13T19:00:45.739+02:00 DEBUG 81128 --- [ProgettoNutrizionista] [nio-8080-exec-7] m.m.a.RequestResponseBodyMethodProcessor : Using 'application/json', given [application/json, text/plain, */*] and supported [application/json, application/*+json, application/yaml]
2026-07-13T19:00:45.742+02:00 DEBUG 81128 --- [ProgettoNutrizionista] [nio-8080-exec-7] m.m.a.RequestResponseBodyMethodProcessor : Writing [it.nutrizionista.restnutrizionista.dto.PollingMessaggiAssistenzaDto@25741f31]
2026-07-13T19:00:45.745+02:00 DEBUG 81128 --- [ProgettoNutrizionista] [nio-8080-exec-7] o.s.web.servlet.DispatcherServlet        : Completed 200 OK
2026-07-13T19:00:46.189+02:00 DEBUG 81128 --- [ProgettoNutrizionista] [nio-8080-exec-5] o.s.web.servlet.DispatcherServlet        : GET "/api/admin/assistenza/tickets/conteggi", parameters={}
2026-07-13T19:00:46.189+02:00 DEBUG 81128 --- [ProgettoNutrizionista] [nio-8080-exec-1] o.s.web.servlet.DispatcherServlet        : GET "/api/admin/assistenza/tickets?stato=ACCETTATO&page=0&size=50", parameters={masked}
2026-07-13T19:00:46.193+02:00 DEBUG 81128 --- [ProgettoNutrizionista] [nio-8080-exec-1] s.w.s.m.m.a.RequestMappingHandlerMapping : Mapped to it.nutrizionista.restnutrizionista.controller.AdminAssistenzaController#lista(StatoTicket, int, int)
2026-07-13T19:00:46.191+02:00 DEBUG 81128 --- [ProgettoNutrizionista] [nio-8080-exec-6] o.s.web.servlet.DispatcherServlet        : GET "/api/admin/assistenza/tickets?stato=IN_ATTESA&page=0&size=50", parameters={masked}
2026-07-13T19:00:46.195+02:00 DEBUG 81128 --- [ProgettoNutrizionista] [nio-8080-exec-5] s.w.s.m.m.a.RequestMappingHandlerMapping : Mapped to it.nutrizionista.restnutrizionista.controller.AdminAssistenzaController#conteggi()
2026-07-13T19:00:46.196+02:00 DEBUG 81128 --- [ProgettoNutrizionista] [nio-8080-exec-6] s.w.s.m.m.a.RequestMappingHandlerMapping : Mapped to it.nutrizionista.restnutrizionista.controller.AdminAssistenzaController#lista(StatoTicket, int, int)
2026-07-13T19:00:46.346+02:00 DEBUG 81128 --- [ProgettoNutrizionista] [nio-8080-exec-1] org.hibernate.SQL                        : 
    select
        u1_0.id,
        u1_0.codice_fiscale,
        u1_0.cognome,
        u1_0.created_at,
        u1_0.data_nascita,
        u1_0.email,
        u1_0.logo,
        u1_0.indirizzo,
        u1_0.last_login_at,
        u1_0.metodo_registrazione,
        u1_0.nome,
        u1_0.password,
        u1_0.pdf_tema_colore,
        r1_0.id,
        r1_0.alias,
        r1_0.created_at,
        r1_0.nome,
        rp1_0.ruolo_id,
        rp1_0.id,
        rp1_0.created_at,
        rp1_0.permesso_id,
        p1_0.id,
        p1_0.alias,
        p1_0.created_at,
        g1_0.id,
        g1_0.alias,
        g1_0.created_at,
        g1_0.nome,
        g1_0.updated_at,
        p1_0.nome,
        p1_0.updated_at,
        rp1_0.updated_at,
        r1_0.updated_at,
        u1_0.telefono,
        u1_0.updated_at 
    from
        utenti u1_0 
    left join
        ruoli r1_0 
            on r1_0.id=u1_0.ruolo_id 
    left join
        ruoli_permessi rp1_0 
            on r1_0.id=rp1_0.ruolo_id 
    left join
        permessi p1_0 
            on p1_0.id=rp1_0.permesso_id 
    left join
        gruppi g1_0 
            on g1_0.id=p1_0.gruppo_id 
    where
        u1_0.email=?
Hibernate: 
    select
        u1_0.id,
        u1_0.codice_fiscale,
        u1_0.cognome,
        u1_0.created_at,
        u1_0.data_nascita,
        u1_0.email,
        u1_0.logo,
        u1_0.indirizzo,
        u1_0.last_login_at,
        u1_0.metodo_registrazione,
        u1_0.nome,
        u1_0.password,
        u1_0.pdf_tema_colore,
        r1_0.id,
        r1_0.alias,
        r1_0.created_at,
        r1_0.nome,
        rp1_0.ruolo_id,
        rp1_0.id,
        rp1_0.created_at,
        rp1_0.permesso_id,
        p1_0.id,
        p1_0.alias,
        p1_0.created_at,
        g1_0.id,
        g1_0.alias,
        g1_0.created_at,
        g1_0.nome,
        g1_0.updated_at,
        p1_0.nome,
        p1_0.updated_at,
        rp1_0.updated_at,
        r1_0.updated_at,
        u1_0.telefono,
        u1_0.updated_at 
    from
        utenti u1_0 
    left join
        ruoli r1_0 
            on r1_0.id=u1_0.ruolo_id 
    left join
        ruoli_permessi rp1_0 
            on r1_0.id=rp1_0.ruolo_id 
    left join
        permessi p1_0 
            on p1_0.id=rp1_0.permesso_id 
    left join
        gruppi g1_0 
            on g1_0.id=p1_0.gruppo_id 
    where
        u1_0.email=?
2026-07-13T19:00:46.346+02:00 DEBUG 81128 --- [ProgettoNutrizionista] [nio-8080-exec-5] org.hibernate.SQL                        : 
    select
        count(ta1_0.id) 
    from
        ticket_assistenza ta1_0 
    where
        ta1_0.stato=?
Hibernate: 
    select
        count(ta1_0.id) 
    from
        ticket_assistenza ta1_0 
    where
        ta1_0.stato=?
2026-07-13T19:00:46.349+02:00 DEBUG 81128 --- [ProgettoNutrizionista] [nio-8080-exec-6] org.hibernate.SQL                        : 
    select
        u1_0.id,
        u1_0.codice_fiscale,
        u1_0.cognome,
        u1_0.created_at,
        u1_0.data_nascita,
        u1_0.email,
        u1_0.logo,
        u1_0.indirizzo,
        u1_0.last_login_at,
        u1_0.metodo_registrazione,
        u1_0.nome,
        u1_0.password,
        u1_0.pdf_tema_colore,
        r1_0.id,
        r1_0.alias,
        r1_0.created_at,
        r1_0.nome,
        rp1_0.ruolo_id,
        rp1_0.id,
        rp1_0.created_at,
        rp1_0.permesso_id,
        p1_0.id,
        p1_0.alias,
        p1_0.created_at,
        g1_0.id,
        g1_0.alias,
        g1_0.created_at,
        g1_0.nome,
        g1_0.updated_at,
        p1_0.nome,
        p1_0.updated_at,
        rp1_0.updated_at,
        r1_0.updated_at,
        u1_0.telefono,
        u1_0.updated_at 
    from
        utenti u1_0 
    left join
        ruoli r1_0 
            on r1_0.id=u1_0.ruolo_id 
    left join
        ruoli_permessi rp1_0 
            on r1_0.id=rp1_0.ruolo_id 
    left join
        permessi p1_0 
            on p1_0.id=rp1_0.permesso_id 
    left join
        gruppi g1_0 
            on g1_0.id=p1_0.gruppo_id 
    where
        u1_0.email=?
Hibernate: 
    select
        u1_0.id,
        u1_0.codice_fiscale,
        u1_0.cognome,
        u1_0.created_at,
        u1_0.data_nascita,
        u1_0.email,
        u1_0.logo,
        u1_0.indirizzo,
        u1_0.last_login_at,
        u1_0.metodo_registrazione,
        u1_0.nome,
        u1_0.password,
        u1_0.pdf_tema_colore,
        r1_0.id,
        r1_0.alias,
        r1_0.created_at,
        r1_0.nome,
        rp1_0.ruolo_id,
        rp1_0.id,
        rp1_0.created_at,
        rp1_0.permesso_id,
        p1_0.id,
        p1_0.alias,
        p1_0.created_at,
        g1_0.id,
        g1_0.alias,
        g1_0.created_at,
        g1_0.nome,
        g1_0.updated_at,
        p1_0.nome,
        p1_0.updated_at,
        rp1_0.updated_at,
        r1_0.updated_at,
        u1_0.telefono,
        u1_0.updated_at 
    from
        utenti u1_0 
    left join
        ruoli r1_0 
            on r1_0.id=u1_0.ruolo_id 
    left join
        ruoli_permessi rp1_0 
            on r1_0.id=rp1_0.ruolo_id 
    left join
        permessi p1_0 
            on p1_0.id=rp1_0.permesso_id 
    left join
        gruppi g1_0 
            on g1_0.id=p1_0.gruppo_id 
    where
        u1_0.email=?
2026-07-13T19:00:46.419+02:00 DEBUG 81128 --- [ProgettoNutrizionista] [nio-8080-exec-5] org.hibernate.SQL                        : 
    select
        count(ta1_0.id) 
    from
        ticket_assistenza ta1_0 
    where
        ta1_0.stato=?
Hibernate: 
    select
        count(ta1_0.id) 
    from
        ticket_assistenza ta1_0 
    where
        ta1_0.stato=?
2026-07-13T19:00:46.448+02:00 DEBUG 81128 --- [ProgettoNutrizionista] [nio-8080-exec-6] org.hibernate.SQL                        : 
    select
        ta1_0.id,
        ta1_0.accepted_at,
        ta1_0.closed_at,
        ta1_0.created_at,
        ta1_0.descrizione,
        ta1_0.motivo_rifiuto,
        ta1_0.nutrizionista_id,
        ta1_0.oggetto,
        ta1_0.stato,
        ta1_0.updated_at,
        ta1_0.version 
    from
        ticket_assistenza ta1_0 
    where
        ta1_0.stato=? 
    order by
        ta1_0.created_at,
        ta1_0.created_at 
    limit
        ?
Hibernate: 
    select
        ta1_0.id,
        ta1_0.accepted_at,
        ta1_0.closed_at,
        ta1_0.created_at,
        ta1_0.descrizione,
        ta1_0.motivo_rifiuto,
        ta1_0.nutrizionista_id,
        ta1_0.oggetto,
        ta1_0.stato,
        ta1_0.updated_at,
        ta1_0.version 
    from
        ticket_assistenza ta1_0 
    where
        ta1_0.stato=? 
    order by
        ta1_0.created_at,
        ta1_0.created_at 
    limit
        ?
2026-07-13T19:00:46.450+02:00 DEBUG 81128 --- [ProgettoNutrizionista] [nio-8080-exec-1] org.hibernate.SQL                        : 
    select
        ta1_0.id,
        ta1_0.accepted_at,
        ta1_0.closed_at,
        ta1_0.created_at,
        ta1_0.descrizione,
        ta1_0.motivo_rifiuto,
        ta1_0.nutrizionista_id,
        ta1_0.oggetto,
        ta1_0.stato,
        ta1_0.updated_at,
        ta1_0.version 
    from
        ticket_assistenza ta1_0 
    where
        ta1_0.stato=? 
    order by
        ta1_0.created_at,
        ta1_0.created_at 
    limit
        ?
Hibernate: 
    select
        ta1_0.id,
        ta1_0.accepted_at,
        ta1_0.closed_at,
        ta1_0.created_at,
        ta1_0.descrizione,
        ta1_0.motivo_rifiuto,
        ta1_0.nutrizionista_id,
        ta1_0.oggetto,
        ta1_0.stato,
        ta1_0.updated_at,
        ta1_0.version 
    from
        ticket_assistenza ta1_0 
    where
        ta1_0.stato=? 
    order by
        ta1_0.created_at,
        ta1_0.created_at 
    limit
        ?
2026-07-13T19:00:46.515+02:00 DEBUG 81128 --- [ProgettoNutrizionista] [nio-8080-exec-1] org.hibernate.SQL                        : 
    select
        count(ma1_0.id) 
    from
        messaggi_assistenza ma1_0 
    join
        ticket_assistenza t1_0 
            on t1_0.id=ma1_0.ticket_id 
    join
        utenti m1_0 
            on m1_0.id=ma1_0.mittente_id 
    where
        t1_0.id=? 
        and not(ma1_0.letto) 
        and m1_0.id<>?
Hibernate: 
    select
        count(ma1_0.id) 
    from
        messaggi_assistenza ma1_0 
    join
        ticket_assistenza t1_0 
            on t1_0.id=ma1_0.ticket_id 
    join
        utenti m1_0 
            on m1_0.id=ma1_0.mittente_id 
    where
        t1_0.id=? 
        and not(ma1_0.letto) 
        and m1_0.id<>?
2026-07-13T19:00:46.588+02:00 DEBUG 81128 --- [ProgettoNutrizionista] [nio-8080-exec-1] org.hibernate.SQL                        : 
    select
        u1_0.id,
        u1_0.codice_fiscale,
        u1_0.cognome,
        u1_0.created_at,
        u1_0.data_nascita,
        u1_0.email,
        u1_0.logo,
        u1_0.indirizzo,
        u1_0.last_login_at,
        u1_0.metodo_registrazione,
        u1_0.nome,
        u1_0.password,
        u1_0.pdf_tema_colore,
        r1_0.id,
        r1_0.alias,
        r1_0.created_at,
        r1_0.nome,
        r1_0.updated_at,
        u1_0.telefono,
        u1_0.updated_at 
    from
        utenti u1_0 
    left join
        ruoli r1_0 
            on r1_0.id=u1_0.ruolo_id 
    where
        u1_0.id=?
Hibernate: 
    select
        u1_0.id,
        u1_0.codice_fiscale,
        u1_0.cognome,
        u1_0.created_at,
        u1_0.data_nascita,
        u1_0.email,
        u1_0.logo,
        u1_0.indirizzo,
        u1_0.last_login_at,
        u1_0.metodo_registrazione,
        u1_0.nome,
        u1_0.password,
        u1_0.pdf_tema_colore,
        r1_0.id,
        r1_0.alias,
        r1_0.created_at,
        r1_0.nome,
        r1_0.updated_at,
        u1_0.telefono,
        u1_0.updated_at 
    from
        utenti u1_0 
    left join
        ruoli r1_0 
            on r1_0.id=u1_0.ruolo_id 
    where
        u1_0.id=?
2026-07-13T19:00:46.621+02:00 DEBUG 81128 --- [ProgettoNutrizionista] [nio-8080-exec-5] m.m.a.RequestResponseBodyMethodProcessor : Using 'application/json', given [application/json, text/plain, */*] and supported [application/json, application/*+json, application/yaml]
2026-07-13T19:00:46.622+02:00 DEBUG 81128 --- [ProgettoNutrizionista] [nio-8080-exec-5] m.m.a.RequestResponseBodyMethodProcessor : Writing [it.nutrizionista.restnutrizionista.dto.ConteggiAssistenzaDto@669fde33]
2026-07-13T19:00:46.623+02:00 DEBUG 81128 --- [ProgettoNutrizionista] [nio-8080-exec-5] o.s.web.servlet.DispatcherServlet        : Completed 200 OK
2026-07-13T19:00:46.654+02:00 DEBUG 81128 --- [ProgettoNutrizionista] [nio-8080-exec-1] org.hibernate.SQL                        : 
    select
        count(ma1_0.id) 
    from
        messaggi_assistenza ma1_0 
    join
        ticket_assistenza t1_0 
            on t1_0.id=ma1_0.ticket_id 
    join
        utenti m1_0 
            on m1_0.id=ma1_0.mittente_id 
    where
        t1_0.id=? 
        and not(ma1_0.letto) 
        and m1_0.id<>?
Hibernate: 
    select
        count(ma1_0.id) 
    from
        messaggi_assistenza ma1_0 
    join
        ticket_assistenza t1_0 
            on t1_0.id=ma1_0.ticket_id 
    join
        utenti m1_0 
            on m1_0.id=ma1_0.mittente_id 
    where
        t1_0.id=? 
        and not(ma1_0.letto) 
        and m1_0.id<>?
2026-07-13T19:00:46.668+02:00 DEBUG 81128 --- [ProgettoNutrizionista] [nio-8080-exec-6] m.m.a.RequestResponseBodyMethodProcessor : Using 'application/json', given [application/json, text/plain, */*] and supported [application/json, application/*+json, application/yaml]
2026-07-13T19:00:46.669+02:00 DEBUG 81128 --- [ProgettoNutrizionista] [nio-8080-exec-6] m.m.a.RequestResponseBodyMethodProcessor : Writing [it.nutrizionista.restnutrizionista.dto.PageResponse@65e606c5]
2026-07-13T19:00:46.670+02:00 DEBUG 81128 --- [ProgettoNutrizionista] [nio-8080-exec-6] o.s.web.servlet.DispatcherServlet        : Completed 200 OK
2026-07-13T19:00:46.746+02:00 DEBUG 81128 --- [ProgettoNutrizionista] [nio-8080-exec-1] org.hibernate.SQL                        : 
    select
        u1_0.id,
        u1_0.codice_fiscale,
        u1_0.cognome,
        u1_0.created_at,
        u1_0.data_nascita,
        u1_0.email,
        u1_0.logo,
        u1_0.indirizzo,
        u1_0.last_login_at,
        u1_0.metodo_registrazione,
        u1_0.nome,
        u1_0.password,
        u1_0.pdf_tema_colore,
        r1_0.id,
        r1_0.alias,
        r1_0.created_at,
        r1_0.nome,
        r1_0.updated_at,
        u1_0.telefono,
        u1_0.updated_at 
    from
        utenti u1_0 
    left join
        ruoli r1_0 
            on r1_0.id=u1_0.ruolo_id 
    where
        u1_0.id=?
Hibernate: 
    select
        u1_0.id,
        u1_0.codice_fiscale,
        u1_0.cognome,
        u1_0.created_at,
        u1_0.data_nascita,
        u1_0.email,
        u1_0.logo,
        u1_0.indirizzo,
        u1_0.last_login_at,
        u1_0.metodo_registrazione,
        u1_0.nome,
        u1_0.password,
        u1_0.pdf_tema_colore,
        r1_0.id,
        r1_0.alias,
        r1_0.created_at,
        r1_0.nome,
        r1_0.updated_at,
        u1_0.telefono,
        u1_0.updated_at 
    from
        utenti u1_0 
    left join
        ruoli r1_0 
            on r1_0.id=u1_0.ruolo_id 
    where
        u1_0.id=?
2026-07-13T19:00:46.950+02:00 DEBUG 81128 --- [ProgettoNutrizionista] [nio-8080-exec-1] m.m.a.RequestResponseBodyMethodProcessor : Using 'application/json', given [application/json, text/plain, */*] and supported [application/json, application/*+json, application/yaml]
2026-07-13T19:00:46.951+02:00 DEBUG 81128 --- [ProgettoNutrizionista] [nio-8080-exec-1] m.m.a.RequestResponseBodyMethodProcessor : Writing [it.nutrizionista.restnutrizionista.dto.PageResponse@f233001]
2026-07-13T19:00:46.952+02:00 DEBUG 81128 --- [ProgettoNutrizionista] [nio-8080-exec-1] o.s.web.servlet.DispatcherServlet        : Completed 200 OK
2026-07-13T19:00:47.281+02:00 DEBUG 81128 --- [ProgettoNutrizionista] [nio-8080-exec-2] o.s.web.servlet.DispatcherServlet        : POST "/api/admin/assistenza/tickets/1/chiudi", parameters={}
2026-07-13T19:00:47.282+02:00 DEBUG 81128 --- [ProgettoNutrizionista] [nio-8080-exec-2] s.w.s.m.m.a.RequestMappingHandlerMapping : Mapped to it.nutrizionista.restnutrizionista.controller.AdminAssistenzaController#chiudi(Long)
2026-07-13T19:00:47.378+02:00 DEBUG 81128 --- [ProgettoNutrizionista] [nio-8080-exec-2] org.hibernate.SQL                        : 
    select
        u1_0.id,
        u1_0.codice_fiscale,
        u1_0.cognome,
        u1_0.created_at,
        u1_0.data_nascita,
        u1_0.email,
        u1_0.logo,
        u1_0.indirizzo,
        u1_0.last_login_at,
        u1_0.metodo_registrazione,
        u1_0.nome,
        u1_0.password,
        u1_0.pdf_tema_colore,
        r1_0.id,
        r1_0.alias,
        r1_0.created_at,
        r1_0.nome,
        rp1_0.ruolo_id,
        rp1_0.id,
        rp1_0.created_at,
        rp1_0.permesso_id,
        p1_0.id,
        p1_0.alias,
        p1_0.created_at,
        g1_0.id,
        g1_0.alias,
        g1_0.created_at,
        g1_0.nome,
        g1_0.updated_at,
        p1_0.nome,
        p1_0.updated_at,
        rp1_0.updated_at,
        r1_0.updated_at,
        u1_0.telefono,
        u1_0.updated_at 
    from
        utenti u1_0 
    left join
        ruoli r1_0 
            on r1_0.id=u1_0.ruolo_id 
    left join
        ruoli_permessi rp1_0 
            on r1_0.id=rp1_0.ruolo_id 
    left join
        permessi p1_0 
            on p1_0.id=rp1_0.permesso_id 
    left join
        gruppi g1_0 
            on g1_0.id=p1_0.gruppo_id 
    where
        u1_0.email=?
Hibernate: 
    select
        u1_0.id,
        u1_0.codice_fiscale,
        u1_0.cognome,
        u1_0.created_at,
        u1_0.data_nascita,
        u1_0.email,
        u1_0.logo,
        u1_0.indirizzo,
        u1_0.last_login_at,
        u1_0.metodo_registrazione,
        u1_0.nome,
        u1_0.password,
        u1_0.pdf_tema_colore,
        r1_0.id,
        r1_0.alias,
        r1_0.created_at,
        r1_0.nome,
        rp1_0.ruolo_id,
        rp1_0.id,
        rp1_0.created_at,
        rp1_0.permesso_id,
        p1_0.id,
        p1_0.alias,
        p1_0.created_at,
        g1_0.id,
        g1_0.alias,
        g1_0.created_at,
        g1_0.nome,
        g1_0.updated_at,
        p1_0.nome,
        p1_0.updated_at,
        rp1_0.updated_at,
        r1_0.updated_at,
        u1_0.telefono,
        u1_0.updated_at 
    from
        utenti u1_0 
    left join
        ruoli r1_0 
            on r1_0.id=u1_0.ruolo_id 
    left join
        ruoli_permessi rp1_0 
            on r1_0.id=rp1_0.ruolo_id 
    left join
        permessi p1_0 
            on p1_0.id=rp1_0.permesso_id 
    left join
        gruppi g1_0 
            on g1_0.id=p1_0.gruppo_id 
    where
        u1_0.email=?
2026-07-13T19:00:47.467+02:00 DEBUG 81128 --- [ProgettoNutrizionista] [nio-8080-exec-2] org.hibernate.SQL                        : 
    select
        ta1_0.id,
        ta1_0.accepted_at,
        ta1_0.closed_at,
        ta1_0.created_at,
        ta1_0.descrizione,
        ta1_0.motivo_rifiuto,
        ta1_0.nutrizionista_id,
        n1_0.id,
        n1_0.codice_fiscale,
        n1_0.cognome,
        n1_0.created_at,
        n1_0.data_nascita,
        n1_0.email,
        n1_0.logo,
        n1_0.indirizzo,
        n1_0.last_login_at,
        n1_0.metodo_registrazione,
        n1_0.nome,
        n1_0.password,
        n1_0.pdf_tema_colore,
        n1_0.ruolo_id,
        n1_0.telefono,
        n1_0.updated_at,
        ta1_0.oggetto,
        ta1_0.stato,
        ta1_0.updated_at,
        ta1_0.version 
    from
        ticket_assistenza ta1_0 
    join
        utenti n1_0 
            on n1_0.id=ta1_0.nutrizionista_id 
    where
        ta1_0.id=?
Hibernate: 
    select
        ta1_0.id,
        ta1_0.accepted_at,
        ta1_0.closed_at,
        ta1_0.created_at,
        ta1_0.descrizione,
        ta1_0.motivo_rifiuto,
        ta1_0.nutrizionista_id,
        n1_0.id,
        n1_0.codice_fiscale,
        n1_0.cognome,
        n1_0.created_at,
        n1_0.data_nascita,
        n1_0.email,
        n1_0.logo,
        n1_0.indirizzo,
        n1_0.last_login_at,
        n1_0.metodo_registrazione,
        n1_0.nome,
        n1_0.password,
        n1_0.pdf_tema_colore,
        n1_0.ruolo_id,
        n1_0.telefono,
        n1_0.updated_at,
        ta1_0.oggetto,
        ta1_0.stato,
        ta1_0.updated_at,
        ta1_0.version 
    from
        ticket_assistenza ta1_0 
    join
        utenti n1_0 
            on n1_0.id=ta1_0.nutrizionista_id 
    where
        ta1_0.id=?
2026-07-13T19:00:47.532+02:00 DEBUG 81128 --- [ProgettoNutrizionista] [nio-8080-exec-2] org.hibernate.SQL                        : 
    select
        r1_0.id,
        r1_0.alias,
        r1_0.created_at,
        r1_0.nome,
        r1_0.updated_at 
    from
        ruoli r1_0 
    where
        r1_0.id=?
Hibernate: 
    select
        r1_0.id,
        r1_0.alias,
        r1_0.created_at,
        r1_0.nome,
        r1_0.updated_at 
    from
        ruoli r1_0 
    where
        r1_0.id=?
2026-07-13T19:00:47.584+02:00 DEBUG 81128 --- [ProgettoNutrizionista] [nio-8080-exec-2] org.hibernate.SQL                        : 
    update
        ticket_assistenza 
    set
        accepted_at=?,
        closed_at=?,
        descrizione=?,
        motivo_rifiuto=?,
        nutrizionista_id=?,
        oggetto=?,
        stato=?,
        updated_at=?,
        version=? 
    where
        id=? 
        and version=?
Hibernate: 
    update
        ticket_assistenza 
    set
        accepted_at=?,
        closed_at=?,
        descrizione=?,
        motivo_rifiuto=?,
        nutrizionista_id=?,
        oggetto=?,
        stato=?,
        updated_at=?,
        version=? 
    where
        id=? 
        and version=?
2026-07-13T19:00:47.641+02:00  INFO 81128 --- [ProgettoNutrizionista] [nio-8080-exec-2] AUDIT.assistenza                         : transizione assistenza utenteId=90001 ticketId=1 ACCETTATO->CHIUSO
2026-07-13T19:00:47.646+02:00 DEBUG 81128 --- [ProgettoNutrizionista] [nio-8080-exec-2] org.hibernate.SQL                        : 
    select
        count(ma1_0.id) 
    from
        messaggi_assistenza ma1_0 
    join
        ticket_assistenza t1_0 
            on t1_0.id=ma1_0.ticket_id 
    join
        utenti m1_0 
            on m1_0.id=ma1_0.mittente_id 
    where
        t1_0.id=? 
        and not(ma1_0.letto) 
        and m1_0.id<>?
Hibernate: 
    select
        count(ma1_0.id) 
    from
        messaggi_assistenza ma1_0 
    join
        ticket_assistenza t1_0 
            on t1_0.id=ma1_0.ticket_id 
    join
        utenti m1_0 
            on m1_0.id=ma1_0.mittente_id 
    where
        t1_0.id=? 
        and not(ma1_0.letto) 
        and m1_0.id<>?
2026-07-13T19:00:47.812+02:00 DEBUG 81128 --- [ProgettoNutrizionista] [nio-8080-exec-2] m.m.a.RequestResponseBodyMethodProcessor : Using 'application/json', given [application/json, text/plain, */*] and supported [application/json, application/*+json, application/yaml]
2026-07-13T19:00:47.813+02:00 DEBUG 81128 --- [ProgettoNutrizionista] [nio-8080-exec-2] m.m.a.RequestResponseBodyMethodProcessor : Writing [it.nutrizionista.restnutrizionista.dto.TicketAssistenzaDto@782fd9d6]
2026-07-13T19:00:47.815+02:00 DEBUG 81128 --- [ProgettoNutrizionista] [nio-8080-exec-2] o.s.web.servlet.DispatcherServlet        : Completed 200 OK
2026-07-13T19:00:47.824+02:00 DEBUG 81128 --- [ProgettoNutrizionista] [nio-8080-exec-7] o.s.web.servlet.DispatcherServlet        : GET "/api/admin/assistenza/tickets?stato=IN_ATTESA&page=0&size=50", parameters={masked}
2026-07-13T19:00:47.824+02:00 DEBUG 81128 --- [ProgettoNutrizionista] [nio-8080-exec-9] o.s.web.servlet.DispatcherServlet        : GET "/api/admin/assistenza/tickets?stato=ACCETTATO&page=0&size=50", parameters={masked}
2026-07-13T19:00:47.825+02:00 DEBUG 81128 --- [ProgettoNutrizionista] [nio-8080-exec-3] o.s.web.servlet.DispatcherServlet        : GET "/api/admin/assistenza/tickets/conteggi", parameters={}
2026-07-13T19:00:47.826+02:00 DEBUG 81128 --- [ProgettoNutrizionista] [nio-8080-exec-7] s.w.s.m.m.a.RequestMappingHandlerMapping : Mapped to it.nutrizionista.restnutrizionista.controller.AdminAssistenzaController#lista(StatoTicket, int, int)
2026-07-13T19:00:47.827+02:00 DEBUG 81128 --- [ProgettoNutrizionista] [nio-8080-exec-9] s.w.s.m.m.a.RequestMappingHandlerMapping : Mapped to it.nutrizionista.restnutrizionista.controller.AdminAssistenzaController#lista(StatoTicket, int, int)
2026-07-13T19:00:47.828+02:00 DEBUG 81128 --- [ProgettoNutrizionista] [nio-8080-exec-3] s.w.s.m.m.a.RequestMappingHandlerMapping : Mapped to it.nutrizionista.restnutrizionista.controller.AdminAssistenzaController#conteggi()
2026-07-13T19:00:47.976+02:00 DEBUG 81128 --- [ProgettoNutrizionista] [nio-8080-exec-7] org.hibernate.SQL                        : 
    select
        u1_0.id,
        u1_0.codice_fiscale,
        u1_0.cognome,
        u1_0.created_at,
        u1_0.data_nascita,
        u1_0.email,
        u1_0.logo,
        u1_0.indirizzo,
        u1_0.last_login_at,
        u1_0.metodo_registrazione,
        u1_0.nome,
        u1_0.password,
        u1_0.pdf_tema_colore,
        r1_0.id,
        r1_0.alias,
        r1_0.created_at,
        r1_0.nome,
        rp1_0.ruolo_id,
        rp1_0.id,
        rp1_0.created_at,
        rp1_0.permesso_id,
        p1_0.id,
        p1_0.alias,
        p1_0.created_at,
        g1_0.id,
        g1_0.alias,
        g1_0.created_at,
        g1_0.nome,
        g1_0.updated_at,
        p1_0.nome,
        p1_0.updated_at,
        rp1_0.updated_at,
        r1_0.updated_at,
        u1_0.telefono,
        u1_0.updated_at 
    from
        utenti u1_0 
    left join
        ruoli r1_0 
            on r1_0.id=u1_0.ruolo_id 
    left join
        ruoli_permessi rp1_0 
            on r1_0.id=rp1_0.ruolo_id 
    left join
        permessi p1_0 
            on p1_0.id=rp1_0.permesso_id 
    left join
        gruppi g1_0 
            on g1_0.id=p1_0.gruppo_id 
    where
        u1_0.email=?
2026-07-13T19:00:47.976+02:00 DEBUG 81128 --- [ProgettoNutrizionista] [nio-8080-exec-9] org.hibernate.SQL                        : 
    select
        u1_0.id,
        u1_0.codice_fiscale,
        u1_0.cognome,
        u1_0.created_at,
        u1_0.data_nascita,
        u1_0.email,
        u1_0.logo,
        u1_0.indirizzo,
        u1_0.last_login_at,
        u1_0.metodo_registrazione,
        u1_0.nome,
        u1_0.password,
        u1_0.pdf_tema_colore,
        r1_0.id,
        r1_0.alias,
        r1_0.created_at,
        r1_0.nome,
        rp1_0.ruolo_id,
        rp1_0.id,
        rp1_0.created_at,
        rp1_0.permesso_id,
        p1_0.id,
        p1_0.alias,
        p1_0.created_at,
        g1_0.id,
        g1_0.alias,
        g1_0.created_at,
        g1_0.nome,
        g1_0.updated_at,
        p1_0.nome,
        p1_0.updated_at,
        rp1_0.updated_at,
        r1_0.updated_at,
        u1_0.telefono,
        u1_0.updated_at 
    from
        utenti u1_0 
    left join
        ruoli r1_0 
            on r1_0.id=u1_0.ruolo_id 
    left join
        ruoli_permessi rp1_0 
            on r1_0.id=rp1_0.ruolo_id 
    left join
        permessi p1_0 
            on p1_0.id=rp1_0.permesso_id 
    left join
        gruppi g1_0 
            on g1_0.id=p1_0.gruppo_id 
    where
        u1_0.email=?
Hibernate: 
    select
        u1_0.id,
        u1_0.codice_fiscale,
        u1_0.cognome,
        u1_0.created_at,
        u1_0.data_nascita,
        u1_0.email,
        u1_0.logo,
        u1_0.indirizzo,
        u1_0.last_login_at,
        u1_0.metodo_registrazione,
        u1_0.nome,
        u1_0.password,
        u1_0.pdf_tema_colore,
        r1_0.id,
        r1_0.alias,
        r1_0.created_at,
        r1_0.nome,
        rp1_0.ruolo_id,
        rp1_0.id,
        rp1_0.created_at,
        rp1_0.permesso_id,
        p1_0.id,
        p1_0.alias,
        p1_0.created_at,
        g1_0.id,
        g1_0.alias,
        g1_0.created_at,
        g1_0.nome,
        g1_0.updated_at,
        p1_0.nome,
        p1_0.updated_at,
        rp1_0.updated_at,
        r1_0.updated_at,
        u1_0.telefono,
        u1_0.updated_at 
    from
        utenti u1_0 
    left join
        ruoli r1_0 
            on r1_0.id=u1_0.ruolo_id 
    left join
        ruoli_permessi rp1_0 
            on r1_0.id=rp1_0.ruolo_id 
    left join
        permessi p1_0 
            on p1_0.id=rp1_0.permesso_id 
    left join
        gruppi g1_0 
            on g1_0.id=p1_0.gruppo_id 
    where
        u1_0.email=?
Hibernate: 
    select
        u1_0.id,
        u1_0.codice_fiscale,
        u1_0.cognome,
        u1_0.created_at,
        u1_0.data_nascita,
        u1_0.email,
        u1_0.logo,
        u1_0.indirizzo,
        u1_0.last_login_at,
        u1_0.metodo_registrazione,
        u1_0.nome,
        u1_0.password,
        u1_0.pdf_tema_colore,
        r1_0.id,
        r1_0.alias,
        r1_0.created_at,
        r1_0.nome,
        rp1_0.ruolo_id,
        rp1_0.id,
        rp1_0.created_at,
        rp1_0.permesso_id,
        p1_0.id,
        p1_0.alias,
        p1_0.created_at,
        g1_0.id,
        g1_0.alias,
        g1_0.created_at,
        g1_0.nome,
        g1_0.updated_at,
        p1_0.nome,
        p1_0.updated_at,
        rp1_0.updated_at,
        r1_0.updated_at,
        u1_0.telefono,
        u1_0.updated_at 
    from
        utenti u1_0 
    left join
        ruoli r1_0 
            on r1_0.id=u1_0.ruolo_id 
    left join
        ruoli_permessi rp1_0 
            on r1_0.id=rp1_0.ruolo_id 
    left join
        permessi p1_0 
            on p1_0.id=rp1_0.permesso_id 
    left join
        gruppi g1_0 
            on g1_0.id=p1_0.gruppo_id 
    where
        u1_0.email=?
2026-07-13T19:00:47.979+02:00 DEBUG 81128 --- [ProgettoNutrizionista] [nio-8080-exec-3] org.hibernate.SQL                        : 
    select
        count(ta1_0.id) 
    from
        ticket_assistenza ta1_0 
    where
        ta1_0.stato=?
Hibernate: 
    select
        count(ta1_0.id) 
    from
        ticket_assistenza ta1_0 
    where
        ta1_0.stato=?
2026-07-13T19:00:48.045+02:00 DEBUG 81128 --- [ProgettoNutrizionista] [nio-8080-exec-3] org.hibernate.SQL                        : 
    select
        count(ta1_0.id) 
    from
        ticket_assistenza ta1_0 
    where
        ta1_0.stato=?
Hibernate: 
    select
        count(ta1_0.id) 
    from
        ticket_assistenza ta1_0 
    where
        ta1_0.stato=?
2026-07-13T19:00:48.051+02:00 DEBUG 81128 --- [ProgettoNutrizionista] [nio-8080-exec-7] org.hibernate.SQL                        : 
    select
        ta1_0.id,
        ta1_0.accepted_at,
        ta1_0.closed_at,
        ta1_0.created_at,
        ta1_0.descrizione,
        ta1_0.motivo_rifiuto,
        ta1_0.nutrizionista_id,
        ta1_0.oggetto,
        ta1_0.stato,
        ta1_0.updated_at,
        ta1_0.version 
    from
        ticket_assistenza ta1_0 
    where
        ta1_0.stato=? 
    order by
        ta1_0.created_at,
        ta1_0.created_at 
    limit
        ?
Hibernate: 
    select
        ta1_0.id,
        ta1_0.accepted_at,
        ta1_0.closed_at,
        ta1_0.created_at,
        ta1_0.descrizione,
        ta1_0.motivo_rifiuto,
        ta1_0.nutrizionista_id,
        ta1_0.oggetto,
        ta1_0.stato,
        ta1_0.updated_at,
        ta1_0.version 
    from
        ticket_assistenza ta1_0 
    where
        ta1_0.stato=? 
    order by
        ta1_0.created_at,
        ta1_0.created_at 
    limit
        ?
2026-07-13T19:00:48.051+02:00 DEBUG 81128 --- [ProgettoNutrizionista] [nio-8080-exec-9] org.hibernate.SQL                        : 
    select
        ta1_0.id,
        ta1_0.accepted_at,
        ta1_0.closed_at,
        ta1_0.created_at,
        ta1_0.descrizione,
        ta1_0.motivo_rifiuto,
        ta1_0.nutrizionista_id,
        ta1_0.oggetto,
        ta1_0.stato,
        ta1_0.updated_at,
        ta1_0.version 
    from
        ticket_assistenza ta1_0 
    where
        ta1_0.stato=? 
    order by
        ta1_0.created_at,
        ta1_0.created_at 
    limit
        ?
Hibernate: 
    select
        ta1_0.id,
        ta1_0.accepted_at,
        ta1_0.closed_at,
        ta1_0.created_at,
        ta1_0.descrizione,
        ta1_0.motivo_rifiuto,
        ta1_0.nutrizionista_id,
        ta1_0.oggetto,
        ta1_0.stato,
        ta1_0.updated_at,
        ta1_0.version 
    from
        ticket_assistenza ta1_0 
    where
        ta1_0.stato=? 
    order by
        ta1_0.created_at,
        ta1_0.created_at 
    limit
        ?
2026-07-13T19:00:48.114+02:00 DEBUG 81128 --- [ProgettoNutrizionista] [nio-8080-exec-9] org.hibernate.SQL                        : 
    select
        count(ma1_0.id) 
    from
        messaggi_assistenza ma1_0 
    join
        ticket_assistenza t1_0 
            on t1_0.id=ma1_0.ticket_id 
    join
        utenti m1_0 
            on m1_0.id=ma1_0.mittente_id 
    where
        t1_0.id=? 
        and not(ma1_0.letto) 
        and m1_0.id<>?
Hibernate: 
    select
        count(ma1_0.id) 
    from
        messaggi_assistenza ma1_0 
    join
        ticket_assistenza t1_0 
            on t1_0.id=ma1_0.ticket_id 
    join
        utenti m1_0 
            on m1_0.id=ma1_0.mittente_id 
    where
        t1_0.id=? 
        and not(ma1_0.letto) 
        and m1_0.id<>?
2026-07-13T19:00:48.174+02:00 DEBUG 81128 --- [ProgettoNutrizionista] [nio-8080-exec-9] org.hibernate.SQL                        : 
    select
        u1_0.id,
        u1_0.codice_fiscale,
        u1_0.cognome,
        u1_0.created_at,
        u1_0.data_nascita,
        u1_0.email,
        u1_0.logo,
        u1_0.indirizzo,
        u1_0.last_login_at,
        u1_0.metodo_registrazione,
        u1_0.nome,
        u1_0.password,
        u1_0.pdf_tema_colore,
        r1_0.id,
        r1_0.alias,
        r1_0.created_at,
        r1_0.nome,
        r1_0.updated_at,
        u1_0.telefono,
        u1_0.updated_at 
    from
        utenti u1_0 
    left join
        ruoli r1_0 
            on r1_0.id=u1_0.ruolo_id 
    where
        u1_0.id=?
Hibernate: 
    select
        u1_0.id,
        u1_0.codice_fiscale,
        u1_0.cognome,
        u1_0.created_at,
        u1_0.data_nascita,
        u1_0.email,
        u1_0.logo,
        u1_0.indirizzo,
        u1_0.last_login_at,
        u1_0.metodo_registrazione,
        u1_0.nome,
        u1_0.password,
        u1_0.pdf_tema_colore,
        r1_0.id,
        r1_0.alias,
        r1_0.created_at,
        r1_0.nome,
        r1_0.updated_at,
        u1_0.telefono,
        u1_0.updated_at 
    from
        utenti u1_0 
    left join
        ruoli r1_0 
            on r1_0.id=u1_0.ruolo_id 
    where
        u1_0.id=?
2026-07-13T19:00:48.248+02:00 DEBUG 81128 --- [ProgettoNutrizionista] [nio-8080-exec-3] m.m.a.RequestResponseBodyMethodProcessor : Using 'application/json', given [application/json, text/plain, */*] and supported [application/json, application/*+json, application/yaml]
2026-07-13T19:00:48.249+02:00 DEBUG 81128 --- [ProgettoNutrizionista] [nio-8080-exec-3] m.m.a.RequestResponseBodyMethodProcessor : Writing [it.nutrizionista.restnutrizionista.dto.ConteggiAssistenzaDto@55a09740]
2026-07-13T19:00:48.251+02:00 DEBUG 81128 --- [ProgettoNutrizionista] [nio-8080-exec-3] o.s.web.servlet.DispatcherServlet        : Completed 200 OK
2026-07-13T19:00:48.253+02:00 DEBUG 81128 --- [ProgettoNutrizionista] [nio-8080-exec-7] m.m.a.RequestResponseBodyMethodProcessor : Using 'application/json', given [application/json, text/plain, */*] and supported [application/json, application/*+json, application/yaml]
2026-07-13T19:00:48.253+02:00 DEBUG 81128 --- [ProgettoNutrizionista] [nio-8080-exec-7] m.m.a.RequestResponseBodyMethodProcessor : Writing [it.nutrizionista.restnutrizionista.dto.PageResponse@54587898]
2026-07-13T19:00:48.256+02:00 DEBUG 81128 --- [ProgettoNutrizionista] [nio-8080-exec-7] o.s.web.servlet.DispatcherServlet        : Completed 200 OK
2026-07-13T19:00:48.386+02:00 DEBUG 81128 --- [ProgettoNutrizionista] [nio-8080-exec-9] m.m.a.RequestResponseBodyMethodProcessor : Using 'application/json', given [application/json, text/plain, */*] and supported [application/json, application/*+json, application/yaml]
2026-07-13T19:00:48.386+02:00 DEBUG 81128 --- [ProgettoNutrizionista] [nio-8080-exec-9] m.m.a.RequestResponseBodyMethodProcessor : Writing [it.nutrizionista.restnutrizionista.dto.PageResponse@40f7dba]
2026-07-13T19:00:48.388+02:00 DEBUG 81128 --- [ProgettoNutrizionista] [nio-8080-exec-9] o.s.web.servlet.DispatcherServlet        : Completed 200 OK
2026-07-13T20:22:58.033+02:00  WARN 81128 --- [ProgettoNutrizionista] [l-1:housekeeper] com.zaxxer.hikari.pool.HikariPool        : HikariPool-1 - Thread starvation or clock leap detected (housekeeper delta=1h11m52s388ms63µs).
2026-07-13T20:23:08.039+02:00  WARN 81128 --- [ProgettoNutrizionista] [l-1:housekeeper] com.zaxxer.hikari.pool.PoolBase          : HikariPool-1 - Failed to validate connection com.mysql.cj.jdbc.ConnectionImpl@5800f922 (No operations allowed after connection closed.). Possibly consider using a shorter maxLifetime value.
2026-07-13T20:23:18.043+02:00  WARN 81128 --- [ProgettoNutrizionista] [l-1:housekeeper] com.zaxxer.hikari.pool.PoolBase          : HikariPool-1 - Failed to validate connection com.mysql.cj.jdbc.ConnectionImpl@5600fc24 (No operations allowed after connection closed.). Possibly consider using a shorter maxLifetime value.
2026-07-13T20:23:28.046+02:00  WARN 81128 --- [ProgettoNutrizionista] [l-1:housekeeper] com.zaxxer.hikari.pool.PoolBase          : HikariPool-1 - Failed to validate connection com.mysql.cj.jdbc.ConnectionImpl@51f778bb (No operations allowed after connection closed.). Possibly consider using a shorter maxLifetime value.
2026-07-13T20:23:38.051+02:00  WARN 81128 --- [ProgettoNutrizionista] [l-1:housekeeper] com.zaxxer.hikari.pool.PoolBase          : HikariPool-1 - Failed to validate connection com.mysql.cj.jdbc.ConnectionImpl@ec5748d (No operations allowed after connection closed.). Possibly consider using a shorter maxLifetime value.
2026-07-13T20:23:48.053+02:00  WARN 81128 --- [ProgettoNutrizionista] [l-1:housekeeper] com.zaxxer.hikari.pool.PoolBase          : HikariPool-1 - Failed to validate connection com.mysql.cj.jdbc.ConnectionImpl@13c4375b (No operations allowed after connection closed.). Possibly consider using a shorter maxLifetime value.
2026-07-13T20:23:58.057+02:00  WARN 81128 --- [ProgettoNutrizionista] [l-1:housekeeper] com.zaxxer.hikari.pool.PoolBase          : HikariPool-1 - Failed to validate connection com.mysql.cj.jdbc.ConnectionImpl@2e911895 (No operations allowed after connection closed.). Possibly consider using a shorter maxLifetime value.
2026-07-13T20:24:08.060+02:00  WARN 81128 --- [ProgettoNutrizionista] [l-1:housekeeper] com.zaxxer.hikari.pool.PoolBase          : HikariPool-1 - Failed to validate connection com.mysql.cj.jdbc.ConnectionImpl@55b00624 (No operations allowed after connection closed.). Possibly consider using a shorter maxLifetime value.
2026-07-13T20:24:18.080+02:00  WARN 81128 --- [ProgettoNutrizionista] [l-1:housekeeper] com.zaxxer.hikari.pool.PoolBase          : HikariPool-1 - Failed to validate connection com.mysql.cj.jdbc.ConnectionImpl@3f177ab (No operations allowed after connection closed.). Possibly consider using a shorter maxLifetime value.
2026-07-13T20:24:28.084+02:00  WARN 81128 --- [ProgettoNutrizionista] [l-1:housekeeper] com.zaxxer.hikari.pool.PoolBase          : HikariPool-1 - Failed to validate connection com.mysql.cj.jdbc.ConnectionImpl@76d657a1 (No operations allowed after connection closed.). Possibly consider using a shorter maxLifetime value.
2026-07-13T20:24:38.089+02:00  WARN 81128 --- [ProgettoNutrizionista] [l-1:housekeeper] com.zaxxer.hikari.pool.PoolBase          : HikariPool-1 - Failed to validate connection com.mysql.cj.jdbc.ConnectionImpl@4f1067dd (No operations allowed after connection closed.). Possibly consider using a shorter maxLifetime value.
2026-07-13T20:24:38.091+02:00  WARN 81128 --- [ProgettoNutrizionista] [l-1:housekeeper] com.zaxxer.hikari.pool.HikariPool        : HikariPool-1 - Thread starvation or clock leap detected (housekeeper delta=1m40s58ms572µs900ns).
2026-07-13T20:25:32.788+02:00 DEBUG 81128 --- [ProgettoNutrizionista] [io-8080-exec-10] o.s.web.servlet.DispatcherServlet        : GET "/api/admin/assistenza/tickets?stato=IN_ATTESA&page=0&size=50", parameters={masked}
2026-07-13T20:25:32.789+02:00 DEBUG 81128 --- [ProgettoNutrizionista] [io-8080-exec-10] s.w.s.m.m.a.RequestMappingHandlerMapping : Mapped to it.nutrizionista.restnutrizionista.controller.AdminAssistenzaController#lista(StatoTicket, int, int)
2026-07-13T20:25:32.955+02:00 DEBUG 81128 --- [ProgettoNutrizionista] [io-8080-exec-10] org.hibernate.SQL                        : 
    select
        u1_0.id,
        u1_0.codice_fiscale,
        u1_0.cognome,
        u1_0.created_at,
        u1_0.data_nascita,
        u1_0.email,
        u1_0.logo,
        u1_0.indirizzo,
        u1_0.last_login_at,
        u1_0.metodo_registrazione,
        u1_0.nome,
        u1_0.password,
        u1_0.pdf_tema_colore,
        r1_0.id,
        r1_0.alias,
        r1_0.created_at,
        r1_0.nome,
        rp1_0.ruolo_id,
        rp1_0.id,
        rp1_0.created_at,
        rp1_0.permesso_id,
        p1_0.id,
        p1_0.alias,
        p1_0.created_at,
        g1_0.id,
        g1_0.alias,
        g1_0.created_at,
        g1_0.nome,
        g1_0.updated_at,
        p1_0.nome,
        p1_0.updated_at,
        rp1_0.updated_at,
        r1_0.updated_at,
        u1_0.telefono,
        u1_0.updated_at 
    from
        utenti u1_0 
    left join
        ruoli r1_0 
            on r1_0.id=u1_0.ruolo_id 
    left join
        ruoli_permessi rp1_0 
            on r1_0.id=rp1_0.ruolo_id 
    left join
        permessi p1_0 
            on p1_0.id=rp1_0.permesso_id 
    left join
        gruppi g1_0 
            on g1_0.id=p1_0.gruppo_id 
    where
        u1_0.email=?
Hibernate: 
    select
        u1_0.id,
        u1_0.codice_fiscale,
        u1_0.cognome,
        u1_0.created_at,
        u1_0.data_nascita,
        u1_0.email,
        u1_0.logo,
        u1_0.indirizzo,
        u1_0.last_login_at,
        u1_0.metodo_registrazione,
        u1_0.nome,
        u1_0.password,
        u1_0.pdf_tema_colore,
        r1_0.id,
        r1_0.alias,
        r1_0.created_at,
        r1_0.nome,
        rp1_0.ruolo_id,
        rp1_0.id,
        rp1_0.created_at,
        rp1_0.permesso_id,
        p1_0.id,
        p1_0.alias,
        p1_0.created_at,
        g1_0.id,
        g1_0.alias,
        g1_0.created_at,
        g1_0.nome,
        g1_0.updated_at,
        p1_0.nome,
        p1_0.updated_at,
        rp1_0.updated_at,
        r1_0.updated_at,
        u1_0.telefono,
        u1_0.updated_at 
    from
        utenti u1_0 
    left join
        ruoli r1_0 
            on r1_0.id=u1_0.ruolo_id 
    left join
        ruoli_permessi rp1_0 
            on r1_0.id=rp1_0.ruolo_id 
    left join
        permessi p1_0 
            on p1_0.id=rp1_0.permesso_id 
    left join
        gruppi g1_0 
            on g1_0.id=p1_0.gruppo_id 
    where
        u1_0.email=?
2026-07-13T20:25:33.036+02:00 DEBUG 81128 --- [ProgettoNutrizionista] [io-8080-exec-10] org.hibernate.SQL                        : 
    select
        ta1_0.id,
        ta1_0.accepted_at,
        ta1_0.closed_at,
        ta1_0.created_at,
        ta1_0.descrizione,
        ta1_0.motivo_rifiuto,
        ta1_0.nutrizionista_id,
        ta1_0.oggetto,
        ta1_0.stato,
        ta1_0.updated_at,
        ta1_0.version 
    from
        ticket_assistenza ta1_0 
    where
        ta1_0.stato=? 
    order by
        ta1_0.created_at,
        ta1_0.created_at 
    limit
        ?
Hibernate: 
    select
        ta1_0.id,
        ta1_0.accepted_at,
        ta1_0.closed_at,
        ta1_0.created_at,
        ta1_0.descrizione,
        ta1_0.motivo_rifiuto,
        ta1_0.nutrizionista_id,
        ta1_0.oggetto,
        ta1_0.stato,
        ta1_0.updated_at,
        ta1_0.version 
    from
        ticket_assistenza ta1_0 
    where
        ta1_0.stato=? 
    order by
        ta1_0.created_at,
        ta1_0.created_at 
    limit
        ?
2026-07-13T20:25:33.238+02:00 DEBUG 81128 --- [ProgettoNutrizionista] [io-8080-exec-10] m.m.a.RequestResponseBodyMethodProcessor : Using 'application/json', given [*/*] and supported [application/json, application/*+json, application/yaml]
2026-07-13T20:25:33.240+02:00 DEBUG 81128 --- [ProgettoNutrizionista] [io-8080-exec-10] m.m.a.RequestResponseBodyMethodProcessor : Writing [it.nutrizionista.restnutrizionista.dto.PageResponse@5d7f72f8]
2026-07-13T20:25:33.244+02:00 DEBUG 81128 --- [ProgettoNutrizionista] [io-8080-exec-10] o.s.web.servlet.DispatcherServlet        : Completed 200 OK
2026-07-13T20:25:52.645+02:00 DEBUG 81128 --- [ProgettoNutrizionista] [nio-8080-exec-3] o.s.web.servlet.DispatcherServlet        : GET "/api/admin/assistenza/tickets?stato=IN_ATTESA&page=0&size=50", parameters={masked}
2026-07-13T20:25:52.647+02:00 DEBUG 81128 --- [ProgettoNutrizionista] [nio-8080-exec-3] s.w.s.m.m.a.RequestMappingHandlerMapping : Mapped to it.nutrizionista.restnutrizionista.controller.AdminAssistenzaController#lista(StatoTicket, int, int)
2026-07-13T20:25:52.800+02:00 DEBUG 81128 --- [ProgettoNutrizionista] [nio-8080-exec-3] org.hibernate.SQL                        : 
    select
        u1_0.id,
        u1_0.codice_fiscale,
        u1_0.cognome,
        u1_0.created_at,
        u1_0.data_nascita,
        u1_0.email,
        u1_0.logo,
        u1_0.indirizzo,
        u1_0.last_login_at,
        u1_0.metodo_registrazione,
        u1_0.nome,
        u1_0.password,
        u1_0.pdf_tema_colore,
        r1_0.id,
        r1_0.alias,
        r1_0.created_at,
        r1_0.nome,
        rp1_0.ruolo_id,
        rp1_0.id,
        rp1_0.created_at,
        rp1_0.permesso_id,
        p1_0.id,
        p1_0.alias,
        p1_0.created_at,
        g1_0.id,
        g1_0.alias,
        g1_0.created_at,
        g1_0.nome,
        g1_0.updated_at,
        p1_0.nome,
        p1_0.updated_at,
        rp1_0.updated_at,
        r1_0.updated_at,
        u1_0.telefono,
        u1_0.updated_at 
    from
        utenti u1_0 
    left join
        ruoli r1_0 
            on r1_0.id=u1_0.ruolo_id 
    left join
        ruoli_permessi rp1_0 
            on r1_0.id=rp1_0.ruolo_id 
    left join
        permessi p1_0 
            on p1_0.id=rp1_0.permesso_id 
    left join
        gruppi g1_0 
            on g1_0.id=p1_0.gruppo_id 
    where
        u1_0.email=?
Hibernate: 
    select
        u1_0.id,
        u1_0.codice_fiscale,
        u1_0.cognome,
        u1_0.created_at,
        u1_0.data_nascita,
        u1_0.email,
        u1_0.logo,
        u1_0.indirizzo,
        u1_0.last_login_at,
        u1_0.metodo_registrazione,
        u1_0.nome,
        u1_0.password,
        u1_0.pdf_tema_colore,
        r1_0.id,
        r1_0.alias,
        r1_0.created_at,
        r1_0.nome,
        rp1_0.ruolo_id,
        rp1_0.id,
        rp1_0.created_at,
        rp1_0.permesso_id,
        p1_0.id,
        p1_0.alias,
        p1_0.created_at,
        g1_0.id,
        g1_0.alias,
        g1_0.created_at,
        g1_0.nome,
        g1_0.updated_at,
        p1_0.nome,
        p1_0.updated_at,
        rp1_0.updated_at,
        r1_0.updated_at,
        u1_0.telefono,
        u1_0.updated_at 
    from
        utenti u1_0 
    left join
        ruoli r1_0 
            on r1_0.id=u1_0.ruolo_id 
    left join
        ruoli_permessi rp1_0 
            on r1_0.id=rp1_0.ruolo_id 
    left join
        permessi p1_0 
            on p1_0.id=rp1_0.permesso_id 
    left join
        gruppi g1_0 
            on g1_0.id=p1_0.gruppo_id 
    where
        u1_0.email=?
2026-07-13T20:25:52.869+02:00 DEBUG 81128 --- [ProgettoNutrizionista] [nio-8080-exec-3] org.hibernate.SQL                        : 
    select
        ta1_0.id,
        ta1_0.accepted_at,
        ta1_0.closed_at,
        ta1_0.created_at,
        ta1_0.descrizione,
        ta1_0.motivo_rifiuto,
        ta1_0.nutrizionista_id,
        ta1_0.oggetto,
        ta1_0.stato,
        ta1_0.updated_at,
        ta1_0.version 
    from
        ticket_assistenza ta1_0 
    where
        ta1_0.stato=? 
    order by
        ta1_0.created_at,
        ta1_0.created_at 
    limit
        ?
Hibernate: 
    select
        ta1_0.id,
        ta1_0.accepted_at,
        ta1_0.closed_at,
        ta1_0.created_at,
        ta1_0.descrizione,
        ta1_0.motivo_rifiuto,
        ta1_0.nutrizionista_id,
        ta1_0.oggetto,
        ta1_0.stato,
        ta1_0.updated_at,
        ta1_0.version 
    from
        ticket_assistenza ta1_0 
    where
        ta1_0.stato=? 
    order by
        ta1_0.created_at,
        ta1_0.created_at 
    limit
        ?
2026-07-13T20:25:53.060+02:00 DEBUG 81128 --- [ProgettoNutrizionista] [nio-8080-exec-3] m.m.a.RequestResponseBodyMethodProcessor : Using 'application/json', given [*/*] and supported [application/json, application/*+json, application/yaml]
2026-07-13T20:25:53.061+02:00 DEBUG 81128 --- [ProgettoNutrizionista] [nio-8080-exec-3] m.m.a.RequestResponseBodyMethodProcessor : Writing [it.nutrizionista.restnutrizionista.dto.PageResponse@29633107]
2026-07-13T20:25:53.062+02:00 DEBUG 81128 --- [ProgettoNutrizionista] [nio-8080-exec-3] o.s.web.servlet.DispatcherServlet        : Completed 200 OK
2026-07-13T20:25:53.107+02:00 DEBUG 81128 --- [ProgettoNutrizionista] [nio-8080-exec-7] o.s.web.servlet.DispatcherServlet        : GET "/api/admin/assistenza/tickets/conteggi", parameters={}
2026-07-13T20:25:53.107+02:00 DEBUG 81128 --- [ProgettoNutrizionista] [nio-8080-exec-7] s.w.s.m.m.a.RequestMappingHandlerMapping : Mapped to it.nutrizionista.restnutrizionista.controller.AdminAssistenzaController#conteggi()
2026-07-13T20:25:53.210+02:00 DEBUG 81128 --- [ProgettoNutrizionista] [nio-8080-exec-7] org.hibernate.SQL                        : 
    select
        count(ta1_0.id) 
    from
        ticket_assistenza ta1_0 
    where
        ta1_0.stato=?
Hibernate: 
    select
        count(ta1_0.id) 
    from
        ticket_assistenza ta1_0 
    where
        ta1_0.stato=?
2026-07-13T20:25:53.272+02:00 DEBUG 81128 --- [ProgettoNutrizionista] [nio-8080-exec-7] org.hibernate.SQL                        : 
    select
        count(ta1_0.id) 
    from
        ticket_assistenza ta1_0 
    where
        ta1_0.stato=?
Hibernate: 
    select
        count(ta1_0.id) 
    from
        ticket_assistenza ta1_0 
    where
        ta1_0.stato=?
2026-07-13T20:25:53.485+02:00 DEBUG 81128 --- [ProgettoNutrizionista] [nio-8080-exec-7] m.m.a.RequestResponseBodyMethodProcessor : Using 'application/json', given [*/*] and supported [application/json, application/*+json, application/yaml]
2026-07-13T20:25:53.486+02:00 DEBUG 81128 --- [ProgettoNutrizionista] [nio-8080-exec-7] m.m.a.RequestResponseBodyMethodProcessor : Writing [it.nutrizionista.restnutrizionista.dto.ConteggiAssistenzaDto@10ba299a]
2026-07-13T20:25:53.488+02:00 DEBUG 81128 --- [ProgettoNutrizionista] [nio-8080-exec-7] o.s.web.servlet.DispatcherServlet        : Completed 200 OK
2026-07-13T20:26:26.716+02:00 DEBUG 81128 --- [ProgettoNutrizionista] [nio-8080-exec-5] o.s.web.servlet.DispatcherServlet        : POST "/api/auth/register", parameters={}
2026-07-13T20:26:26.717+02:00 DEBUG 81128 --- [ProgettoNutrizionista] [nio-8080-exec-5] s.w.s.m.m.a.RequestMappingHandlerMapping : Mapped to it.nutrizionista.restnutrizionista.controller.AuthController#register(RegisterRequest)
2026-07-13T20:26:26.718+02:00 DEBUG 81128 --- [ProgettoNutrizionista] [nio-8080-exec-5] m.m.a.RequestResponseBodyMethodProcessor : Read "application/json;charset=UTF-8" to [it.nutrizionista.restnutrizionista.dto.RegisterRequest@417c8136]
2026-07-13T20:26:26.722+02:00 DEBUG 81128 --- [ProgettoNutrizionista] [nio-8080-exec-5] org.hibernate.SQL                        : 
    select
        u1_0.id,
        u1_0.codice_fiscale,
        u1_0.cognome,
        u1_0.created_at,
        u1_0.data_nascita,
        u1_0.email,
        u1_0.logo,
        u1_0.indirizzo,
        u1_0.last_login_at,
        u1_0.metodo_registrazione,
        u1_0.nome,
        u1_0.password,
        u1_0.pdf_tema_colore,
        u1_0.ruolo_id,
        u1_0.telefono,
        u1_0.updated_at 
    from
        utenti u1_0 
    where
        u1_0.email=?
Hibernate: 
    select
        u1_0.id,
        u1_0.codice_fiscale,
        u1_0.cognome,
        u1_0.created_at,
        u1_0.data_nascita,
        u1_0.email,
        u1_0.logo,
        u1_0.indirizzo,
        u1_0.last_login_at,
        u1_0.metodo_registrazione,
        u1_0.nome,
        u1_0.password,
        u1_0.pdf_tema_colore,
        u1_0.ruolo_id,
        u1_0.telefono,
        u1_0.updated_at 
    from
        utenti u1_0 
    where
        u1_0.email=?
2026-07-13T20:26:26.849+02:00 DEBUG 81128 --- [ProgettoNutrizionista] [nio-8080-exec-5] org.hibernate.SQL                        : 
    select
        u1_0.id,
        u1_0.codice_fiscale,
        u1_0.cognome,
        u1_0.created_at,
        u1_0.data_nascita,
        u1_0.email,
        u1_0.logo,
        u1_0.indirizzo,
        u1_0.last_login_at,
        u1_0.metodo_registrazione,
        u1_0.nome,
        u1_0.password,
        u1_0.pdf_tema_colore,
        u1_0.ruolo_id,
        u1_0.telefono,
        u1_0.updated_at 
    from
        utenti u1_0 
    where
        u1_0.codice_fiscale=?
Hibernate: 
    select
        u1_0.id,
        u1_0.codice_fiscale,
        u1_0.cognome,
        u1_0.created_at,
        u1_0.data_nascita,
        u1_0.email,
        u1_0.logo,
        u1_0.indirizzo,
        u1_0.last_login_at,
        u1_0.metodo_registrazione,
        u1_0.nome,
        u1_0.password,
        u1_0.pdf_tema_colore,
        u1_0.ruolo_id,
        u1_0.telefono,
        u1_0.updated_at 
    from
        utenti u1_0 
    where
        u1_0.codice_fiscale=?
2026-07-13T20:26:26.916+02:00 DEBUG 81128 --- [ProgettoNutrizionista] [nio-8080-exec-5] org.hibernate.SQL                        : 
    select
        r1_0.id,
        r1_0.alias,
        r1_0.created_at,
        r1_0.nome,
        r1_0.updated_at 
    from
        ruoli r1_0 
    where
        r1_0.alias=?
Hibernate: 
    select
        r1_0.id,
        r1_0.alias,
        r1_0.created_at,
        r1_0.nome,
        r1_0.updated_at 
    from
        ruoli r1_0 
    where
        r1_0.alias=?
2026-07-13T20:26:27.113+02:00 DEBUG 81128 --- [ProgettoNutrizionista] [nio-8080-exec-5] org.hibernate.SQL                        : 
    insert 
    into
        utenti
        (codice_fiscale, cognome, created_at, data_nascita, email, logo, indirizzo, last_login_at, metodo_registrazione, nome, password, pdf_tema_colore, ruolo_id, telefono, updated_at) 
    values
        (?, ?, ?, ?, ?, ?, ?, ?, ?, ?, ?, ?, ?, ?, ?)
Hibernate: 
    insert 
    into
        utenti
        (codice_fiscale, cognome, created_at, data_nascita, email, logo, indirizzo, last_login_at, metodo_registrazione, nome, password, pdf_tema_colore, ruolo_id, telefono, updated_at) 
    values
        (?, ?, ?, ?, ?, ?, ?, ?, ?, ?, ?, ?, ?, ?, ?)
2026-07-13T20:26:27.264+02:00 DEBUG 81128 --- [ProgettoNutrizionista] [nio-8080-exec-5] o.s.w.s.m.m.a.HttpEntityMethodProcessor  : Using 'application/json', given [*/*] and supported [application/json, application/*+json, application/yaml]
2026-07-13T20:26:27.266+02:00 DEBUG 81128 --- [ProgettoNutrizionista] [nio-8080-exec-5] o.s.w.s.m.m.a.HttpEntityMethodProcessor  : Nothing to write: null body
2026-07-13T20:26:27.267+02:00 DEBUG 81128 --- [ProgettoNutrizionista] [nio-8080-exec-5] o.s.web.servlet.DispatcherServlet        : Completed 204 NO_CONTENT
2026-07-13T20:26:27.307+02:00 DEBUG 81128 --- [ProgettoNutrizionista] [nio-8080-exec-8] o.s.web.servlet.DispatcherServlet        : POST "/api/auth/login", parameters={}
2026-07-13T20:26:27.307+02:00 DEBUG 81128 --- [ProgettoNutrizionista] [nio-8080-exec-8] s.w.s.m.m.a.RequestMappingHandlerMapping : Mapped to it.nutrizionista.restnutrizionista.controller.AuthController#login(LoginRequest, HttpServletRequest)
2026-07-13T20:26:27.308+02:00 DEBUG 81128 --- [ProgettoNutrizionista] [nio-8080-exec-8] m.m.a.RequestResponseBodyMethodProcessor : Read "application/json;charset=UTF-8" to [it.nutrizionista.restnutrizionista.dto.LoginRequest@239cfd3f]
2026-07-13T20:26:27.309+02:00 DEBUG 81128 --- [ProgettoNutrizionista] [nio-8080-exec-8] org.hibernate.SQL                        : 
    select
        u1_0.id,
        u1_0.codice_fiscale,
        u1_0.cognome,
        u1_0.created_at,
        u1_0.data_nascita,
        u1_0.email,
        u1_0.logo,
        u1_0.indirizzo,
        u1_0.last_login_at,
        u1_0.metodo_registrazione,
        u1_0.nome,
        u1_0.password,
        u1_0.pdf_tema_colore,
        r1_0.id,
        r1_0.alias,
        r1_0.created_at,
        r1_0.nome,
        rp1_0.ruolo_id,
        rp1_0.id,
        rp1_0.created_at,
        rp1_0.permesso_id,
        p1_0.id,
        p1_0.alias,
        p1_0.created_at,
        g1_0.id,
        g1_0.alias,
        g1_0.created_at,
        g1_0.nome,
        g1_0.updated_at,
        p1_0.nome,
        p1_0.updated_at,
        rp1_0.updated_at,
        r1_0.updated_at,
        u1_0.telefono,
        u1_0.updated_at 
    from
        utenti u1_0 
    left join
        ruoli r1_0 
            on r1_0.id=u1_0.ruolo_id 
    left join
        ruoli_permessi rp1_0 
            on r1_0.id=rp1_0.ruolo_id 
    left join
        permessi p1_0 
            on p1_0.id=rp1_0.permesso_id 
    left join
        gruppi g1_0 
            on g1_0.id=p1_0.gruppo_id 
    where
        u1_0.email=?
Hibernate: 
    select
        u1_0.id,
        u1_0.codice_fiscale,
        u1_0.cognome,
        u1_0.created_at,
        u1_0.data_nascita,
        u1_0.email,
        u1_0.logo,
        u1_0.indirizzo,
        u1_0.last_login_at,
        u1_0.metodo_registrazione,
        u1_0.nome,
        u1_0.password,
        u1_0.pdf_tema_colore,
        r1_0.id,
        r1_0.alias,
        r1_0.created_at,
        r1_0.nome,
        rp1_0.ruolo_id,
        rp1_0.id,
        rp1_0.created_at,
        rp1_0.permesso_id,
        p1_0.id,
        p1_0.alias,
        p1_0.created_at,
        g1_0.id,
        g1_0.alias,
        g1_0.created_at,
        g1_0.nome,
        g1_0.updated_at,
        p1_0.nome,
        p1_0.updated_at,
        rp1_0.updated_at,
        r1_0.updated_at,
        u1_0.telefono,
        u1_0.updated_at 
    from
        utenti u1_0 
    left join
        ruoli r1_0 
            on r1_0.id=u1_0.ruolo_id 
    left join
        ruoli_permessi rp1_0 
            on r1_0.id=rp1_0.ruolo_id 
    left join
        permessi p1_0 
            on p1_0.id=rp1_0.permesso_id 
    left join
        gruppi g1_0 
            on g1_0.id=p1_0.gruppo_id 
    where
        u1_0.email=?
2026-07-13T20:26:27.490+02:00 DEBUG 81128 --- [ProgettoNutrizionista] [nio-8080-exec-8] org.hibernate.SQL                        : 
    update
        utenti 
    set
        codice_fiscale=?,
        cognome=?,
        data_nascita=?,
        email=?,
        logo=?,
        indirizzo=?,
        last_login_at=?,
        metodo_registrazione=?,
        nome=?,
        password=?,
        pdf_tema_colore=?,
        ruolo_id=?,
        telefono=?,
        updated_at=? 
    where
        id=?
Hibernate: 
    update
        utenti 
    set
        codice_fiscale=?,
        cognome=?,
        data_nascita=?,
        email=?,
        logo=?,
        indirizzo=?,
        last_login_at=?,
        metodo_registrazione=?,
        nome=?,
        password=?,
        pdf_tema_colore=?,
        ruolo_id=?,
        telefono=?,
        updated_at=? 
    where
        id=?
2026-07-13T20:26:27.690+02:00 DEBUG 81128 --- [ProgettoNutrizionista] [nio-8080-exec-8] org.hibernate.SQL                        : 
    select
        eg1_0.id 
    from
        eventi_gamification eg1_0 
    left join
        utenti n1_0 
            on n1_0.id=eg1_0.utente_id 
    where
        n1_0.id=? 
        and eg1_0.tipo_evento=? 
        and eg1_0.created_at>=? 
    limit
        ?
Hibernate: 
    select
        eg1_0.id 
    from
        eventi_gamification eg1_0 
    left join
        utenti n1_0 
            on n1_0.id=eg1_0.utente_id 
    where
        n1_0.id=? 
        and eg1_0.tipo_evento=? 
        and eg1_0.created_at>=? 
    limit
        ?
2026-07-13T20:26:27.751+02:00 DEBUG 81128 --- [ProgettoNutrizionista] [nio-8080-exec-8] org.hibernate.SQL                        : 
    insert 
    into
        eventi_gamification
        (cliente_id, created_at, utente_id, punti, tipo_evento) 
    values
        (?, ?, ?, ?, ?)
Hibernate: 
    insert 
    into
        eventi_gamification
        (cliente_id, created_at, utente_id, punti, tipo_evento) 
    values
        (?, ?, ?, ?, ?)
2026-07-13T20:26:27.811+02:00 DEBUG 81128 --- [ProgettoNutrizionista] [nio-8080-exec-8] org.hibernate.SQL                        : 
    update
        progressione_nutrizionista pn1_0 
    set
        punti_totali=(pn1_0.punti_totali+?),
        punti_riscattabili=(pn1_0.punti_riscattabili+?) 
    where
        pn1_0.utente_id=?
Hibernate: 
    update
        progressione_nutrizionista pn1_0 
    set
        punti_totali=(pn1_0.punti_totali+?),
        punti_riscattabili=(pn1_0.punti_riscattabili+?) 
    where
        pn1_0.utente_id=?
2026-07-13T20:26:27.864+02:00 DEBUG 81128 --- [ProgettoNutrizionista] [nio-8080-exec-8] org.hibernate.SQL                        : 
    insert 
    into
        progressione_nutrizionista
        (utente_id, punti_riscattabili, punti_totali, updated_at) 
    values
        (?, ?, ?, ?)
Hibernate: 
    insert 
    into
        progressione_nutrizionista
        (utente_id, punti_riscattabili, punti_totali, updated_at) 
    values
        (?, ?, ?, ?)
2026-07-13T20:26:27.927+02:00 DEBUG 81128 --- [ProgettoNutrizionista] [nio-8080-exec-8] org.hibernate.SQL                        : 
    select
        eg1_0.id,
        eg1_0.cliente_id,
        eg1_0.created_at,
        eg1_0.utente_id,
        eg1_0.punti,
        eg1_0.tipo_evento 
    from
        eventi_gamification eg1_0 
    left join
        utenti n1_0 
            on n1_0.id=eg1_0.utente_id 
    where
        n1_0.id=? 
        and eg1_0.tipo_evento=? 
        and eg1_0.created_at>=?
Hibernate: 
    select
        eg1_0.id,
        eg1_0.cliente_id,
        eg1_0.created_at,
        eg1_0.utente_id,
        eg1_0.punti,
        eg1_0.tipo_evento 
    from
        eventi_gamification eg1_0 
    left join
        utenti n1_0 
            on n1_0.id=eg1_0.utente_id 
    where
        n1_0.id=? 
        and eg1_0.tipo_evento=? 
        and eg1_0.created_at>=?
2026-07-13T20:26:27.984+02:00 DEBUG 81128 --- [ProgettoNutrizionista] [nio-8080-exec-8] org.hibernate.SQL                        : 
    select
        os1_0.id,
        os1_0.created_at,
        os1_0.fine_pausa_pranzo,
        os1_0.giorno_lavorativo,
        os1_0.giorno_settimana,
        os1_0.inizio_pausa_pranzo,
        os1_0.lavora_sabato,
        os1_0.nutrizionista_id,
        os1_0.ora_apertura,
        os1_0.ora_chiusura,
        os1_0.updated_at 
    from
        orari_studio os1_0 
    left join
        utenti n1_0 
            on n1_0.id=os1_0.nutrizionista_id 
    where
        n1_0.id=?
Hibernate: 
    select
        os1_0.id,
        os1_0.created_at,
        os1_0.fine_pausa_pranzo,
        os1_0.giorno_lavorativo,
        os1_0.giorno_settimana,
        os1_0.inizio_pausa_pranzo,
        os1_0.lavora_sabato,
        os1_0.nutrizionista_id,
        os1_0.ora_apertura,
        os1_0.ora_chiusura,
        os1_0.updated_at 
    from
        orari_studio os1_0 
    left join
        utenti n1_0 
            on n1_0.id=os1_0.nutrizionista_id 
    where
        n1_0.id=?
2026-07-13T20:26:28.050+02:00 DEBUG 81128 --- [ProgettoNutrizionista] [nio-8080-exec-8] org.hibernate.SQL                        : 
    select
        bs1_0.id,
        bs1_0.codice_badge,
        bs1_0.data_sblocco,
        bs1_0.utente_id 
    from
        badge_sbloccati bs1_0 
    left join
        utenti n1_0 
            on n1_0.id=bs1_0.utente_id 
    where
        n1_0.id=?
Hibernate: 
    select
        bs1_0.id,
        bs1_0.codice_badge,
        bs1_0.data_sblocco,
        bs1_0.utente_id 
    from
        badge_sbloccati bs1_0 
    left join
        utenti n1_0 
            on n1_0.id=bs1_0.utente_id 
    where
        n1_0.id=?
2026-07-13T20:26:28.198+02:00 DEBUG 81128 --- [ProgettoNutrizionista] [nio-8080-exec-8] o.s.w.s.m.m.a.HttpEntityMethodProcessor  : Using 'application/json', given [*/*] and supported [application/json, application/*+json, application/yaml]
2026-07-13T20:26:28.199+02:00 DEBUG 81128 --- [ProgettoNutrizionista] [nio-8080-exec-8] o.s.w.s.m.m.a.HttpEntityMethodProcessor  : Writing [it.nutrizionista.restnutrizionista.dto.LoginResponse@cffb91]
2026-07-13T20:26:28.201+02:00 DEBUG 81128 --- [ProgettoNutrizionista] [nio-8080-exec-8] o.s.web.servlet.DispatcherServlet        : Completed 200 OK
2026-07-13T20:26:28.257+02:00 DEBUG 81128 --- [ProgettoNutrizionista] [nio-8080-exec-6] o.s.web.servlet.DispatcherServlet        : POST "/api/auth/register", parameters={}
2026-07-13T20:26:28.257+02:00 DEBUG 81128 --- [ProgettoNutrizionista] [nio-8080-exec-6] s.w.s.m.m.a.RequestMappingHandlerMapping : Mapped to it.nutrizionista.restnutrizionista.controller.AuthController#register(RegisterRequest)
2026-07-13T20:26:28.257+02:00 DEBUG 81128 --- [ProgettoNutrizionista] [nio-8080-exec-6] m.m.a.RequestResponseBodyMethodProcessor : Read "application/json;charset=UTF-8" to [it.nutrizionista.restnutrizionista.dto.RegisterRequest@14704183]
2026-07-13T20:26:28.258+02:00 DEBUG 81128 --- [ProgettoNutrizionista] [nio-8080-exec-6] org.hibernate.SQL                        : 
    select
        u1_0.id,
        u1_0.codice_fiscale,
        u1_0.cognome,
        u1_0.created_at,
        u1_0.data_nascita,
        u1_0.email,
        u1_0.logo,
        u1_0.indirizzo,
        u1_0.last_login_at,
        u1_0.metodo_registrazione,
        u1_0.nome,
        u1_0.password,
        u1_0.pdf_tema_colore,
        u1_0.ruolo_id,
        u1_0.telefono,
        u1_0.updated_at 
    from
        utenti u1_0 
    where
        u1_0.email=?
Hibernate: 
    select
        u1_0.id,
        u1_0.codice_fiscale,
        u1_0.cognome,
        u1_0.created_at,
        u1_0.data_nascita,
        u1_0.email,
        u1_0.logo,
        u1_0.indirizzo,
        u1_0.last_login_at,
        u1_0.metodo_registrazione,
        u1_0.nome,
        u1_0.password,
        u1_0.pdf_tema_colore,
        u1_0.ruolo_id,
        u1_0.telefono,
        u1_0.updated_at 
    from
        utenti u1_0 
    where
        u1_0.email=?
2026-07-13T20:26:28.311+02:00 DEBUG 81128 --- [ProgettoNutrizionista] [nio-8080-exec-6] org.hibernate.SQL                        : 
    select
        u1_0.id,
        u1_0.codice_fiscale,
        u1_0.cognome,
        u1_0.created_at,
        u1_0.data_nascita,
        u1_0.email,
        u1_0.logo,
        u1_0.indirizzo,
        u1_0.last_login_at,
        u1_0.metodo_registrazione,
        u1_0.nome,
        u1_0.password,
        u1_0.pdf_tema_colore,
        u1_0.ruolo_id,
        u1_0.telefono,
        u1_0.updated_at 
    from
        utenti u1_0 
    where
        u1_0.codice_fiscale=?
Hibernate: 
    select
        u1_0.id,
        u1_0.codice_fiscale,
        u1_0.cognome,
        u1_0.created_at,
        u1_0.data_nascita,
        u1_0.email,
        u1_0.logo,
        u1_0.indirizzo,
        u1_0.last_login_at,
        u1_0.metodo_registrazione,
        u1_0.nome,
        u1_0.password,
        u1_0.pdf_tema_colore,
        u1_0.ruolo_id,
        u1_0.telefono,
        u1_0.updated_at 
    from
        utenti u1_0 
    where
        u1_0.codice_fiscale=?
2026-07-13T20:26:28.363+02:00 DEBUG 81128 --- [ProgettoNutrizionista] [nio-8080-exec-6] org.hibernate.SQL                        : 
    select
        r1_0.id,
        r1_0.alias,
        r1_0.created_at,
        r1_0.nome,
        r1_0.updated_at 
    from
        ruoli r1_0 
    where
        r1_0.alias=?
Hibernate: 
    select
        r1_0.id,
        r1_0.alias,
        r1_0.created_at,
        r1_0.nome,
        r1_0.updated_at 
    from
        ruoli r1_0 
    where
        r1_0.alias=?
2026-07-13T20:26:28.527+02:00 DEBUG 81128 --- [ProgettoNutrizionista] [nio-8080-exec-6] org.hibernate.SQL                        : 
    insert 
    into
        utenti
        (codice_fiscale, cognome, created_at, data_nascita, email, logo, indirizzo, last_login_at, metodo_registrazione, nome, password, pdf_tema_colore, ruolo_id, telefono, updated_at) 
    values
        (?, ?, ?, ?, ?, ?, ?, ?, ?, ?, ?, ?, ?, ?, ?)
Hibernate: 
    insert 
    into
        utenti
        (codice_fiscale, cognome, created_at, data_nascita, email, logo, indirizzo, last_login_at, metodo_registrazione, nome, password, pdf_tema_colore, ruolo_id, telefono, updated_at) 
    values
        (?, ?, ?, ?, ?, ?, ?, ?, ?, ?, ?, ?, ?, ?, ?)
2026-07-13T20:26:28.673+02:00 DEBUG 81128 --- [ProgettoNutrizionista] [nio-8080-exec-6] o.s.w.s.m.m.a.HttpEntityMethodProcessor  : Using 'application/json', given [*/*] and supported [application/json, application/*+json, application/yaml]
2026-07-13T20:26:28.674+02:00 DEBUG 81128 --- [ProgettoNutrizionista] [nio-8080-exec-6] o.s.w.s.m.m.a.HttpEntityMethodProcessor  : Nothing to write: null body
2026-07-13T20:26:28.675+02:00 DEBUG 81128 --- [ProgettoNutrizionista] [nio-8080-exec-6] o.s.web.servlet.DispatcherServlet        : Completed 204 NO_CONTENT
2026-07-13T20:26:28.681+02:00 DEBUG 81128 --- [ProgettoNutrizionista] [nio-8080-exec-4] o.s.web.servlet.DispatcherServlet        : POST "/api/auth/login", parameters={}
2026-07-13T20:26:28.681+02:00 DEBUG 81128 --- [ProgettoNutrizionista] [nio-8080-exec-4] s.w.s.m.m.a.RequestMappingHandlerMapping : Mapped to it.nutrizionista.restnutrizionista.controller.AuthController#login(LoginRequest, HttpServletRequest)
2026-07-13T20:26:28.682+02:00 DEBUG 81128 --- [ProgettoNutrizionista] [nio-8080-exec-4] m.m.a.RequestResponseBodyMethodProcessor : Read "application/json;charset=UTF-8" to [it.nutrizionista.restnutrizionista.dto.LoginRequest@3f4da4cd]
2026-07-13T20:26:28.682+02:00 DEBUG 81128 --- [ProgettoNutrizionista] [nio-8080-exec-4] org.hibernate.SQL                        : 
    select
        u1_0.id,
        u1_0.codice_fiscale,
        u1_0.cognome,
        u1_0.created_at,
        u1_0.data_nascita,
        u1_0.email,
        u1_0.logo,
        u1_0.indirizzo,
        u1_0.last_login_at,
        u1_0.metodo_registrazione,
        u1_0.nome,
        u1_0.password,
        u1_0.pdf_tema_colore,
        r1_0.id,
        r1_0.alias,
        r1_0.created_at,
        r1_0.nome,
        rp1_0.ruolo_id,
        rp1_0.id,
        rp1_0.created_at,
        rp1_0.permesso_id,
        p1_0.id,
        p1_0.alias,
        p1_0.created_at,
        g1_0.id,
        g1_0.alias,
        g1_0.created_at,
        g1_0.nome,
        g1_0.updated_at,
        p1_0.nome,
        p1_0.updated_at,
        rp1_0.updated_at,
        r1_0.updated_at,
        u1_0.telefono,
        u1_0.updated_at 
    from
        utenti u1_0 
    left join
        ruoli r1_0 
            on r1_0.id=u1_0.ruolo_id 
    left join
        ruoli_permessi rp1_0 
            on r1_0.id=rp1_0.ruolo_id 
    left join
        permessi p1_0 
            on p1_0.id=rp1_0.permesso_id 
    left join
        gruppi g1_0 
            on g1_0.id=p1_0.gruppo_id 
    where
        u1_0.email=?
Hibernate: 
    select
        u1_0.id,
        u1_0.codice_fiscale,
        u1_0.cognome,
        u1_0.created_at,
        u1_0.data_nascita,
        u1_0.email,
        u1_0.logo,
        u1_0.indirizzo,
        u1_0.last_login_at,
        u1_0.metodo_registrazione,
        u1_0.nome,
        u1_0.password,
        u1_0.pdf_tema_colore,
        r1_0.id,
        r1_0.alias,
        r1_0.created_at,
        r1_0.nome,
        rp1_0.ruolo_id,
        rp1_0.id,
        rp1_0.created_at,
        rp1_0.permesso_id,
        p1_0.id,
        p1_0.alias,
        p1_0.created_at,
        g1_0.id,
        g1_0.alias,
        g1_0.created_at,
        g1_0.nome,
        g1_0.updated_at,
        p1_0.nome,
        p1_0.updated_at,
        rp1_0.updated_at,
        r1_0.updated_at,
        u1_0.telefono,
        u1_0.updated_at 
    from
        utenti u1_0 
    left join
        ruoli r1_0 
            on r1_0.id=u1_0.ruolo_id 
    left join
        ruoli_permessi rp1_0 
            on r1_0.id=rp1_0.ruolo_id 
    left join
        permessi p1_0 
            on p1_0.id=rp1_0.permesso_id 
    left join
        gruppi g1_0 
            on g1_0.id=p1_0.gruppo_id 
    where
        u1_0.email=?
2026-07-13T20:26:28.883+02:00 DEBUG 81128 --- [ProgettoNutrizionista] [nio-8080-exec-4] org.hibernate.SQL                        : 
    update
        utenti 
    set
        codice_fiscale=?,
        cognome=?,
        data_nascita=?,
        email=?,
        logo=?,
        indirizzo=?,
        last_login_at=?,
        metodo_registrazione=?,
        nome=?,
        password=?,
        pdf_tema_colore=?,
        ruolo_id=?,
        telefono=?,
        updated_at=? 
    where
        id=?
Hibernate: 
    update
        utenti 
    set
        codice_fiscale=?,
        cognome=?,
        data_nascita=?,
        email=?,
        logo=?,
        indirizzo=?,
        last_login_at=?,
        metodo_registrazione=?,
        nome=?,
        password=?,
        pdf_tema_colore=?,
        ruolo_id=?,
        telefono=?,
        updated_at=? 
    where
        id=?
2026-07-13T20:26:29.083+02:00 DEBUG 81128 --- [ProgettoNutrizionista] [nio-8080-exec-4] org.hibernate.SQL                        : 
    select
        eg1_0.id 
    from
        eventi_gamification eg1_0 
    left join
        utenti n1_0 
            on n1_0.id=eg1_0.utente_id 
    where
        n1_0.id=? 
        and eg1_0.tipo_evento=? 
        and eg1_0.created_at>=? 
    limit
        ?
Hibernate: 
    select
        eg1_0.id 
    from
        eventi_gamification eg1_0 
    left join
        utenti n1_0 
            on n1_0.id=eg1_0.utente_id 
    where
        n1_0.id=? 
        and eg1_0.tipo_evento=? 
        and eg1_0.created_at>=? 
    limit
        ?
2026-07-13T20:26:29.139+02:00 DEBUG 81128 --- [ProgettoNutrizionista] [nio-8080-exec-4] org.hibernate.SQL                        : 
    insert 
    into
        eventi_gamification
        (cliente_id, created_at, utente_id, punti, tipo_evento) 
    values
        (?, ?, ?, ?, ?)
Hibernate: 
    insert 
    into
        eventi_gamification
        (cliente_id, created_at, utente_id, punti, tipo_evento) 
    values
        (?, ?, ?, ?, ?)
2026-07-13T20:26:29.195+02:00 DEBUG 81128 --- [ProgettoNutrizionista] [nio-8080-exec-4] org.hibernate.SQL                        : 
    update
        progressione_nutrizionista pn1_0 
    set
        punti_totali=(pn1_0.punti_totali+?),
        punti_riscattabili=(pn1_0.punti_riscattabili+?) 
    where
        pn1_0.utente_id=?
Hibernate: 
    update
        progressione_nutrizionista pn1_0 
    set
        punti_totali=(pn1_0.punti_totali+?),
        punti_riscattabili=(pn1_0.punti_riscattabili+?) 
    where
        pn1_0.utente_id=?
2026-07-13T20:26:29.247+02:00 DEBUG 81128 --- [ProgettoNutrizionista] [nio-8080-exec-4] org.hibernate.SQL                        : 
    insert 
    into
        progressione_nutrizionista
        (utente_id, punti_riscattabili, punti_totali, updated_at) 
    values
        (?, ?, ?, ?)
Hibernate: 
    insert 
    into
        progressione_nutrizionista
        (utente_id, punti_riscattabili, punti_totali, updated_at) 
    values
        (?, ?, ?, ?)
2026-07-13T20:26:29.301+02:00 DEBUG 81128 --- [ProgettoNutrizionista] [nio-8080-exec-4] org.hibernate.SQL                        : 
    select
        eg1_0.id,
        eg1_0.cliente_id,
        eg1_0.created_at,
        eg1_0.utente_id,
        eg1_0.punti,
        eg1_0.tipo_evento 
    from
        eventi_gamification eg1_0 
    left join
        utenti n1_0 
            on n1_0.id=eg1_0.utente_id 
    where
        n1_0.id=? 
        and eg1_0.tipo_evento=? 
        and eg1_0.created_at>=?
Hibernate: 
    select
        eg1_0.id,
        eg1_0.cliente_id,
        eg1_0.created_at,
        eg1_0.utente_id,
        eg1_0.punti,
        eg1_0.tipo_evento 
    from
        eventi_gamification eg1_0 
    left join
        utenti n1_0 
            on n1_0.id=eg1_0.utente_id 
    where
        n1_0.id=? 
        and eg1_0.tipo_evento=? 
        and eg1_0.created_at>=?
2026-07-13T20:26:29.357+02:00 DEBUG 81128 --- [ProgettoNutrizionista] [nio-8080-exec-4] org.hibernate.SQL                        : 
    select
        os1_0.id,
        os1_0.created_at,
        os1_0.fine_pausa_pranzo,
        os1_0.giorno_lavorativo,
        os1_0.giorno_settimana,
        os1_0.inizio_pausa_pranzo,
        os1_0.lavora_sabato,
        os1_0.nutrizionista_id,
        os1_0.ora_apertura,
        os1_0.ora_chiusura,
        os1_0.updated_at 
    from
        orari_studio os1_0 
    left join
        utenti n1_0 
            on n1_0.id=os1_0.nutrizionista_id 
    where
        n1_0.id=?
Hibernate: 
    select
        os1_0.id,
        os1_0.created_at,
        os1_0.fine_pausa_pranzo,
        os1_0.giorno_lavorativo,
        os1_0.giorno_settimana,
        os1_0.inizio_pausa_pranzo,
        os1_0.lavora_sabato,
        os1_0.nutrizionista_id,
        os1_0.ora_apertura,
        os1_0.ora_chiusura,
        os1_0.updated_at 
    from
        orari_studio os1_0 
    left join
        utenti n1_0 
            on n1_0.id=os1_0.nutrizionista_id 
    where
        n1_0.id=?
2026-07-13T20:26:29.419+02:00 DEBUG 81128 --- [ProgettoNutrizionista] [nio-8080-exec-4] org.hibernate.SQL                        : 
    select
        bs1_0.id,
        bs1_0.codice_badge,
        bs1_0.data_sblocco,
        bs1_0.utente_id 
    from
        badge_sbloccati bs1_0 
    left join
        utenti n1_0 
            on n1_0.id=bs1_0.utente_id 
    where
        n1_0.id=?
Hibernate: 
    select
        bs1_0.id,
        bs1_0.codice_badge,
        bs1_0.data_sblocco,
        bs1_0.utente_id 
    from
        badge_sbloccati bs1_0 
    left join
        utenti n1_0 
            on n1_0.id=bs1_0.utente_id 
    where
        n1_0.id=?
2026-07-13T20:26:29.568+02:00 DEBUG 81128 --- [ProgettoNutrizionista] [nio-8080-exec-4] o.s.w.s.m.m.a.HttpEntityMethodProcessor  : Using 'application/json', given [*/*] and supported [application/json, application/*+json, application/yaml]
2026-07-13T20:26:29.568+02:00 DEBUG 81128 --- [ProgettoNutrizionista] [nio-8080-exec-4] o.s.w.s.m.m.a.HttpEntityMethodProcessor  : Writing [it.nutrizionista.restnutrizionista.dto.LoginResponse@7fecf301]
2026-07-13T20:26:29.571+02:00 DEBUG 81128 --- [ProgettoNutrizionista] [nio-8080-exec-4] o.s.web.servlet.DispatcherServlet        : Completed 200 OK
2026-07-13T20:26:29.635+02:00 DEBUG 81128 --- [ProgettoNutrizionista] [nio-8080-exec-3] o.s.web.servlet.DispatcherServlet        : POST "/api/assistenza/tickets", parameters={}
2026-07-13T20:26:29.635+02:00 DEBUG 81128 --- [ProgettoNutrizionista] [nio-8080-exec-3] s.w.s.m.m.a.RequestMappingHandlerMapping : Mapped to it.nutrizionista.restnutrizionista.controller.AssistenzaController#crea(CreaTicketAssistenzaRequest)
2026-07-13T20:26:29.636+02:00 DEBUG 81128 --- [ProgettoNutrizionista] [nio-8080-exec-3] m.m.a.RequestResponseBodyMethodProcessor : Read "application/json;charset=UTF-8" to [it.nutrizionista.restnutrizionista.dto.CreaTicketAssistenzaRequest@15e6bb4d]
2026-07-13T20:26:29.686+02:00 DEBUG 81128 --- [ProgettoNutrizionista] [nio-8080-exec-3] org.hibernate.SQL                        : 
    select
        u1_0.id,
        u1_0.codice_fiscale,
        u1_0.cognome,
        u1_0.created_at,
        u1_0.data_nascita,
        u1_0.email,
        u1_0.logo,
        u1_0.indirizzo,
        u1_0.last_login_at,
        u1_0.metodo_registrazione,
        u1_0.nome,
        u1_0.password,
        u1_0.pdf_tema_colore,
        r1_0.id,
        r1_0.alias,
        r1_0.created_at,
        r1_0.nome,
        rp1_0.ruolo_id,
        rp1_0.id,
        rp1_0.created_at,
        rp1_0.permesso_id,
        p1_0.id,
        p1_0.alias,
        p1_0.created_at,
        g1_0.id,
        g1_0.alias,
        g1_0.created_at,
        g1_0.nome,
        g1_0.updated_at,
        p1_0.nome,
        p1_0.updated_at,
        rp1_0.updated_at,
        r1_0.updated_at,
        u1_0.telefono,
        u1_0.updated_at 
    from
        utenti u1_0 
    left join
        ruoli r1_0 
            on r1_0.id=u1_0.ruolo_id 
    left join
        ruoli_permessi rp1_0 
            on r1_0.id=rp1_0.ruolo_id 
    left join
        permessi p1_0 
            on p1_0.id=rp1_0.permesso_id 
    left join
        gruppi g1_0 
            on g1_0.id=p1_0.gruppo_id 
    where
        u1_0.email=?
Hibernate: 
    select
        u1_0.id,
        u1_0.codice_fiscale,
        u1_0.cognome,
        u1_0.created_at,
        u1_0.data_nascita,
        u1_0.email,
        u1_0.logo,
        u1_0.indirizzo,
        u1_0.last_login_at,
        u1_0.metodo_registrazione,
        u1_0.nome,
        u1_0.password,
        u1_0.pdf_tema_colore,
        r1_0.id,
        r1_0.alias,
        r1_0.created_at,
        r1_0.nome,
        rp1_0.ruolo_id,
        rp1_0.id,
        rp1_0.created_at,
        rp1_0.permesso_id,
        p1_0.id,
        p1_0.alias,
        p1_0.created_at,
        g1_0.id,
        g1_0.alias,
        g1_0.created_at,
        g1_0.nome,
        g1_0.updated_at,
        p1_0.nome,
        p1_0.updated_at,
        rp1_0.updated_at,
        r1_0.updated_at,
        u1_0.telefono,
        u1_0.updated_at 
    from
        utenti u1_0 
    left join
        ruoli r1_0 
            on r1_0.id=u1_0.ruolo_id 
    left join
        ruoli_permessi rp1_0 
            on r1_0.id=rp1_0.ruolo_id 
    left join
        permessi p1_0 
            on p1_0.id=rp1_0.permesso_id 
    left join
        gruppi g1_0 
            on g1_0.id=p1_0.gruppo_id 
    where
        u1_0.email=?
2026-07-13T20:26:29.760+02:00 DEBUG 81128 --- [ProgettoNutrizionista] [nio-8080-exec-3] org.hibernate.SQL                        : 
    select
        ta1_0.id 
    from
        ticket_assistenza ta1_0 
    join
        utenti n1_0 
            on n1_0.id=ta1_0.nutrizionista_id 
    where
        n1_0.id=? 
        and ta1_0.stato in (?, ?) 
    limit
        ?
Hibernate: 
    select
        ta1_0.id 
    from
        ticket_assistenza ta1_0 
    join
        utenti n1_0 
            on n1_0.id=ta1_0.nutrizionista_id 
    where
        n1_0.id=? 
        and ta1_0.stato in (?, ?) 
    limit
        ?
2026-07-13T20:26:29.818+02:00 DEBUG 81128 --- [ProgettoNutrizionista] [nio-8080-exec-3] org.hibernate.SQL                        : 
    insert 
    into
        ticket_assistenza
        (accepted_at, closed_at, created_at, descrizione, motivo_rifiuto, nutrizionista_id, oggetto, stato, updated_at, version) 
    values
        (?, ?, ?, ?, ?, ?, ?, ?, ?, ?)
Hibernate: 
    insert 
    into
        ticket_assistenza
        (accepted_at, closed_at, created_at, descrizione, motivo_rifiuto, nutrizionista_id, oggetto, stato, updated_at, version) 
    values
        (?, ?, ?, ?, ?, ?, ?, ?, ?, ?)
2026-07-13T20:26:29.874+02:00  INFO 81128 --- [ProgettoNutrizionista] [nio-8080-exec-3] AUDIT.assistenza                         : transizione assistenza utenteId=150001 ticketId=30001 NUOVO->IN_ATTESA
2026-07-13T20:26:29.878+02:00 DEBUG 81128 --- [ProgettoNutrizionista] [nio-8080-exec-3] org.hibernate.SQL                        : 
    select
        count(ma1_0.id) 
    from
        messaggi_assistenza ma1_0 
    join
        ticket_assistenza t1_0 
            on t1_0.id=ma1_0.ticket_id 
    join
        utenti m1_0 
            on m1_0.id=ma1_0.mittente_id 
    where
        t1_0.id=? 
        and not(ma1_0.letto) 
        and m1_0.id<>?
Hibernate: 
    select
        count(ma1_0.id) 
    from
        messaggi_assistenza ma1_0 
    join
        ticket_assistenza t1_0 
            on t1_0.id=ma1_0.ticket_id 
    join
        utenti m1_0 
            on m1_0.id=ma1_0.mittente_id 
    where
        t1_0.id=? 
        and not(ma1_0.letto) 
        and m1_0.id<>?
2026-07-13T20:26:30.027+02:00 DEBUG 81128 --- [ProgettoNutrizionista] [nio-8080-exec-3] o.s.w.s.m.m.a.HttpEntityMethodProcessor  : Using 'application/json', given [*/*] and supported [application/json, application/*+json, application/yaml]
2026-07-13T20:26:30.028+02:00 DEBUG 81128 --- [ProgettoNutrizionista] [nio-8080-exec-3] o.s.w.s.m.m.a.HttpEntityMethodProcessor  : Writing [it.nutrizionista.restnutrizionista.dto.TicketAssistenzaDto@37391af3]
2026-07-13T20:26:30.029+02:00 DEBUG 81128 --- [ProgettoNutrizionista] [nio-8080-exec-3] o.s.web.servlet.DispatcherServlet        : Completed 201 CREATED
2026-07-13T20:26:30.053+02:00 DEBUG 81128 --- [ProgettoNutrizionista] [nio-8080-exec-7] o.s.web.servlet.DispatcherServlet        : POST "/api/assistenza/tickets/30001/messaggi", parameters={}
2026-07-13T20:26:30.053+02:00 DEBUG 81128 --- [ProgettoNutrizionista] [nio-8080-exec-7] s.w.s.m.m.a.RequestMappingHandlerMapping : Mapped to it.nutrizionista.restnutrizionista.controller.AssistenzaController#invia(Long, CreaMessaggioAssistenzaRequest)
2026-07-13T20:26:30.054+02:00 DEBUG 81128 --- [ProgettoNutrizionista] [nio-8080-exec-7] m.m.a.RequestResponseBodyMethodProcessor : Read "application/json;charset=UTF-8" to [it.nutrizionista.restnutrizionista.dto.CreaMessaggioAssistenzaRequest@432637a5]
2026-07-13T20:26:30.101+02:00 DEBUG 81128 --- [ProgettoNutrizionista] [nio-8080-exec-7] org.hibernate.SQL                        : 
    select
        u1_0.id,
        u1_0.codice_fiscale,
        u1_0.cognome,
        u1_0.created_at,
        u1_0.data_nascita,
        u1_0.email,
        u1_0.logo,
        u1_0.indirizzo,
        u1_0.last_login_at,
        u1_0.metodo_registrazione,
        u1_0.nome,
        u1_0.password,
        u1_0.pdf_tema_colore,
        r1_0.id,
        r1_0.alias,
        r1_0.created_at,
        r1_0.nome,
        rp1_0.ruolo_id,
        rp1_0.id,
        rp1_0.created_at,
        rp1_0.permesso_id,
        p1_0.id,
        p1_0.alias,
        p1_0.created_at,
        g1_0.id,
        g1_0.alias,
        g1_0.created_at,
        g1_0.nome,
        g1_0.updated_at,
        p1_0.nome,
        p1_0.updated_at,
        rp1_0.updated_at,
        r1_0.updated_at,
        u1_0.telefono,
        u1_0.updated_at 
    from
        utenti u1_0 
    left join
        ruoli r1_0 
            on r1_0.id=u1_0.ruolo_id 
    left join
        ruoli_permessi rp1_0 
            on r1_0.id=rp1_0.ruolo_id 
    left join
        permessi p1_0 
            on p1_0.id=rp1_0.permesso_id 
    left join
        gruppi g1_0 
            on g1_0.id=p1_0.gruppo_id 
    where
        u1_0.email=?
Hibernate: 
    select
        u1_0.id,
        u1_0.codice_fiscale,
        u1_0.cognome,
        u1_0.created_at,
        u1_0.data_nascita,
        u1_0.email,
        u1_0.logo,
        u1_0.indirizzo,
        u1_0.last_login_at,
        u1_0.metodo_registrazione,
        u1_0.nome,
        u1_0.password,
        u1_0.pdf_tema_colore,
        r1_0.id,
        r1_0.alias,
        r1_0.created_at,
        r1_0.nome,
        rp1_0.ruolo_id,
        rp1_0.id,
        rp1_0.created_at,
        rp1_0.permesso_id,
        p1_0.id,
        p1_0.alias,
        p1_0.created_at,
        g1_0.id,
        g1_0.alias,
        g1_0.created_at,
        g1_0.nome,
        g1_0.updated_at,
        p1_0.nome,
        p1_0.updated_at,
        rp1_0.updated_at,
        r1_0.updated_at,
        u1_0.telefono,
        u1_0.updated_at 
    from
        utenti u1_0 
    left join
        ruoli r1_0 
            on r1_0.id=u1_0.ruolo_id 
    left join
        ruoli_permessi rp1_0 
            on r1_0.id=rp1_0.ruolo_id 
    left join
        permessi p1_0 
            on p1_0.id=rp1_0.permesso_id 
    left join
        gruppi g1_0 
            on g1_0.id=p1_0.gruppo_id 
    where
        u1_0.email=?
2026-07-13T20:26:30.168+02:00 DEBUG 81128 --- [ProgettoNutrizionista] [nio-8080-exec-7] org.hibernate.SQL                        : 
    select
        ta1_0.id,
        ta1_0.accepted_at,
        ta1_0.closed_at,
        ta1_0.created_at,
        ta1_0.descrizione,
        ta1_0.motivo_rifiuto,
        ta1_0.nutrizionista_id,
        n1_0.id,
        n1_0.codice_fiscale,
        n1_0.cognome,
        n1_0.created_at,
        n1_0.data_nascita,
        n1_0.email,
        n1_0.logo,
        n1_0.indirizzo,
        n1_0.last_login_at,
        n1_0.metodo_registrazione,
        n1_0.nome,
        n1_0.password,
        n1_0.pdf_tema_colore,
        n1_0.ruolo_id,
        n1_0.telefono,
        n1_0.updated_at,
        ta1_0.oggetto,
        ta1_0.stato,
        ta1_0.updated_at,
        ta1_0.version 
    from
        ticket_assistenza ta1_0 
    join
        utenti n1_0 
            on n1_0.id=ta1_0.nutrizionista_id 
    where
        ta1_0.id=?
Hibernate: 
    select
        ta1_0.id,
        ta1_0.accepted_at,
        ta1_0.closed_at,
        ta1_0.created_at,
        ta1_0.descrizione,
        ta1_0.motivo_rifiuto,
        ta1_0.nutrizionista_id,
        n1_0.id,
        n1_0.codice_fiscale,
        n1_0.cognome,
        n1_0.created_at,
        n1_0.data_nascita,
        n1_0.email,
        n1_0.logo,
        n1_0.indirizzo,
        n1_0.last_login_at,
        n1_0.metodo_registrazione,
        n1_0.nome,
        n1_0.password,
        n1_0.pdf_tema_colore,
        n1_0.ruolo_id,
        n1_0.telefono,
        n1_0.updated_at,
        ta1_0.oggetto,
        ta1_0.stato,
        ta1_0.updated_at,
        ta1_0.version 
    from
        ticket_assistenza ta1_0 
    join
        utenti n1_0 
            on n1_0.id=ta1_0.nutrizionista_id 
    where
        ta1_0.id=?
2026-07-13T20:26:30.316+02:00 DEBUG 81128 --- [ProgettoNutrizionista] [nio-8080-exec-7] .m.m.a.ExceptionHandlerExceptionResolver : Using @ExceptionHandler it.nutrizionista.restnutrizionista.exception.GlobalExceptionHandler#handleConflict(ConflictException)
2026-07-13T20:26:30.316+02:00 DEBUG 81128 --- [ProgettoNutrizionista] [nio-8080-exec-7] o.s.w.s.m.m.a.HttpEntityMethodProcessor  : Using 'text/plain', given [*/*] and supported [text/plain, */*, application/json, application/*+json, application/yaml]
2026-07-13T20:26:30.317+02:00 DEBUG 81128 --- [ProgettoNutrizionista] [nio-8080-exec-7] o.s.w.s.m.m.a.HttpEntityMethodProcessor  : Writing ["Transizione non consentita dallo stato IN_ATTESA"]
2026-07-13T20:26:30.318+02:00  WARN 81128 --- [ProgettoNutrizionista] [nio-8080-exec-7] .m.m.a.ExceptionHandlerExceptionResolver : Resolved [it.nutrizionista.restnutrizionista.exception.ConflictException: Transizione non consentita dallo stato IN_ATTESA]
2026-07-13T20:26:30.318+02:00 DEBUG 81128 --- [ProgettoNutrizionista] [nio-8080-exec-7] o.s.web.servlet.DispatcherServlet        : Completed 409 CONFLICT
2026-07-13T20:26:30.322+02:00 DEBUG 81128 --- [ProgettoNutrizionista] [nio-8080-exec-9] o.s.web.servlet.DispatcherServlet        : POST "/api/assistenza/tickets", parameters={}
2026-07-13T20:26:30.322+02:00 DEBUG 81128 --- [ProgettoNutrizionista] [nio-8080-exec-9] s.w.s.m.m.a.RequestMappingHandlerMapping : Mapped to it.nutrizionista.restnutrizionista.controller.AssistenzaController#crea(CreaTicketAssistenzaRequest)
2026-07-13T20:26:30.323+02:00 DEBUG 81128 --- [ProgettoNutrizionista] [nio-8080-exec-9] m.m.a.RequestResponseBodyMethodProcessor : Read "application/json;charset=UTF-8" to [it.nutrizionista.restnutrizionista.dto.CreaTicketAssistenzaRequest@491a8e5c]
2026-07-13T20:26:30.369+02:00 DEBUG 81128 --- [ProgettoNutrizionista] [nio-8080-exec-9] org.hibernate.SQL                        : 
    select
        u1_0.id,
        u1_0.codice_fiscale,
        u1_0.cognome,
        u1_0.created_at,
        u1_0.data_nascita,
        u1_0.email,
        u1_0.logo,
        u1_0.indirizzo,
        u1_0.last_login_at,
        u1_0.metodo_registrazione,
        u1_0.nome,
        u1_0.password,
        u1_0.pdf_tema_colore,
        r1_0.id,
        r1_0.alias,
        r1_0.created_at,
        r1_0.nome,
        rp1_0.ruolo_id,
        rp1_0.id,
        rp1_0.created_at,
        rp1_0.permesso_id,
        p1_0.id,
        p1_0.alias,
        p1_0.created_at,
        g1_0.id,
        g1_0.alias,
        g1_0.created_at,
        g1_0.nome,
        g1_0.updated_at,
        p1_0.nome,
        p1_0.updated_at,
        rp1_0.updated_at,
        r1_0.updated_at,
        u1_0.telefono,
        u1_0.updated_at 
    from
        utenti u1_0 
    left join
        ruoli r1_0 
            on r1_0.id=u1_0.ruolo_id 
    left join
        ruoli_permessi rp1_0 
            on r1_0.id=rp1_0.ruolo_id 
    left join
        permessi p1_0 
            on p1_0.id=rp1_0.permesso_id 
    left join
        gruppi g1_0 
            on g1_0.id=p1_0.gruppo_id 
    where
        u1_0.email=?
Hibernate: 
    select
        u1_0.id,
        u1_0.codice_fiscale,
        u1_0.cognome,
        u1_0.created_at,
        u1_0.data_nascita,
        u1_0.email,
        u1_0.logo,
        u1_0.indirizzo,
        u1_0.last_login_at,
        u1_0.metodo_registrazione,
        u1_0.nome,
        u1_0.password,
        u1_0.pdf_tema_colore,
        r1_0.id,
        r1_0.alias,
        r1_0.created_at,
        r1_0.nome,
        rp1_0.ruolo_id,
        rp1_0.id,
        rp1_0.created_at,
        rp1_0.permesso_id,
        p1_0.id,
        p1_0.alias,
        p1_0.created_at,
        g1_0.id,
        g1_0.alias,
        g1_0.created_at,
        g1_0.nome,
        g1_0.updated_at,
        p1_0.nome,
        p1_0.updated_at,
        rp1_0.updated_at,
        r1_0.updated_at,
        u1_0.telefono,
        u1_0.updated_at 
    from
        utenti u1_0 
    left join
        ruoli r1_0 
            on r1_0.id=u1_0.ruolo_id 
    left join
        ruoli_permessi rp1_0 
            on r1_0.id=rp1_0.ruolo_id 
    left join
        permessi p1_0 
            on p1_0.id=rp1_0.permesso_id 
    left join
        gruppi g1_0 
            on g1_0.id=p1_0.gruppo_id 
    where
        u1_0.email=?
2026-07-13T20:26:30.449+02:00 DEBUG 81128 --- [ProgettoNutrizionista] [nio-8080-exec-9] org.hibernate.SQL                        : 
    select
        ta1_0.id 
    from
        ticket_assistenza ta1_0 
    join
        utenti n1_0 
            on n1_0.id=ta1_0.nutrizionista_id 
    where
        n1_0.id=? 
        and ta1_0.stato in (?, ?) 
    limit
        ?
Hibernate: 
    select
        ta1_0.id 
    from
        ticket_assistenza ta1_0 
    join
        utenti n1_0 
            on n1_0.id=ta1_0.nutrizionista_id 
    where
        n1_0.id=? 
        and ta1_0.stato in (?, ?) 
    limit
        ?
2026-07-13T20:26:30.591+02:00 DEBUG 81128 --- [ProgettoNutrizionista] [nio-8080-exec-9] .m.m.a.ExceptionHandlerExceptionResolver : Using @ExceptionHandler it.nutrizionista.restnutrizionista.exception.GlobalExceptionHandler#handleConflict(ConflictException)
2026-07-13T20:26:30.592+02:00 DEBUG 81128 --- [ProgettoNutrizionista] [nio-8080-exec-9] o.s.w.s.m.m.a.HttpEntityMethodProcessor  : Using 'text/plain', given [*/*] and supported [text/plain, */*, application/json, application/*+json, application/yaml]
2026-07-13T20:26:30.592+02:00 DEBUG 81128 --- [ProgettoNutrizionista] [nio-8080-exec-9] o.s.w.s.m.m.a.HttpEntityMethodProcessor  : Writing ["Esiste già una richiesta di assistenza aperta"]
2026-07-13T20:26:30.593+02:00  WARN 81128 --- [ProgettoNutrizionista] [nio-8080-exec-9] .m.m.a.ExceptionHandlerExceptionResolver : Resolved [it.nutrizionista.restnutrizionista.exception.ConflictException: Esiste già una richiesta di assistenza aperta]
2026-07-13T20:26:30.593+02:00 DEBUG 81128 --- [ProgettoNutrizionista] [nio-8080-exec-9] o.s.web.servlet.DispatcherServlet        : Completed 409 CONFLICT
2026-07-13T20:26:30.596+02:00 DEBUG 81128 --- [ProgettoNutrizionista] [nio-8080-exec-5] o.s.web.servlet.DispatcherServlet        : GET "/api/assistenza/tickets/30001", parameters={}
2026-07-13T20:26:30.596+02:00 DEBUG 81128 --- [ProgettoNutrizionista] [nio-8080-exec-5] s.w.s.m.m.a.RequestMappingHandlerMapping : Mapped to it.nutrizionista.restnutrizionista.controller.AssistenzaController#dettaglio(Long)
2026-07-13T20:26:30.692+02:00 DEBUG 81128 --- [ProgettoNutrizionista] [nio-8080-exec-5] org.hibernate.SQL                        : 
    select
        u1_0.id,
        u1_0.codice_fiscale,
        u1_0.cognome,
        u1_0.created_at,
        u1_0.data_nascita,
        u1_0.email,
        u1_0.logo,
        u1_0.indirizzo,
        u1_0.last_login_at,
        u1_0.metodo_registrazione,
        u1_0.nome,
        u1_0.password,
        u1_0.pdf_tema_colore,
        r1_0.id,
        r1_0.alias,
        r1_0.created_at,
        r1_0.nome,
        rp1_0.ruolo_id,
        rp1_0.id,
        rp1_0.created_at,
        rp1_0.permesso_id,
        p1_0.id,
        p1_0.alias,
        p1_0.created_at,
        g1_0.id,
        g1_0.alias,
        g1_0.created_at,
        g1_0.nome,
        g1_0.updated_at,
        p1_0.nome,
        p1_0.updated_at,
        rp1_0.updated_at,
        r1_0.updated_at,
        u1_0.telefono,
        u1_0.updated_at 
    from
        utenti u1_0 
    left join
        ruoli r1_0 
            on r1_0.id=u1_0.ruolo_id 
    left join
        ruoli_permessi rp1_0 
            on r1_0.id=rp1_0.ruolo_id 
    left join
        permessi p1_0 
            on p1_0.id=rp1_0.permesso_id 
    left join
        gruppi g1_0 
            on g1_0.id=p1_0.gruppo_id 
    where
        u1_0.email=?
Hibernate: 
    select
        u1_0.id,
        u1_0.codice_fiscale,
        u1_0.cognome,
        u1_0.created_at,
        u1_0.data_nascita,
        u1_0.email,
        u1_0.logo,
        u1_0.indirizzo,
        u1_0.last_login_at,
        u1_0.metodo_registrazione,
        u1_0.nome,
        u1_0.password,
        u1_0.pdf_tema_colore,
        r1_0.id,
        r1_0.alias,
        r1_0.created_at,
        r1_0.nome,
        rp1_0.ruolo_id,
        rp1_0.id,
        rp1_0.created_at,
        rp1_0.permesso_id,
        p1_0.id,
        p1_0.alias,
        p1_0.created_at,
        g1_0.id,
        g1_0.alias,
        g1_0.created_at,
        g1_0.nome,
        g1_0.updated_at,
        p1_0.nome,
        p1_0.updated_at,
        rp1_0.updated_at,
        r1_0.updated_at,
        u1_0.telefono,
        u1_0.updated_at 
    from
        utenti u1_0 
    left join
        ruoli r1_0 
            on r1_0.id=u1_0.ruolo_id 
    left join
        ruoli_permessi rp1_0 
            on r1_0.id=rp1_0.ruolo_id 
    left join
        permessi p1_0 
            on p1_0.id=rp1_0.permesso_id 
    left join
        gruppi g1_0 
            on g1_0.id=p1_0.gruppo_id 
    where
        u1_0.email=?
2026-07-13T20:26:30.765+02:00 DEBUG 81128 --- [ProgettoNutrizionista] [nio-8080-exec-5] org.hibernate.SQL                        : 
    select
        ta1_0.id,
        ta1_0.accepted_at,
        ta1_0.closed_at,
        ta1_0.created_at,
        ta1_0.descrizione,
        ta1_0.motivo_rifiuto,
        ta1_0.nutrizionista_id,
        n1_0.id,
        n1_0.codice_fiscale,
        n1_0.cognome,
        n1_0.created_at,
        n1_0.data_nascita,
        n1_0.email,
        n1_0.logo,
        n1_0.indirizzo,
        n1_0.last_login_at,
        n1_0.metodo_registrazione,
        n1_0.nome,
        n1_0.password,
        n1_0.pdf_tema_colore,
        n1_0.ruolo_id,
        n1_0.telefono,
        n1_0.updated_at,
        ta1_0.oggetto,
        ta1_0.stato,
        ta1_0.updated_at,
        ta1_0.version 
    from
        ticket_assistenza ta1_0 
    join
        utenti n1_0 
            on n1_0.id=ta1_0.nutrizionista_id 
    where
        ta1_0.id=?
Hibernate: 
    select
        ta1_0.id,
        ta1_0.accepted_at,
        ta1_0.closed_at,
        ta1_0.created_at,
        ta1_0.descrizione,
        ta1_0.motivo_rifiuto,
        ta1_0.nutrizionista_id,
        n1_0.id,
        n1_0.codice_fiscale,
        n1_0.cognome,
        n1_0.created_at,
        n1_0.data_nascita,
        n1_0.email,
        n1_0.logo,
        n1_0.indirizzo,
        n1_0.last_login_at,
        n1_0.metodo_registrazione,
        n1_0.nome,
        n1_0.password,
        n1_0.pdf_tema_colore,
        n1_0.ruolo_id,
        n1_0.telefono,
        n1_0.updated_at,
        ta1_0.oggetto,
        ta1_0.stato,
        ta1_0.updated_at,
        ta1_0.version 
    from
        ticket_assistenza ta1_0 
    join
        utenti n1_0 
            on n1_0.id=ta1_0.nutrizionista_id 
    where
        ta1_0.id=?
2026-07-13T20:26:30.961+02:00 DEBUG 81128 --- [ProgettoNutrizionista] [nio-8080-exec-5] .m.m.a.ExceptionHandlerExceptionResolver : Using @ExceptionHandler it.nutrizionista.restnutrizionista.exception.GlobalExceptionHandler#handleNotFound(NotFoundException)
2026-07-13T20:26:30.962+02:00 DEBUG 81128 --- [ProgettoNutrizionista] [nio-8080-exec-5] o.s.w.s.m.m.a.HttpEntityMethodProcessor  : Using 'text/plain', given [*/*] and supported [text/plain, */*, application/json, application/*+json, application/yaml]
2026-07-13T20:26:30.963+02:00 DEBUG 81128 --- [ProgettoNutrizionista] [nio-8080-exec-5] o.s.w.s.m.m.a.HttpEntityMethodProcessor  : Writing ["Ticket di assistenza non trovato"]
2026-07-13T20:26:30.964+02:00  WARN 81128 --- [ProgettoNutrizionista] [nio-8080-exec-5] .m.m.a.ExceptionHandlerExceptionResolver : Resolved [it.nutrizionista.restnutrizionista.exception.NotFoundException: Ticket di assistenza non trovato]
2026-07-13T20:26:30.965+02:00 DEBUG 81128 --- [ProgettoNutrizionista] [nio-8080-exec-5] o.s.web.servlet.DispatcherServlet        : Completed 404 NOT_FOUND
2026-07-13T20:26:30.974+02:00 DEBUG 81128 --- [ProgettoNutrizionista] [nio-8080-exec-8] o.s.web.servlet.DispatcherServlet        : GET "/api/admin/assistenza/tickets?stato=IN_ATTESA&page=0&size=50", parameters={masked}
2026-07-13T20:26:30.975+02:00 DEBUG 81128 --- [ProgettoNutrizionista] [nio-8080-exec-8] s.w.s.m.m.a.RequestMappingHandlerMapping : Mapped to it.nutrizionista.restnutrizionista.controller.AdminAssistenzaController#lista(StatoTicket, int, int)
2026-07-13T20:26:31.070+02:00 DEBUG 81128 --- [ProgettoNutrizionista] [nio-8080-exec-8] org.hibernate.SQL                        : 
    select
        u1_0.id,
        u1_0.codice_fiscale,
        u1_0.cognome,
        u1_0.created_at,
        u1_0.data_nascita,
        u1_0.email,
        u1_0.logo,
        u1_0.indirizzo,
        u1_0.last_login_at,
        u1_0.metodo_registrazione,
        u1_0.nome,
        u1_0.password,
        u1_0.pdf_tema_colore,
        r1_0.id,
        r1_0.alias,
        r1_0.created_at,
        r1_0.nome,
        rp1_0.ruolo_id,
        rp1_0.id,
        rp1_0.created_at,
        rp1_0.permesso_id,
        p1_0.id,
        p1_0.alias,
        p1_0.created_at,
        g1_0.id,
        g1_0.alias,
        g1_0.created_at,
        g1_0.nome,
        g1_0.updated_at,
        p1_0.nome,
        p1_0.updated_at,
        rp1_0.updated_at,
        r1_0.updated_at,
        u1_0.telefono,
        u1_0.updated_at 
    from
        utenti u1_0 
    left join
        ruoli r1_0 
            on r1_0.id=u1_0.ruolo_id 
    left join
        ruoli_permessi rp1_0 
            on r1_0.id=rp1_0.ruolo_id 
    left join
        permessi p1_0 
            on p1_0.id=rp1_0.permesso_id 
    left join
        gruppi g1_0 
            on g1_0.id=p1_0.gruppo_id 
    where
        u1_0.email=?
Hibernate: 
    select
        u1_0.id,
        u1_0.codice_fiscale,
        u1_0.cognome,
        u1_0.created_at,
        u1_0.data_nascita,
        u1_0.email,
        u1_0.logo,
        u1_0.indirizzo,
        u1_0.last_login_at,
        u1_0.metodo_registrazione,
        u1_0.nome,
        u1_0.password,
        u1_0.pdf_tema_colore,
        r1_0.id,
        r1_0.alias,
        r1_0.created_at,
        r1_0.nome,
        rp1_0.ruolo_id,
        rp1_0.id,
        rp1_0.created_at,
        rp1_0.permesso_id,
        p1_0.id,
        p1_0.alias,
        p1_0.created_at,
        g1_0.id,
        g1_0.alias,
        g1_0.created_at,
        g1_0.nome,
        g1_0.updated_at,
        p1_0.nome,
        p1_0.updated_at,
        rp1_0.updated_at,
        r1_0.updated_at,
        u1_0.telefono,
        u1_0.updated_at 
    from
        utenti u1_0 
    left join
        ruoli r1_0 
            on r1_0.id=u1_0.ruolo_id 
    left join
        ruoli_permessi rp1_0 
            on r1_0.id=rp1_0.ruolo_id 
    left join
        permessi p1_0 
            on p1_0.id=rp1_0.permesso_id 
    left join
        gruppi g1_0 
            on g1_0.id=p1_0.gruppo_id 
    where
        u1_0.email=?
2026-07-13T20:26:31.136+02:00 DEBUG 81128 --- [ProgettoNutrizionista] [nio-8080-exec-8] org.hibernate.SQL                        : 
    select
        ta1_0.id,
        ta1_0.accepted_at,
        ta1_0.closed_at,
        ta1_0.created_at,
        ta1_0.descrizione,
        ta1_0.motivo_rifiuto,
        ta1_0.nutrizionista_id,
        ta1_0.oggetto,
        ta1_0.stato,
        ta1_0.updated_at,
        ta1_0.version 
    from
        ticket_assistenza ta1_0 
    where
        ta1_0.stato=? 
    order by
        ta1_0.created_at,
        ta1_0.created_at 
    limit
        ?
Hibernate: 
    select
        ta1_0.id,
        ta1_0.accepted_at,
        ta1_0.closed_at,
        ta1_0.created_at,
        ta1_0.descrizione,
        ta1_0.motivo_rifiuto,
        ta1_0.nutrizionista_id,
        ta1_0.oggetto,
        ta1_0.stato,
        ta1_0.updated_at,
        ta1_0.version 
    from
        ticket_assistenza ta1_0 
    where
        ta1_0.stato=? 
    order by
        ta1_0.created_at,
        ta1_0.created_at 
    limit
        ?
2026-07-13T20:26:31.192+02:00 DEBUG 81128 --- [ProgettoNutrizionista] [nio-8080-exec-8] org.hibernate.SQL                        : 
    select
        count(ma1_0.id) 
    from
        messaggi_assistenza ma1_0 
    join
        ticket_assistenza t1_0 
            on t1_0.id=ma1_0.ticket_id 
    join
        utenti m1_0 
            on m1_0.id=ma1_0.mittente_id 
    where
        t1_0.id=? 
        and not(ma1_0.letto) 
        and m1_0.id<>?
Hibernate: 
    select
        count(ma1_0.id) 
    from
        messaggi_assistenza ma1_0 
    join
        ticket_assistenza t1_0 
            on t1_0.id=ma1_0.ticket_id 
    join
        utenti m1_0 
            on m1_0.id=ma1_0.mittente_id 
    where
        t1_0.id=? 
        and not(ma1_0.letto) 
        and m1_0.id<>?
2026-07-13T20:26:31.248+02:00 DEBUG 81128 --- [ProgettoNutrizionista] [nio-8080-exec-8] org.hibernate.SQL                        : 
    select
        u1_0.id,
        u1_0.codice_fiscale,
        u1_0.cognome,
        u1_0.created_at,
        u1_0.data_nascita,
        u1_0.email,
        u1_0.logo,
        u1_0.indirizzo,
        u1_0.last_login_at,
        u1_0.metodo_registrazione,
        u1_0.nome,
        u1_0.password,
        u1_0.pdf_tema_colore,
        r1_0.id,
        r1_0.alias,
        r1_0.created_at,
        r1_0.nome,
        r1_0.updated_at,
        u1_0.telefono,
        u1_0.updated_at 
    from
        utenti u1_0 
    left join
        ruoli r1_0 
            on r1_0.id=u1_0.ruolo_id 
    where
        u1_0.id=?
Hibernate: 
    select
        u1_0.id,
        u1_0.codice_fiscale,
        u1_0.cognome,
        u1_0.created_at,
        u1_0.data_nascita,
        u1_0.email,
        u1_0.logo,
        u1_0.indirizzo,
        u1_0.last_login_at,
        u1_0.metodo_registrazione,
        u1_0.nome,
        u1_0.password,
        u1_0.pdf_tema_colore,
        r1_0.id,
        r1_0.alias,
        r1_0.created_at,
        r1_0.nome,
        r1_0.updated_at,
        u1_0.telefono,
        u1_0.updated_at 
    from
        utenti u1_0 
    left join
        ruoli r1_0 
            on r1_0.id=u1_0.ruolo_id 
    where
        u1_0.id=?
2026-07-13T20:26:31.444+02:00 DEBUG 81128 --- [ProgettoNutrizionista] [nio-8080-exec-8] m.m.a.RequestResponseBodyMethodProcessor : Using 'application/json', given [*/*] and supported [application/json, application/*+json, application/yaml]
2026-07-13T20:26:31.445+02:00 DEBUG 81128 --- [ProgettoNutrizionista] [nio-8080-exec-8] m.m.a.RequestResponseBodyMethodProcessor : Writing [it.nutrizionista.restnutrizionista.dto.PageResponse@62979509]
2026-07-13T20:26:31.447+02:00 DEBUG 81128 --- [ProgettoNutrizionista] [nio-8080-exec-8] o.s.web.servlet.DispatcherServlet        : Completed 200 OK
2026-07-13T20:26:31.470+02:00 DEBUG 81128 --- [ProgettoNutrizionista] [nio-8080-exec-6] o.s.web.servlet.DispatcherServlet        : POST "/api/admin/assistenza/tickets/30001/accetta", parameters={}
2026-07-13T20:26:31.470+02:00 DEBUG 81128 --- [ProgettoNutrizionista] [nio-8080-exec-6] s.w.s.m.m.a.RequestMappingHandlerMapping : Mapped to it.nutrizionista.restnutrizionista.controller.AdminAssistenzaController#accetta(Long)
2026-07-13T20:26:31.516+02:00 DEBUG 81128 --- [ProgettoNutrizionista] [nio-8080-exec-6] org.hibernate.SQL                        : 
    select
        u1_0.id,
        u1_0.codice_fiscale,
        u1_0.cognome,
        u1_0.created_at,
        u1_0.data_nascita,
        u1_0.email,
        u1_0.logo,
        u1_0.indirizzo,
        u1_0.last_login_at,
        u1_0.metodo_registrazione,
        u1_0.nome,
        u1_0.password,
        u1_0.pdf_tema_colore,
        r1_0.id,
        r1_0.alias,
        r1_0.created_at,
        r1_0.nome,
        rp1_0.ruolo_id,
        rp1_0.id,
        rp1_0.created_at,
        rp1_0.permesso_id,
        p1_0.id,
        p1_0.alias,
        p1_0.created_at,
        g1_0.id,
        g1_0.alias,
        g1_0.created_at,
        g1_0.nome,
        g1_0.updated_at,
        p1_0.nome,
        p1_0.updated_at,
        rp1_0.updated_at,
        r1_0.updated_at,
        u1_0.telefono,
        u1_0.updated_at 
    from
        utenti u1_0 
    left join
        ruoli r1_0 
            on r1_0.id=u1_0.ruolo_id 
    left join
        ruoli_permessi rp1_0 
            on r1_0.id=rp1_0.ruolo_id 
    left join
        permessi p1_0 
            on p1_0.id=rp1_0.permesso_id 
    left join
        gruppi g1_0 
            on g1_0.id=p1_0.gruppo_id 
    where
        u1_0.email=?
Hibernate: 
    select
        u1_0.id,
        u1_0.codice_fiscale,
        u1_0.cognome,
        u1_0.created_at,
        u1_0.data_nascita,
        u1_0.email,
        u1_0.logo,
        u1_0.indirizzo,
        u1_0.last_login_at,
        u1_0.metodo_registrazione,
        u1_0.nome,
        u1_0.password,
        u1_0.pdf_tema_colore,
        r1_0.id,
        r1_0.alias,
        r1_0.created_at,
        r1_0.nome,
        rp1_0.ruolo_id,
        rp1_0.id,
        rp1_0.created_at,
        rp1_0.permesso_id,
        p1_0.id,
        p1_0.alias,
        p1_0.created_at,
        g1_0.id,
        g1_0.alias,
        g1_0.created_at,
        g1_0.nome,
        g1_0.updated_at,
        p1_0.nome,
        p1_0.updated_at,
        rp1_0.updated_at,
        r1_0.updated_at,
        u1_0.telefono,
        u1_0.updated_at 
    from
        utenti u1_0 
    left join
        ruoli r1_0 
            on r1_0.id=u1_0.ruolo_id 
    left join
        ruoli_permessi rp1_0 
            on r1_0.id=rp1_0.ruolo_id 
    left join
        permessi p1_0 
            on p1_0.id=rp1_0.permesso_id 
    left join
        gruppi g1_0 
            on g1_0.id=p1_0.gruppo_id 
    where
        u1_0.email=?
2026-07-13T20:26:31.585+02:00 DEBUG 81128 --- [ProgettoNutrizionista] [nio-8080-exec-6] org.hibernate.SQL                        : 
    select
        ta1_0.id,
        ta1_0.accepted_at,
        ta1_0.closed_at,
        ta1_0.created_at,
        ta1_0.descrizione,
        ta1_0.motivo_rifiuto,
        ta1_0.nutrizionista_id,
        n1_0.id,
        n1_0.codice_fiscale,
        n1_0.cognome,
        n1_0.created_at,
        n1_0.data_nascita,
        n1_0.email,
        n1_0.logo,
        n1_0.indirizzo,
        n1_0.last_login_at,
        n1_0.metodo_registrazione,
        n1_0.nome,
        n1_0.password,
        n1_0.pdf_tema_colore,
        n1_0.ruolo_id,
        n1_0.telefono,
        n1_0.updated_at,
        ta1_0.oggetto,
        ta1_0.stato,
        ta1_0.updated_at,
        ta1_0.version 
    from
        ticket_assistenza ta1_0 
    join
        utenti n1_0 
            on n1_0.id=ta1_0.nutrizionista_id 
    where
        ta1_0.id=?
Hibernate: 
    select
        ta1_0.id,
        ta1_0.accepted_at,
        ta1_0.closed_at,
        ta1_0.created_at,
        ta1_0.descrizione,
        ta1_0.motivo_rifiuto,
        ta1_0.nutrizionista_id,
        n1_0.id,
        n1_0.codice_fiscale,
        n1_0.cognome,
        n1_0.created_at,
        n1_0.data_nascita,
        n1_0.email,
        n1_0.logo,
        n1_0.indirizzo,
        n1_0.last_login_at,
        n1_0.metodo_registrazione,
        n1_0.nome,
        n1_0.password,
        n1_0.pdf_tema_colore,
        n1_0.ruolo_id,
        n1_0.telefono,
        n1_0.updated_at,
        ta1_0.oggetto,
        ta1_0.stato,
        ta1_0.updated_at,
        ta1_0.version 
    from
        ticket_assistenza ta1_0 
    join
        utenti n1_0 
            on n1_0.id=ta1_0.nutrizionista_id 
    where
        ta1_0.id=?
2026-07-13T20:26:31.640+02:00 DEBUG 81128 --- [ProgettoNutrizionista] [nio-8080-exec-6] org.hibernate.SQL                        : 
    select
        r1_0.id,
        r1_0.alias,
        r1_0.created_at,
        r1_0.nome,
        r1_0.updated_at 
    from
        ruoli r1_0 
    where
        r1_0.id=?
Hibernate: 
    select
        r1_0.id,
        r1_0.alias,
        r1_0.created_at,
        r1_0.nome,
        r1_0.updated_at 
    from
        ruoli r1_0 
    where
        r1_0.id=?
2026-07-13T20:26:31.689+02:00 DEBUG 81128 --- [ProgettoNutrizionista] [nio-8080-exec-6] org.hibernate.SQL                        : 
    update
        ticket_assistenza 
    set
        accepted_at=?,
        closed_at=?,
        descrizione=?,
        motivo_rifiuto=?,
        nutrizionista_id=?,
        oggetto=?,
        stato=?,
        updated_at=?,
        version=? 
    where
        id=? 
        and version=?
Hibernate: 
    update
        ticket_assistenza 
    set
        accepted_at=?,
        closed_at=?,
        descrizione=?,
        motivo_rifiuto=?,
        nutrizionista_id=?,
        oggetto=?,
        stato=?,
        updated_at=?,
        version=? 
    where
        id=? 
        and version=?
2026-07-13T20:26:31.738+02:00  INFO 81128 --- [ProgettoNutrizionista] [nio-8080-exec-6] AUDIT.assistenza                         : transizione assistenza utenteId=90001 ticketId=30001 IN_ATTESA->ACCETTATO
2026-07-13T20:26:31.739+02:00 DEBUG 81128 --- [ProgettoNutrizionista] [nio-8080-exec-6] org.hibernate.SQL                        : 
    select
        count(ma1_0.id) 
    from
        messaggi_assistenza ma1_0 
    join
        ticket_assistenza t1_0 
            on t1_0.id=ma1_0.ticket_id 
    join
        utenti m1_0 
            on m1_0.id=ma1_0.mittente_id 
    where
        t1_0.id=? 
        and not(ma1_0.letto) 
        and m1_0.id<>?
Hibernate: 
    select
        count(ma1_0.id) 
    from
        messaggi_assistenza ma1_0 
    join
        ticket_assistenza t1_0 
            on t1_0.id=ma1_0.ticket_id 
    join
        utenti m1_0 
            on m1_0.id=ma1_0.mittente_id 
    where
        t1_0.id=? 
        and not(ma1_0.letto) 
        and m1_0.id<>?
2026-07-13T20:26:31.893+02:00 DEBUG 81128 --- [ProgettoNutrizionista] [nio-8080-exec-6] m.m.a.RequestResponseBodyMethodProcessor : Using 'application/json', given [*/*] and supported [application/json, application/*+json, application/yaml]
2026-07-13T20:26:31.893+02:00 DEBUG 81128 --- [ProgettoNutrizionista] [nio-8080-exec-6] m.m.a.RequestResponseBodyMethodProcessor : Writing [it.nutrizionista.restnutrizionista.dto.TicketAssistenzaDto@209b3ad2]
2026-07-13T20:26:31.894+02:00 DEBUG 81128 --- [ProgettoNutrizionista] [nio-8080-exec-6] o.s.web.servlet.DispatcherServlet        : Completed 200 OK
2026-07-13T20:26:31.910+02:00 DEBUG 81128 --- [ProgettoNutrizionista] [nio-8080-exec-4] o.s.web.servlet.DispatcherServlet        : POST "/api/assistenza/tickets/30001/messaggi", parameters={}
2026-07-13T20:26:31.911+02:00 DEBUG 81128 --- [ProgettoNutrizionista] [nio-8080-exec-4] s.w.s.m.m.a.RequestMappingHandlerMapping : Mapped to it.nutrizionista.restnutrizionista.controller.AssistenzaController#invia(Long, CreaMessaggioAssistenzaRequest)
2026-07-13T20:26:31.911+02:00 DEBUG 81128 --- [ProgettoNutrizionista] [nio-8080-exec-4] m.m.a.RequestResponseBodyMethodProcessor : Read "application/json;charset=UTF-8" to [it.nutrizionista.restnutrizionista.dto.CreaMessaggioAssistenzaRequest@25bae09d]
2026-07-13T20:26:31.956+02:00 DEBUG 81128 --- [ProgettoNutrizionista] [nio-8080-exec-4] org.hibernate.SQL                        : 
    select
        u1_0.id,
        u1_0.codice_fiscale,
        u1_0.cognome,
        u1_0.created_at,
        u1_0.data_nascita,
        u1_0.email,
        u1_0.logo,
        u1_0.indirizzo,
        u1_0.last_login_at,
        u1_0.metodo_registrazione,
        u1_0.nome,
        u1_0.password,
        u1_0.pdf_tema_colore,
        r1_0.id,
        r1_0.alias,
        r1_0.created_at,
        r1_0.nome,
        rp1_0.ruolo_id,
        rp1_0.id,
        rp1_0.created_at,
        rp1_0.permesso_id,
        p1_0.id,
        p1_0.alias,
        p1_0.created_at,
        g1_0.id,
        g1_0.alias,
        g1_0.created_at,
        g1_0.nome,
        g1_0.updated_at,
        p1_0.nome,
        p1_0.updated_at,
        rp1_0.updated_at,
        r1_0.updated_at,
        u1_0.telefono,
        u1_0.updated_at 
    from
        utenti u1_0 
    left join
        ruoli r1_0 
            on r1_0.id=u1_0.ruolo_id 
    left join
        ruoli_permessi rp1_0 
            on r1_0.id=rp1_0.ruolo_id 
    left join
        permessi p1_0 
            on p1_0.id=rp1_0.permesso_id 
    left join
        gruppi g1_0 
            on g1_0.id=p1_0.gruppo_id 
    where
        u1_0.email=?
Hibernate: 
    select
        u1_0.id,
        u1_0.codice_fiscale,
        u1_0.cognome,
        u1_0.created_at,
        u1_0.data_nascita,
        u1_0.email,
        u1_0.logo,
        u1_0.indirizzo,
        u1_0.last_login_at,
        u1_0.metodo_registrazione,
        u1_0.nome,
        u1_0.password,
        u1_0.pdf_tema_colore,
        r1_0.id,
        r1_0.alias,
        r1_0.created_at,
        r1_0.nome,
        rp1_0.ruolo_id,
        rp1_0.id,
        rp1_0.created_at,
        rp1_0.permesso_id,
        p1_0.id,
        p1_0.alias,
        p1_0.created_at,
        g1_0.id,
        g1_0.alias,
        g1_0.created_at,
        g1_0.nome,
        g1_0.updated_at,
        p1_0.nome,
        p1_0.updated_at,
        rp1_0.updated_at,
        r1_0.updated_at,
        u1_0.telefono,
        u1_0.updated_at 
    from
        utenti u1_0 
    left join
        ruoli r1_0 
            on r1_0.id=u1_0.ruolo_id 
    left join
        ruoli_permessi rp1_0 
            on r1_0.id=rp1_0.ruolo_id 
    left join
        permessi p1_0 
            on p1_0.id=rp1_0.permesso_id 
    left join
        gruppi g1_0 
            on g1_0.id=p1_0.gruppo_id 
    where
        u1_0.email=?
2026-07-13T20:26:32.035+02:00 DEBUG 81128 --- [ProgettoNutrizionista] [nio-8080-exec-4] org.hibernate.SQL                        : 
    select
        ta1_0.id,
        ta1_0.accepted_at,
        ta1_0.closed_at,
        ta1_0.created_at,
        ta1_0.descrizione,
        ta1_0.motivo_rifiuto,
        ta1_0.nutrizionista_id,
        n1_0.id,
        n1_0.codice_fiscale,
        n1_0.cognome,
        n1_0.created_at,
        n1_0.data_nascita,
        n1_0.email,
        n1_0.logo,
        n1_0.indirizzo,
        n1_0.last_login_at,
        n1_0.metodo_registrazione,
        n1_0.nome,
        n1_0.password,
        n1_0.pdf_tema_colore,
        n1_0.ruolo_id,
        n1_0.telefono,
        n1_0.updated_at,
        ta1_0.oggetto,
        ta1_0.stato,
        ta1_0.updated_at,
        ta1_0.version 
    from
        ticket_assistenza ta1_0 
    join
        utenti n1_0 
            on n1_0.id=ta1_0.nutrizionista_id 
    where
        ta1_0.id=?
Hibernate: 
    select
        ta1_0.id,
        ta1_0.accepted_at,
        ta1_0.closed_at,
        ta1_0.created_at,
        ta1_0.descrizione,
        ta1_0.motivo_rifiuto,
        ta1_0.nutrizionista_id,
        n1_0.id,
        n1_0.codice_fiscale,
        n1_0.cognome,
        n1_0.created_at,
        n1_0.data_nascita,
        n1_0.email,
        n1_0.logo,
        n1_0.indirizzo,
        n1_0.last_login_at,
        n1_0.metodo_registrazione,
        n1_0.nome,
        n1_0.password,
        n1_0.pdf_tema_colore,
        n1_0.ruolo_id,
        n1_0.telefono,
        n1_0.updated_at,
        ta1_0.oggetto,
        ta1_0.stato,
        ta1_0.updated_at,
        ta1_0.version 
    from
        ticket_assistenza ta1_0 
    join
        utenti n1_0 
            on n1_0.id=ta1_0.nutrizionista_id 
    where
        ta1_0.id=?
2026-07-13T20:26:32.092+02:00 DEBUG 81128 --- [ProgettoNutrizionista] [nio-8080-exec-4] org.hibernate.SQL                        : 
    insert 
    into
        messaggi_assistenza
        (created_at, letto, mittente_id, testo, ticket_id) 
    values
        (?, ?, ?, ?, ?)
Hibernate: 
    insert 
    into
        messaggi_assistenza
        (created_at, letto, mittente_id, testo, ticket_id) 
    values
        (?, ?, ?, ?, ?)
2026-07-13T20:26:32.246+02:00 DEBUG 81128 --- [ProgettoNutrizionista] [nio-8080-exec-4] o.s.w.s.m.m.a.HttpEntityMethodProcessor  : Using 'application/json', given [*/*] and supported [application/json, application/*+json, application/yaml]
2026-07-13T20:26:32.247+02:00 DEBUG 81128 --- [ProgettoNutrizionista] [nio-8080-exec-4] o.s.w.s.m.m.a.HttpEntityMethodProcessor  : Writing [it.nutrizionista.restnutrizionista.dto.MessaggioAssistenzaDto@7dfbfe45]
2026-07-13T20:26:32.248+02:00 DEBUG 81128 --- [ProgettoNutrizionista] [nio-8080-exec-4] o.s.web.servlet.DispatcherServlet        : Completed 201 CREATED
2026-07-13T20:26:32.266+02:00 DEBUG 81128 --- [ProgettoNutrizionista] [nio-8080-exec-1] o.s.web.servlet.DispatcherServlet        : POST "/api/admin/assistenza/tickets/30001/messaggi", parameters={}
2026-07-13T20:26:32.266+02:00 DEBUG 81128 --- [ProgettoNutrizionista] [nio-8080-exec-1] s.w.s.m.m.a.RequestMappingHandlerMapping : Mapped to it.nutrizionista.restnutrizionista.controller.AdminAssistenzaController#invia(Long, CreaMessaggioAssistenzaRequest)
2026-07-13T20:26:32.267+02:00 DEBUG 81128 --- [ProgettoNutrizionista] [nio-8080-exec-1] m.m.a.RequestResponseBodyMethodProcessor : Read "application/json;charset=UTF-8" to [it.nutrizionista.restnutrizionista.dto.CreaMessaggioAssistenzaRequest@30bdbdbb]
2026-07-13T20:26:32.313+02:00 DEBUG 81128 --- [ProgettoNutrizionista] [nio-8080-exec-1] org.hibernate.SQL                        : 
    select
        u1_0.id,
        u1_0.codice_fiscale,
        u1_0.cognome,
        u1_0.created_at,
        u1_0.data_nascita,
        u1_0.email,
        u1_0.logo,
        u1_0.indirizzo,
        u1_0.last_login_at,
        u1_0.metodo_registrazione,
        u1_0.nome,
        u1_0.password,
        u1_0.pdf_tema_colore,
        r1_0.id,
        r1_0.alias,
        r1_0.created_at,
        r1_0.nome,
        rp1_0.ruolo_id,
        rp1_0.id,
        rp1_0.created_at,
        rp1_0.permesso_id,
        p1_0.id,
        p1_0.alias,
        p1_0.created_at,
        g1_0.id,
        g1_0.alias,
        g1_0.created_at,
        g1_0.nome,
        g1_0.updated_at,
        p1_0.nome,
        p1_0.updated_at,
        rp1_0.updated_at,
        r1_0.updated_at,
        u1_0.telefono,
        u1_0.updated_at 
    from
        utenti u1_0 
    left join
        ruoli r1_0 
            on r1_0.id=u1_0.ruolo_id 
    left join
        ruoli_permessi rp1_0 
            on r1_0.id=rp1_0.ruolo_id 
    left join
        permessi p1_0 
            on p1_0.id=rp1_0.permesso_id 
    left join
        gruppi g1_0 
            on g1_0.id=p1_0.gruppo_id 
    where
        u1_0.email=?
Hibernate: 
    select
        u1_0.id,
        u1_0.codice_fiscale,
        u1_0.cognome,
        u1_0.created_at,
        u1_0.data_nascita,
        u1_0.email,
        u1_0.logo,
        u1_0.indirizzo,
        u1_0.last_login_at,
        u1_0.metodo_registrazione,
        u1_0.nome,
        u1_0.password,
        u1_0.pdf_tema_colore,
        r1_0.id,
        r1_0.alias,
        r1_0.created_at,
        r1_0.nome,
        rp1_0.ruolo_id,
        rp1_0.id,
        rp1_0.created_at,
        rp1_0.permesso_id,
        p1_0.id,
        p1_0.alias,
        p1_0.created_at,
        g1_0.id,
        g1_0.alias,
        g1_0.created_at,
        g1_0.nome,
        g1_0.updated_at,
        p1_0.nome,
        p1_0.updated_at,
        rp1_0.updated_at,
        r1_0.updated_at,
        u1_0.telefono,
        u1_0.updated_at 
    from
        utenti u1_0 
    left join
        ruoli r1_0 
            on r1_0.id=u1_0.ruolo_id 
    left join
        ruoli_permessi rp1_0 
            on r1_0.id=rp1_0.ruolo_id 
    left join
        permessi p1_0 
            on p1_0.id=rp1_0.permesso_id 
    left join
        gruppi g1_0 
            on g1_0.id=p1_0.gruppo_id 
    where
        u1_0.email=?
2026-07-13T20:26:32.403+02:00 DEBUG 81128 --- [ProgettoNutrizionista] [nio-8080-exec-1] org.hibernate.SQL                        : 
    select
        ta1_0.id,
        ta1_0.accepted_at,
        ta1_0.closed_at,
        ta1_0.created_at,
        ta1_0.descrizione,
        ta1_0.motivo_rifiuto,
        ta1_0.nutrizionista_id,
        n1_0.id,
        n1_0.codice_fiscale,
        n1_0.cognome,
        n1_0.created_at,
        n1_0.data_nascita,
        n1_0.email,
        n1_0.logo,
        n1_0.indirizzo,
        n1_0.last_login_at,
        n1_0.metodo_registrazione,
        n1_0.nome,
        n1_0.password,
        n1_0.pdf_tema_colore,
        n1_0.ruolo_id,
        n1_0.telefono,
        n1_0.updated_at,
        ta1_0.oggetto,
        ta1_0.stato,
        ta1_0.updated_at,
        ta1_0.version 
    from
        ticket_assistenza ta1_0 
    join
        utenti n1_0 
            on n1_0.id=ta1_0.nutrizionista_id 
    where
        ta1_0.id=?
Hibernate: 
    select
        ta1_0.id,
        ta1_0.accepted_at,
        ta1_0.closed_at,
        ta1_0.created_at,
        ta1_0.descrizione,
        ta1_0.motivo_rifiuto,
        ta1_0.nutrizionista_id,
        n1_0.id,
        n1_0.codice_fiscale,
        n1_0.cognome,
        n1_0.created_at,
        n1_0.data_nascita,
        n1_0.email,
        n1_0.logo,
        n1_0.indirizzo,
        n1_0.last_login_at,
        n1_0.metodo_registrazione,
        n1_0.nome,
        n1_0.password,
        n1_0.pdf_tema_colore,
        n1_0.ruolo_id,
        n1_0.telefono,
        n1_0.updated_at,
        ta1_0.oggetto,
        ta1_0.stato,
        ta1_0.updated_at,
        ta1_0.version 
    from
        ticket_assistenza ta1_0 
    join
        utenti n1_0 
            on n1_0.id=ta1_0.nutrizionista_id 
    where
        ta1_0.id=?
2026-07-13T20:26:32.457+02:00 DEBUG 81128 --- [ProgettoNutrizionista] [nio-8080-exec-1] org.hibernate.SQL                        : 
    select
        r1_0.id,
        r1_0.alias,
        r1_0.created_at,
        r1_0.nome,
        r1_0.updated_at 
    from
        ruoli r1_0 
    where
        r1_0.id=?
Hibernate: 
    select
        r1_0.id,
        r1_0.alias,
        r1_0.created_at,
        r1_0.nome,
        r1_0.updated_at 
    from
        ruoli r1_0 
    where
        r1_0.id=?
2026-07-13T20:26:32.506+02:00 DEBUG 81128 --- [ProgettoNutrizionista] [nio-8080-exec-1] org.hibernate.SQL                        : 
    insert 
    into
        messaggi_assistenza
        (created_at, letto, mittente_id, testo, ticket_id) 
    values
        (?, ?, ?, ?, ?)
Hibernate: 
    insert 
    into
        messaggi_assistenza
        (created_at, letto, mittente_id, testo, ticket_id) 
    values
        (?, ?, ?, ?, ?)
2026-07-13T20:26:32.660+02:00 DEBUG 81128 --- [ProgettoNutrizionista] [nio-8080-exec-1] o.s.w.s.m.m.a.HttpEntityMethodProcessor  : Using 'application/json', given [*/*] and supported [application/json, application/*+json, application/yaml]
2026-07-13T20:26:32.660+02:00 DEBUG 81128 --- [ProgettoNutrizionista] [nio-8080-exec-1] o.s.w.s.m.m.a.HttpEntityMethodProcessor  : Writing [it.nutrizionista.restnutrizionista.dto.MessaggioAssistenzaDto@b09bb13]
2026-07-13T20:26:32.661+02:00 DEBUG 81128 --- [ProgettoNutrizionista] [nio-8080-exec-1] o.s.web.servlet.DispatcherServlet        : Completed 201 CREATED
2026-07-13T20:26:32.674+02:00 DEBUG 81128 --- [ProgettoNutrizionista] [io-8080-exec-10] o.s.web.servlet.DispatcherServlet        : GET "/api/assistenza/tickets/30001/messaggi?afterId=0", parameters={masked}
2026-07-13T20:26:32.674+02:00 DEBUG 81128 --- [ProgettoNutrizionista] [io-8080-exec-10] s.w.s.m.m.a.RequestMappingHandlerMapping : Mapped to it.nutrizionista.restnutrizionista.controller.AssistenzaController#messaggi(Long, Long)
2026-07-13T20:26:32.767+02:00 DEBUG 81128 --- [ProgettoNutrizionista] [io-8080-exec-10] org.hibernate.SQL                        : 
    select
        u1_0.id,
        u1_0.codice_fiscale,
        u1_0.cognome,
        u1_0.created_at,
        u1_0.data_nascita,
        u1_0.email,
        u1_0.logo,
        u1_0.indirizzo,
        u1_0.last_login_at,
        u1_0.metodo_registrazione,
        u1_0.nome,
        u1_0.password,
        u1_0.pdf_tema_colore,
        r1_0.id,
        r1_0.alias,
        r1_0.created_at,
        r1_0.nome,
        rp1_0.ruolo_id,
        rp1_0.id,
        rp1_0.created_at,
        rp1_0.permesso_id,
        p1_0.id,
        p1_0.alias,
        p1_0.created_at,
        g1_0.id,
        g1_0.alias,
        g1_0.created_at,
        g1_0.nome,
        g1_0.updated_at,
        p1_0.nome,
        p1_0.updated_at,
        rp1_0.updated_at,
        r1_0.updated_at,
        u1_0.telefono,
        u1_0.updated_at 
    from
        utenti u1_0 
    left join
        ruoli r1_0 
            on r1_0.id=u1_0.ruolo_id 
    left join
        ruoli_permessi rp1_0 
            on r1_0.id=rp1_0.ruolo_id 
    left join
        permessi p1_0 
            on p1_0.id=rp1_0.permesso_id 
    left join
        gruppi g1_0 
            on g1_0.id=p1_0.gruppo_id 
    where
        u1_0.email=?
Hibernate: 
    select
        u1_0.id,
        u1_0.codice_fiscale,
        u1_0.cognome,
        u1_0.created_at,
        u1_0.data_nascita,
        u1_0.email,
        u1_0.logo,
        u1_0.indirizzo,
        u1_0.last_login_at,
        u1_0.metodo_registrazione,
        u1_0.nome,
        u1_0.password,
        u1_0.pdf_tema_colore,
        r1_0.id,
        r1_0.alias,
        r1_0.created_at,
        r1_0.nome,
        rp1_0.ruolo_id,
        rp1_0.id,
        rp1_0.created_at,
        rp1_0.permesso_id,
        p1_0.id,
        p1_0.alias,
        p1_0.created_at,
        g1_0.id,
        g1_0.alias,
        g1_0.created_at,
        g1_0.nome,
        g1_0.updated_at,
        p1_0.nome,
        p1_0.updated_at,
        rp1_0.updated_at,
        r1_0.updated_at,
        u1_0.telefono,
        u1_0.updated_at 
    from
        utenti u1_0 
    left join
        ruoli r1_0 
            on r1_0.id=u1_0.ruolo_id 
    left join
        ruoli_permessi rp1_0 
            on r1_0.id=rp1_0.ruolo_id 
    left join
        permessi p1_0 
            on p1_0.id=rp1_0.permesso_id 
    left join
        gruppi g1_0 
            on g1_0.id=p1_0.gruppo_id 
    where
        u1_0.email=?
2026-07-13T20:26:32.842+02:00 DEBUG 81128 --- [ProgettoNutrizionista] [io-8080-exec-10] org.hibernate.SQL                        : 
    select
        ta1_0.id,
        ta1_0.accepted_at,
        ta1_0.closed_at,
        ta1_0.created_at,
        ta1_0.descrizione,
        ta1_0.motivo_rifiuto,
        ta1_0.nutrizionista_id,
        n1_0.id,
        n1_0.codice_fiscale,
        n1_0.cognome,
        n1_0.created_at,
        n1_0.data_nascita,
        n1_0.email,
        n1_0.logo,
        n1_0.indirizzo,
        n1_0.last_login_at,
        n1_0.metodo_registrazione,
        n1_0.nome,
        n1_0.password,
        n1_0.pdf_tema_colore,
        n1_0.ruolo_id,
        n1_0.telefono,
        n1_0.updated_at,
        ta1_0.oggetto,
        ta1_0.stato,
        ta1_0.updated_at,
        ta1_0.version 
    from
        ticket_assistenza ta1_0 
    join
        utenti n1_0 
            on n1_0.id=ta1_0.nutrizionista_id 
    where
        ta1_0.id=?
Hibernate: 
    select
        ta1_0.id,
        ta1_0.accepted_at,
        ta1_0.closed_at,
        ta1_0.created_at,
        ta1_0.descrizione,
        ta1_0.motivo_rifiuto,
        ta1_0.nutrizionista_id,
        n1_0.id,
        n1_0.codice_fiscale,
        n1_0.cognome,
        n1_0.created_at,
        n1_0.data_nascita,
        n1_0.email,
        n1_0.logo,
        n1_0.indirizzo,
        n1_0.last_login_at,
        n1_0.metodo_registrazione,
        n1_0.nome,
        n1_0.password,
        n1_0.pdf_tema_colore,
        n1_0.ruolo_id,
        n1_0.telefono,
        n1_0.updated_at,
        ta1_0.oggetto,
        ta1_0.stato,
        ta1_0.updated_at,
        ta1_0.version 
    from
        ticket_assistenza ta1_0 
    join
        utenti n1_0 
            on n1_0.id=ta1_0.nutrizionista_id 
    where
        ta1_0.id=?
2026-07-13T20:26:32.908+02:00 DEBUG 81128 --- [ProgettoNutrizionista] [io-8080-exec-10] org.hibernate.SQL                        : 
    select
        ma1_0.id,
        ma1_0.created_at,
        ma1_0.letto,
        ma1_0.mittente_id,
        m1_0.id,
        m1_0.codice_fiscale,
        m1_0.cognome,
        m1_0.created_at,
        m1_0.data_nascita,
        m1_0.email,
        m1_0.logo,
        m1_0.indirizzo,
        m1_0.last_login_at,
        m1_0.metodo_registrazione,
        m1_0.nome,
        m1_0.password,
        m1_0.pdf_tema_colore,
        m1_0.ruolo_id,
        m1_0.telefono,
        m1_0.updated_at,
        ma1_0.testo,
        ma1_0.ticket_id 
    from
        messaggi_assistenza ma1_0 
    join
        utenti m1_0 
            on m1_0.id=ma1_0.mittente_id 
    where
        ma1_0.ticket_id=? 
        and ma1_0.id>? 
    order by
        ma1_0.id 
    limit
        ?
Hibernate: 
    select
        ma1_0.id,
        ma1_0.created_at,
        ma1_0.letto,
        ma1_0.mittente_id,
        m1_0.id,
        m1_0.codice_fiscale,
        m1_0.cognome,
        m1_0.created_at,
        m1_0.data_nascita,
        m1_0.email,
        m1_0.logo,
        m1_0.indirizzo,
        m1_0.last_login_at,
        m1_0.metodo_registrazione,
        m1_0.nome,
        m1_0.password,
        m1_0.pdf_tema_colore,
        m1_0.ruolo_id,
        m1_0.telefono,
        m1_0.updated_at,
        ma1_0.testo,
        ma1_0.ticket_id 
    from
        messaggi_assistenza ma1_0 
    join
        utenti m1_0 
            on m1_0.id=ma1_0.mittente_id 
    where
        ma1_0.ticket_id=? 
        and ma1_0.id>? 
    order by
        ma1_0.id 
    limit
        ?
2026-07-13T20:26:32.964+02:00 DEBUG 81128 --- [ProgettoNutrizionista] [io-8080-exec-10] org.hibernate.SQL                        : 
    select
        r1_0.id,
        r1_0.alias,
        r1_0.created_at,
        r1_0.nome,
        r1_0.updated_at 
    from
        ruoli r1_0 
    where
        r1_0.id=?
Hibernate: 
    select
        r1_0.id,
        r1_0.alias,
        r1_0.created_at,
        r1_0.nome,
        r1_0.updated_at 
    from
        ruoli r1_0 
    where
        r1_0.id=?
2026-07-13T20:26:33.156+02:00 DEBUG 81128 --- [ProgettoNutrizionista] [io-8080-exec-10] m.m.a.RequestResponseBodyMethodProcessor : Using 'application/json', given [*/*] and supported [application/json, application/*+json, application/yaml]
2026-07-13T20:26:33.156+02:00 DEBUG 81128 --- [ProgettoNutrizionista] [io-8080-exec-10] m.m.a.RequestResponseBodyMethodProcessor : Writing [it.nutrizionista.restnutrizionista.dto.PollingMessaggiAssistenzaDto@50ac6962]
2026-07-13T20:26:33.158+02:00 DEBUG 81128 --- [ProgettoNutrizionista] [io-8080-exec-10] o.s.web.servlet.DispatcherServlet        : Completed 200 OK
2026-07-13T20:26:33.172+02:00 DEBUG 81128 --- [ProgettoNutrizionista] [nio-8080-exec-2] o.s.web.servlet.DispatcherServlet        : GET "/api/admin/assistenza/tickets/30001/messaggi?afterId=0", parameters={masked}
2026-07-13T20:26:33.172+02:00 DEBUG 81128 --- [ProgettoNutrizionista] [nio-8080-exec-2] s.w.s.m.m.a.RequestMappingHandlerMapping : Mapped to it.nutrizionista.restnutrizionista.controller.AdminAssistenzaController#messaggi(Long, Long)
2026-07-13T20:26:33.267+02:00 DEBUG 81128 --- [ProgettoNutrizionista] [nio-8080-exec-2] org.hibernate.SQL                        : 
    select
        u1_0.id,
        u1_0.codice_fiscale,
        u1_0.cognome,
        u1_0.created_at,
        u1_0.data_nascita,
        u1_0.email,
        u1_0.logo,
        u1_0.indirizzo,
        u1_0.last_login_at,
        u1_0.metodo_registrazione,
        u1_0.nome,
        u1_0.password,
        u1_0.pdf_tema_colore,
        r1_0.id,
        r1_0.alias,
        r1_0.created_at,
        r1_0.nome,
        rp1_0.ruolo_id,
        rp1_0.id,
        rp1_0.created_at,
        rp1_0.permesso_id,
        p1_0.id,
        p1_0.alias,
        p1_0.created_at,
        g1_0.id,
        g1_0.alias,
        g1_0.created_at,
        g1_0.nome,
        g1_0.updated_at,
        p1_0.nome,
        p1_0.updated_at,
        rp1_0.updated_at,
        r1_0.updated_at,
        u1_0.telefono,
        u1_0.updated_at 
    from
        utenti u1_0 
    left join
        ruoli r1_0 
            on r1_0.id=u1_0.ruolo_id 
    left join
        ruoli_permessi rp1_0 
            on r1_0.id=rp1_0.ruolo_id 
    left join
        permessi p1_0 
            on p1_0.id=rp1_0.permesso_id 
    left join
        gruppi g1_0 
            on g1_0.id=p1_0.gruppo_id 
    where
        u1_0.email=?
Hibernate: 
    select
        u1_0.id,
        u1_0.codice_fiscale,
        u1_0.cognome,
        u1_0.created_at,
        u1_0.data_nascita,
        u1_0.email,
        u1_0.logo,
        u1_0.indirizzo,
        u1_0.last_login_at,
        u1_0.metodo_registrazione,
        u1_0.nome,
        u1_0.password,
        u1_0.pdf_tema_colore,
        r1_0.id,
        r1_0.alias,
        r1_0.created_at,
        r1_0.nome,
        rp1_0.ruolo_id,
        rp1_0.id,
        rp1_0.created_at,
        rp1_0.permesso_id,
        p1_0.id,
        p1_0.alias,
        p1_0.created_at,
        g1_0.id,
        g1_0.alias,
        g1_0.created_at,
        g1_0.nome,
        g1_0.updated_at,
        p1_0.nome,
        p1_0.updated_at,
        rp1_0.updated_at,
        r1_0.updated_at,
        u1_0.telefono,
        u1_0.updated_at 
    from
        utenti u1_0 
    left join
        ruoli r1_0 
            on r1_0.id=u1_0.ruolo_id 
    left join
        ruoli_permessi rp1_0 
            on r1_0.id=rp1_0.ruolo_id 
    left join
        permessi p1_0 
            on p1_0.id=rp1_0.permesso_id 
    left join
        gruppi g1_0 
            on g1_0.id=p1_0.gruppo_id 
    where
        u1_0.email=?
2026-07-13T20:26:33.349+02:00 DEBUG 81128 --- [ProgettoNutrizionista] [nio-8080-exec-2] org.hibernate.SQL                        : 
    select
        ta1_0.id,
        ta1_0.accepted_at,
        ta1_0.closed_at,
        ta1_0.created_at,
        ta1_0.descrizione,
        ta1_0.motivo_rifiuto,
        ta1_0.nutrizionista_id,
        n1_0.id,
        n1_0.codice_fiscale,
        n1_0.cognome,
        n1_0.created_at,
        n1_0.data_nascita,
        n1_0.email,
        n1_0.logo,
        n1_0.indirizzo,
        n1_0.last_login_at,
        n1_0.metodo_registrazione,
        n1_0.nome,
        n1_0.password,
        n1_0.pdf_tema_colore,
        n1_0.ruolo_id,
        n1_0.telefono,
        n1_0.updated_at,
        ta1_0.oggetto,
        ta1_0.stato,
        ta1_0.updated_at,
        ta1_0.version 
    from
        ticket_assistenza ta1_0 
    join
        utenti n1_0 
            on n1_0.id=ta1_0.nutrizionista_id 
    where
        ta1_0.id=?
Hibernate: 
    select
        ta1_0.id,
        ta1_0.accepted_at,
        ta1_0.closed_at,
        ta1_0.created_at,
        ta1_0.descrizione,
        ta1_0.motivo_rifiuto,
        ta1_0.nutrizionista_id,
        n1_0.id,
        n1_0.codice_fiscale,
        n1_0.cognome,
        n1_0.created_at,
        n1_0.data_nascita,
        n1_0.email,
        n1_0.logo,
        n1_0.indirizzo,
        n1_0.last_login_at,
        n1_0.metodo_registrazione,
        n1_0.nome,
        n1_0.password,
        n1_0.pdf_tema_colore,
        n1_0.ruolo_id,
        n1_0.telefono,
        n1_0.updated_at,
        ta1_0.oggetto,
        ta1_0.stato,
        ta1_0.updated_at,
        ta1_0.version 
    from
        ticket_assistenza ta1_0 
    join
        utenti n1_0 
            on n1_0.id=ta1_0.nutrizionista_id 
    where
        ta1_0.id=?
2026-07-13T20:26:33.402+02:00 DEBUG 81128 --- [ProgettoNutrizionista] [nio-8080-exec-2] org.hibernate.SQL                        : 
    select
        r1_0.id,
        r1_0.alias,
        r1_0.created_at,
        r1_0.nome,
        r1_0.updated_at 
    from
        ruoli r1_0 
    where
        r1_0.id=?
Hibernate: 
    select
        r1_0.id,
        r1_0.alias,
        r1_0.created_at,
        r1_0.nome,
        r1_0.updated_at 
    from
        ruoli r1_0 
    where
        r1_0.id=?
2026-07-13T20:26:33.449+02:00 DEBUG 81128 --- [ProgettoNutrizionista] [nio-8080-exec-2] org.hibernate.SQL                        : 
    select
        ma1_0.id,
        ma1_0.created_at,
        ma1_0.letto,
        ma1_0.mittente_id,
        m1_0.id,
        m1_0.codice_fiscale,
        m1_0.cognome,
        m1_0.created_at,
        m1_0.data_nascita,
        m1_0.email,
        m1_0.logo,
        m1_0.indirizzo,
        m1_0.last_login_at,
        m1_0.metodo_registrazione,
        m1_0.nome,
        m1_0.password,
        m1_0.pdf_tema_colore,
        m1_0.ruolo_id,
        m1_0.telefono,
        m1_0.updated_at,
        ma1_0.testo,
        ma1_0.ticket_id 
    from
        messaggi_assistenza ma1_0 
    join
        utenti m1_0 
            on m1_0.id=ma1_0.mittente_id 
    where
        ma1_0.ticket_id=? 
        and ma1_0.id>? 
    order by
        ma1_0.id 
    limit
        ?
Hibernate: 
    select
        ma1_0.id,
        ma1_0.created_at,
        ma1_0.letto,
        ma1_0.mittente_id,
        m1_0.id,
        m1_0.codice_fiscale,
        m1_0.cognome,
        m1_0.created_at,
        m1_0.data_nascita,
        m1_0.email,
        m1_0.logo,
        m1_0.indirizzo,
        m1_0.last_login_at,
        m1_0.metodo_registrazione,
        m1_0.nome,
        m1_0.password,
        m1_0.pdf_tema_colore,
        m1_0.ruolo_id,
        m1_0.telefono,
        m1_0.updated_at,
        ma1_0.testo,
        ma1_0.ticket_id 
    from
        messaggi_assistenza ma1_0 
    join
        utenti m1_0 
            on m1_0.id=ma1_0.mittente_id 
    where
        ma1_0.ticket_id=? 
        and ma1_0.id>? 
    order by
        ma1_0.id 
    limit
        ?
2026-07-13T20:26:33.650+02:00 DEBUG 81128 --- [ProgettoNutrizionista] [nio-8080-exec-2] m.m.a.RequestResponseBodyMethodProcessor : Using 'application/json', given [*/*] and supported [application/json, application/*+json, application/yaml]
2026-07-13T20:26:33.651+02:00 DEBUG 81128 --- [ProgettoNutrizionista] [nio-8080-exec-2] m.m.a.RequestResponseBodyMethodProcessor : Writing [it.nutrizionista.restnutrizionista.dto.PollingMessaggiAssistenzaDto@7edf1a21]
2026-07-13T20:26:33.652+02:00 DEBUG 81128 --- [ProgettoNutrizionista] [nio-8080-exec-2] o.s.web.servlet.DispatcherServlet        : Completed 200 OK
2026-07-13T20:26:33.676+02:00 DEBUG 81128 --- [ProgettoNutrizionista] [nio-8080-exec-3] o.s.web.servlet.DispatcherServlet        : POST "/api/assistenza/tickets/30001/messaggi", parameters={}
2026-07-13T20:26:33.677+02:00 DEBUG 81128 --- [ProgettoNutrizionista] [nio-8080-exec-3] s.w.s.m.m.a.RequestMappingHandlerMapping : Mapped to it.nutrizionista.restnutrizionista.controller.AssistenzaController#invia(Long, CreaMessaggioAssistenzaRequest)
2026-07-13T20:26:33.677+02:00 DEBUG 81128 --- [ProgettoNutrizionista] [nio-8080-exec-3] m.m.a.RequestResponseBodyMethodProcessor : Read "application/json;charset=UTF-8" to [it.nutrizionista.restnutrizionista.dto.CreaMessaggioAssistenzaRequest@e7cf0ea]
2026-07-13T20:26:33.725+02:00 DEBUG 81128 --- [ProgettoNutrizionista] [nio-8080-exec-3] org.hibernate.SQL                        : 
    select
        u1_0.id,
        u1_0.codice_fiscale,
        u1_0.cognome,
        u1_0.created_at,
        u1_0.data_nascita,
        u1_0.email,
        u1_0.logo,
        u1_0.indirizzo,
        u1_0.last_login_at,
        u1_0.metodo_registrazione,
        u1_0.nome,
        u1_0.password,
        u1_0.pdf_tema_colore,
        r1_0.id,
        r1_0.alias,
        r1_0.created_at,
        r1_0.nome,
        rp1_0.ruolo_id,
        rp1_0.id,
        rp1_0.created_at,
        rp1_0.permesso_id,
        p1_0.id,
        p1_0.alias,
        p1_0.created_at,
        g1_0.id,
        g1_0.alias,
        g1_0.created_at,
        g1_0.nome,
        g1_0.updated_at,
        p1_0.nome,
        p1_0.updated_at,
        rp1_0.updated_at,
        r1_0.updated_at,
        u1_0.telefono,
        u1_0.updated_at 
    from
        utenti u1_0 
    left join
        ruoli r1_0 
            on r1_0.id=u1_0.ruolo_id 
    left join
        ruoli_permessi rp1_0 
            on r1_0.id=rp1_0.ruolo_id 
    left join
        permessi p1_0 
            on p1_0.id=rp1_0.permesso_id 
    left join
        gruppi g1_0 
            on g1_0.id=p1_0.gruppo_id 
    where
        u1_0.email=?
Hibernate: 
    select
        u1_0.id,
        u1_0.codice_fiscale,
        u1_0.cognome,
        u1_0.created_at,
        u1_0.data_nascita,
        u1_0.email,
        u1_0.logo,
        u1_0.indirizzo,
        u1_0.last_login_at,
        u1_0.metodo_registrazione,
        u1_0.nome,
        u1_0.password,
        u1_0.pdf_tema_colore,
        r1_0.id,
        r1_0.alias,
        r1_0.created_at,
        r1_0.nome,
        rp1_0.ruolo_id,
        rp1_0.id,
        rp1_0.created_at,
        rp1_0.permesso_id,
        p1_0.id,
        p1_0.alias,
        p1_0.created_at,
        g1_0.id,
        g1_0.alias,
        g1_0.created_at,
        g1_0.nome,
        g1_0.updated_at,
        p1_0.nome,
        p1_0.updated_at,
        rp1_0.updated_at,
        r1_0.updated_at,
        u1_0.telefono,
        u1_0.updated_at 
    from
        utenti u1_0 
    left join
        ruoli r1_0 
            on r1_0.id=u1_0.ruolo_id 
    left join
        ruoli_permessi rp1_0 
            on r1_0.id=rp1_0.ruolo_id 
    left join
        permessi p1_0 
            on p1_0.id=rp1_0.permesso_id 
    left join
        gruppi g1_0 
            on g1_0.id=p1_0.gruppo_id 
    where
        u1_0.email=?
2026-07-13T20:26:33.795+02:00 DEBUG 81128 --- [ProgettoNutrizionista] [nio-8080-exec-3] org.hibernate.SQL                        : 
    select
        ta1_0.id,
        ta1_0.accepted_at,
        ta1_0.closed_at,
        ta1_0.created_at,
        ta1_0.descrizione,
        ta1_0.motivo_rifiuto,
        ta1_0.nutrizionista_id,
        n1_0.id,
        n1_0.codice_fiscale,
        n1_0.cognome,
        n1_0.created_at,
        n1_0.data_nascita,
        n1_0.email,
        n1_0.logo,
        n1_0.indirizzo,
        n1_0.last_login_at,
        n1_0.metodo_registrazione,
        n1_0.nome,
        n1_0.password,
        n1_0.pdf_tema_colore,
        n1_0.ruolo_id,
        n1_0.telefono,
        n1_0.updated_at,
        ta1_0.oggetto,
        ta1_0.stato,
        ta1_0.updated_at,
        ta1_0.version 
    from
        ticket_assistenza ta1_0 
    join
        utenti n1_0 
            on n1_0.id=ta1_0.nutrizionista_id 
    where
        ta1_0.id=?
Hibernate: 
    select
        ta1_0.id,
        ta1_0.accepted_at,
        ta1_0.closed_at,
        ta1_0.created_at,
        ta1_0.descrizione,
        ta1_0.motivo_rifiuto,
        ta1_0.nutrizionista_id,
        n1_0.id,
        n1_0.codice_fiscale,
        n1_0.cognome,
        n1_0.created_at,
        n1_0.data_nascita,
        n1_0.email,
        n1_0.logo,
        n1_0.indirizzo,
        n1_0.last_login_at,
        n1_0.metodo_registrazione,
        n1_0.nome,
        n1_0.password,
        n1_0.pdf_tema_colore,
        n1_0.ruolo_id,
        n1_0.telefono,
        n1_0.updated_at,
        ta1_0.oggetto,
        ta1_0.stato,
        ta1_0.updated_at,
        ta1_0.version 
    from
        ticket_assistenza ta1_0 
    join
        utenti n1_0 
            on n1_0.id=ta1_0.nutrizionista_id 
    where
        ta1_0.id=?
2026-07-13T20:26:33.867+02:00 DEBUG 81128 --- [ProgettoNutrizionista] [nio-8080-exec-3] org.hibernate.SQL                        : 
    insert 
    into
        messaggi_assistenza
        (created_at, letto, mittente_id, testo, ticket_id) 
    values
        (?, ?, ?, ?, ?)
Hibernate: 
    insert 
    into
        messaggi_assistenza
        (created_at, letto, mittente_id, testo, ticket_id) 
    values
        (?, ?, ?, ?, ?)
2026-07-13T20:26:34.016+02:00 DEBUG 81128 --- [ProgettoNutrizionista] [nio-8080-exec-3] o.s.w.s.m.m.a.HttpEntityMethodProcessor  : Using 'application/json', given [*/*] and supported [application/json, application/*+json, application/yaml]
2026-07-13T20:26:34.017+02:00 DEBUG 81128 --- [ProgettoNutrizionista] [nio-8080-exec-3] o.s.w.s.m.m.a.HttpEntityMethodProcessor  : Writing [it.nutrizionista.restnutrizionista.dto.MessaggioAssistenzaDto@22e7f358]
2026-07-13T20:26:34.018+02:00 DEBUG 81128 --- [ProgettoNutrizionista] [nio-8080-exec-3] o.s.web.servlet.DispatcherServlet        : Completed 201 CREATED
2026-07-13T20:26:34.032+02:00 DEBUG 81128 --- [ProgettoNutrizionista] [nio-8080-exec-7] o.s.web.servlet.DispatcherServlet        : POST "/api/assistenza/tickets/30001/messaggi", parameters={}
2026-07-13T20:26:34.033+02:00 DEBUG 81128 --- [ProgettoNutrizionista] [nio-8080-exec-7] s.w.s.m.m.a.RequestMappingHandlerMapping : Mapped to it.nutrizionista.restnutrizionista.controller.AssistenzaController#invia(Long, CreaMessaggioAssistenzaRequest)
2026-07-13T20:26:34.033+02:00 DEBUG 81128 --- [ProgettoNutrizionista] [nio-8080-exec-7] m.m.a.RequestResponseBodyMethodProcessor : Read "application/json;charset=UTF-8" to [it.nutrizionista.restnutrizionista.dto.CreaMessaggioAssistenzaRequest@580e5c9a]
2026-07-13T20:26:34.081+02:00 DEBUG 81128 --- [ProgettoNutrizionista] [nio-8080-exec-7] org.hibernate.SQL                        : 
    select
        u1_0.id,
        u1_0.codice_fiscale,
        u1_0.cognome,
        u1_0.created_at,
        u1_0.data_nascita,
        u1_0.email,
        u1_0.logo,
        u1_0.indirizzo,
        u1_0.last_login_at,
        u1_0.metodo_registrazione,
        u1_0.nome,
        u1_0.password,
        u1_0.pdf_tema_colore,
        r1_0.id,
        r1_0.alias,
        r1_0.created_at,
        r1_0.nome,
        rp1_0.ruolo_id,
        rp1_0.id,
        rp1_0.created_at,
        rp1_0.permesso_id,
        p1_0.id,
        p1_0.alias,
        p1_0.created_at,
        g1_0.id,
        g1_0.alias,
        g1_0.created_at,
        g1_0.nome,
        g1_0.updated_at,
        p1_0.nome,
        p1_0.updated_at,
        rp1_0.updated_at,
        r1_0.updated_at,
        u1_0.telefono,
        u1_0.updated_at 
    from
        utenti u1_0 
    left join
        ruoli r1_0 
            on r1_0.id=u1_0.ruolo_id 
    left join
        ruoli_permessi rp1_0 
            on r1_0.id=rp1_0.ruolo_id 
    left join
        permessi p1_0 
            on p1_0.id=rp1_0.permesso_id 
    left join
        gruppi g1_0 
            on g1_0.id=p1_0.gruppo_id 
    where
        u1_0.email=?
Hibernate: 
    select
        u1_0.id,
        u1_0.codice_fiscale,
        u1_0.cognome,
        u1_0.created_at,
        u1_0.data_nascita,
        u1_0.email,
        u1_0.logo,
        u1_0.indirizzo,
        u1_0.last_login_at,
        u1_0.metodo_registrazione,
        u1_0.nome,
        u1_0.password,
        u1_0.pdf_tema_colore,
        r1_0.id,
        r1_0.alias,
        r1_0.created_at,
        r1_0.nome,
        rp1_0.ruolo_id,
        rp1_0.id,
        rp1_0.created_at,
        rp1_0.permesso_id,
        p1_0.id,
        p1_0.alias,
        p1_0.created_at,
        g1_0.id,
        g1_0.alias,
        g1_0.created_at,
        g1_0.nome,
        g1_0.updated_at,
        p1_0.nome,
        p1_0.updated_at,
        rp1_0.updated_at,
        r1_0.updated_at,
        u1_0.telefono,
        u1_0.updated_at 
    from
        utenti u1_0 
    left join
        ruoli r1_0 
            on r1_0.id=u1_0.ruolo_id 
    left join
        ruoli_permessi rp1_0 
            on r1_0.id=rp1_0.ruolo_id 
    left join
        permessi p1_0 
            on p1_0.id=rp1_0.permesso_id 
    left join
        gruppi g1_0 
            on g1_0.id=p1_0.gruppo_id 
    where
        u1_0.email=?
2026-07-13T20:26:34.154+02:00 DEBUG 81128 --- [ProgettoNutrizionista] [nio-8080-exec-7] org.hibernate.SQL                        : 
    select
        ta1_0.id,
        ta1_0.accepted_at,
        ta1_0.closed_at,
        ta1_0.created_at,
        ta1_0.descrizione,
        ta1_0.motivo_rifiuto,
        ta1_0.nutrizionista_id,
        n1_0.id,
        n1_0.codice_fiscale,
        n1_0.cognome,
        n1_0.created_at,
        n1_0.data_nascita,
        n1_0.email,
        n1_0.logo,
        n1_0.indirizzo,
        n1_0.last_login_at,
        n1_0.metodo_registrazione,
        n1_0.nome,
        n1_0.password,
        n1_0.pdf_tema_colore,
        n1_0.ruolo_id,
        n1_0.telefono,
        n1_0.updated_at,
        ta1_0.oggetto,
        ta1_0.stato,
        ta1_0.updated_at,
        ta1_0.version 
    from
        ticket_assistenza ta1_0 
    join
        utenti n1_0 
            on n1_0.id=ta1_0.nutrizionista_id 
    where
        ta1_0.id=?
Hibernate: 
    select
        ta1_0.id,
        ta1_0.accepted_at,
        ta1_0.closed_at,
        ta1_0.created_at,
        ta1_0.descrizione,
        ta1_0.motivo_rifiuto,
        ta1_0.nutrizionista_id,
        n1_0.id,
        n1_0.codice_fiscale,
        n1_0.cognome,
        n1_0.created_at,
        n1_0.data_nascita,
        n1_0.email,
        n1_0.logo,
        n1_0.indirizzo,
        n1_0.last_login_at,
        n1_0.metodo_registrazione,
        n1_0.nome,
        n1_0.password,
        n1_0.pdf_tema_colore,
        n1_0.ruolo_id,
        n1_0.telefono,
        n1_0.updated_at,
        ta1_0.oggetto,
        ta1_0.stato,
        ta1_0.updated_at,
        ta1_0.version 
    from
        ticket_assistenza ta1_0 
    join
        utenti n1_0 
            on n1_0.id=ta1_0.nutrizionista_id 
    where
        ta1_0.id=?
2026-07-13T20:26:34.211+02:00 DEBUG 81128 --- [ProgettoNutrizionista] [nio-8080-exec-7] org.hibernate.SQL                        : 
    insert 
    into
        messaggi_assistenza
        (created_at, letto, mittente_id, testo, ticket_id) 
    values
        (?, ?, ?, ?, ?)
Hibernate: 
    insert 
    into
        messaggi_assistenza
        (created_at, letto, mittente_id, testo, ticket_id) 
    values
        (?, ?, ?, ?, ?)
2026-07-13T20:26:34.359+02:00 DEBUG 81128 --- [ProgettoNutrizionista] [nio-8080-exec-7] o.s.w.s.m.m.a.HttpEntityMethodProcessor  : Using 'application/json', given [*/*] and supported [application/json, application/*+json, application/yaml]
2026-07-13T20:26:34.360+02:00 DEBUG 81128 --- [ProgettoNutrizionista] [nio-8080-exec-7] o.s.w.s.m.m.a.HttpEntityMethodProcessor  : Writing [it.nutrizionista.restnutrizionista.dto.MessaggioAssistenzaDto@256d727b]
2026-07-13T20:26:34.361+02:00 DEBUG 81128 --- [ProgettoNutrizionista] [nio-8080-exec-7] o.s.web.servlet.DispatcherServlet        : Completed 201 CREATED
2026-07-13T20:26:34.381+02:00 DEBUG 81128 --- [ProgettoNutrizionista] [nio-8080-exec-9] o.s.web.servlet.DispatcherServlet        : POST "/api/assistenza/tickets/30001/messaggi", parameters={}
2026-07-13T20:26:34.382+02:00 DEBUG 81128 --- [ProgettoNutrizionista] [nio-8080-exec-9] s.w.s.m.m.a.RequestMappingHandlerMapping : Mapped to it.nutrizionista.restnutrizionista.controller.AssistenzaController#invia(Long, CreaMessaggioAssistenzaRequest)
2026-07-13T20:26:34.382+02:00 DEBUG 81128 --- [ProgettoNutrizionista] [nio-8080-exec-9] m.m.a.RequestResponseBodyMethodProcessor : Read "application/json;charset=UTF-8" to [it.nutrizionista.restnutrizionista.dto.CreaMessaggioAssistenzaRequest@322026df]
2026-07-13T20:26:34.430+02:00 DEBUG 81128 --- [ProgettoNutrizionista] [nio-8080-exec-9] org.hibernate.SQL                        : 
    select
        u1_0.id,
        u1_0.codice_fiscale,
        u1_0.cognome,
        u1_0.created_at,
        u1_0.data_nascita,
        u1_0.email,
        u1_0.logo,
        u1_0.indirizzo,
        u1_0.last_login_at,
        u1_0.metodo_registrazione,
        u1_0.nome,
        u1_0.password,
        u1_0.pdf_tema_colore,
        r1_0.id,
        r1_0.alias,
        r1_0.created_at,
        r1_0.nome,
        rp1_0.ruolo_id,
        rp1_0.id,
        rp1_0.created_at,
        rp1_0.permesso_id,
        p1_0.id,
        p1_0.alias,
        p1_0.created_at,
        g1_0.id,
        g1_0.alias,
        g1_0.created_at,
        g1_0.nome,
        g1_0.updated_at,
        p1_0.nome,
        p1_0.updated_at,
        rp1_0.updated_at,
        r1_0.updated_at,
        u1_0.telefono,
        u1_0.updated_at 
    from
        utenti u1_0 
    left join
        ruoli r1_0 
            on r1_0.id=u1_0.ruolo_id 
    left join
        ruoli_permessi rp1_0 
            on r1_0.id=rp1_0.ruolo_id 
    left join
        permessi p1_0 
            on p1_0.id=rp1_0.permesso_id 
    left join
        gruppi g1_0 
            on g1_0.id=p1_0.gruppo_id 
    where
        u1_0.email=?
Hibernate: 
    select
        u1_0.id,
        u1_0.codice_fiscale,
        u1_0.cognome,
        u1_0.created_at,
        u1_0.data_nascita,
        u1_0.email,
        u1_0.logo,
        u1_0.indirizzo,
        u1_0.last_login_at,
        u1_0.metodo_registrazione,
        u1_0.nome,
        u1_0.password,
        u1_0.pdf_tema_colore,
        r1_0.id,
        r1_0.alias,
        r1_0.created_at,
        r1_0.nome,
        rp1_0.ruolo_id,
        rp1_0.id,
        rp1_0.created_at,
        rp1_0.permesso_id,
        p1_0.id,
        p1_0.alias,
        p1_0.created_at,
        g1_0.id,
        g1_0.alias,
        g1_0.created_at,
        g1_0.nome,
        g1_0.updated_at,
        p1_0.nome,
        p1_0.updated_at,
        rp1_0.updated_at,
        r1_0.updated_at,
        u1_0.telefono,
        u1_0.updated_at 
    from
        utenti u1_0 
    left join
        ruoli r1_0 
            on r1_0.id=u1_0.ruolo_id 
    left join
        ruoli_permessi rp1_0 
            on r1_0.id=rp1_0.ruolo_id 
    left join
        permessi p1_0 
            on p1_0.id=rp1_0.permesso_id 
    left join
        gruppi g1_0 
            on g1_0.id=p1_0.gruppo_id 
    where
        u1_0.email=?
2026-07-13T20:26:34.513+02:00 DEBUG 81128 --- [ProgettoNutrizionista] [nio-8080-exec-9] org.hibernate.SQL                        : 
    select
        ta1_0.id,
        ta1_0.accepted_at,
        ta1_0.closed_at,
        ta1_0.created_at,
        ta1_0.descrizione,
        ta1_0.motivo_rifiuto,
        ta1_0.nutrizionista_id,
        n1_0.id,
        n1_0.codice_fiscale,
        n1_0.cognome,
        n1_0.created_at,
        n1_0.data_nascita,
        n1_0.email,
        n1_0.logo,
        n1_0.indirizzo,
        n1_0.last_login_at,
        n1_0.metodo_registrazione,
        n1_0.nome,
        n1_0.password,
        n1_0.pdf_tema_colore,
        n1_0.ruolo_id,
        n1_0.telefono,
        n1_0.updated_at,
        ta1_0.oggetto,
        ta1_0.stato,
        ta1_0.updated_at,
        ta1_0.version 
    from
        ticket_assistenza ta1_0 
    join
        utenti n1_0 
            on n1_0.id=ta1_0.nutrizionista_id 
    where
        ta1_0.id=?
Hibernate: 
    select
        ta1_0.id,
        ta1_0.accepted_at,
        ta1_0.closed_at,
        ta1_0.created_at,
        ta1_0.descrizione,
        ta1_0.motivo_rifiuto,
        ta1_0.nutrizionista_id,
        n1_0.id,
        n1_0.codice_fiscale,
        n1_0.cognome,
        n1_0.created_at,
        n1_0.data_nascita,
        n1_0.email,
        n1_0.logo,
        n1_0.indirizzo,
        n1_0.last_login_at,
        n1_0.metodo_registrazione,
        n1_0.nome,
        n1_0.password,
        n1_0.pdf_tema_colore,
        n1_0.ruolo_id,
        n1_0.telefono,
        n1_0.updated_at,
        ta1_0.oggetto,
        ta1_0.stato,
        ta1_0.updated_at,
        ta1_0.version 
    from
        ticket_assistenza ta1_0 
    join
        utenti n1_0 
            on n1_0.id=ta1_0.nutrizionista_id 
    where
        ta1_0.id=?
2026-07-13T20:26:34.576+02:00 DEBUG 81128 --- [ProgettoNutrizionista] [nio-8080-exec-9] org.hibernate.SQL                        : 
    insert 
    into
        messaggi_assistenza
        (created_at, letto, mittente_id, testo, ticket_id) 
    values
        (?, ?, ?, ?, ?)
Hibernate: 
    insert 
    into
        messaggi_assistenza
        (created_at, letto, mittente_id, testo, ticket_id) 
    values
        (?, ?, ?, ?, ?)
2026-07-13T20:26:34.755+02:00 DEBUG 81128 --- [ProgettoNutrizionista] [nio-8080-exec-9] o.s.w.s.m.m.a.HttpEntityMethodProcessor  : Using 'application/json', given [*/*] and supported [application/json, application/*+json, application/yaml]
2026-07-13T20:26:34.756+02:00 DEBUG 81128 --- [ProgettoNutrizionista] [nio-8080-exec-9] o.s.w.s.m.m.a.HttpEntityMethodProcessor  : Writing [it.nutrizionista.restnutrizionista.dto.MessaggioAssistenzaDto@10b0f706]
2026-07-13T20:26:34.757+02:00 DEBUG 81128 --- [ProgettoNutrizionista] [nio-8080-exec-9] o.s.web.servlet.DispatcherServlet        : Completed 201 CREATED
2026-07-13T20:26:34.771+02:00 DEBUG 81128 --- [ProgettoNutrizionista] [nio-8080-exec-5] o.s.web.servlet.DispatcherServlet        : POST "/api/assistenza/tickets/30001/messaggi", parameters={}
2026-07-13T20:26:34.772+02:00 DEBUG 81128 --- [ProgettoNutrizionista] [nio-8080-exec-5] s.w.s.m.m.a.RequestMappingHandlerMapping : Mapped to it.nutrizionista.restnutrizionista.controller.AssistenzaController#invia(Long, CreaMessaggioAssistenzaRequest)
2026-07-13T20:26:34.772+02:00 DEBUG 81128 --- [ProgettoNutrizionista] [nio-8080-exec-5] m.m.a.RequestResponseBodyMethodProcessor : Read "application/json;charset=UTF-8" to [it.nutrizionista.restnutrizionista.dto.CreaMessaggioAssistenzaRequest@61b1eed5]
2026-07-13T20:26:34.817+02:00 DEBUG 81128 --- [ProgettoNutrizionista] [nio-8080-exec-5] org.hibernate.SQL                        : 
    select
        u1_0.id,
        u1_0.codice_fiscale,
        u1_0.cognome,
        u1_0.created_at,
        u1_0.data_nascita,
        u1_0.email,
        u1_0.logo,
        u1_0.indirizzo,
        u1_0.last_login_at,
        u1_0.metodo_registrazione,
        u1_0.nome,
        u1_0.password,
        u1_0.pdf_tema_colore,
        r1_0.id,
        r1_0.alias,
        r1_0.created_at,
        r1_0.nome,
        rp1_0.ruolo_id,
        rp1_0.id,
        rp1_0.created_at,
        rp1_0.permesso_id,
        p1_0.id,
        p1_0.alias,
        p1_0.created_at,
        g1_0.id,
        g1_0.alias,
        g1_0.created_at,
        g1_0.nome,
        g1_0.updated_at,
        p1_0.nome,
        p1_0.updated_at,
        rp1_0.updated_at,
        r1_0.updated_at,
        u1_0.telefono,
        u1_0.updated_at 
    from
        utenti u1_0 
    left join
        ruoli r1_0 
            on r1_0.id=u1_0.ruolo_id 
    left join
        ruoli_permessi rp1_0 
            on r1_0.id=rp1_0.ruolo_id 
    left join
        permessi p1_0 
            on p1_0.id=rp1_0.permesso_id 
    left join
        gruppi g1_0 
            on g1_0.id=p1_0.gruppo_id 
    where
        u1_0.email=?
Hibernate: 
    select
        u1_0.id,
        u1_0.codice_fiscale,
        u1_0.cognome,
        u1_0.created_at,
        u1_0.data_nascita,
        u1_0.email,
        u1_0.logo,
        u1_0.indirizzo,
        u1_0.last_login_at,
        u1_0.metodo_registrazione,
        u1_0.nome,
        u1_0.password,
        u1_0.pdf_tema_colore,
        r1_0.id,
        r1_0.alias,
        r1_0.created_at,
        r1_0.nome,
        rp1_0.ruolo_id,
        rp1_0.id,
        rp1_0.created_at,
        rp1_0.permesso_id,
        p1_0.id,
        p1_0.alias,
        p1_0.created_at,
        g1_0.id,
        g1_0.alias,
        g1_0.created_at,
        g1_0.nome,
        g1_0.updated_at,
        p1_0.nome,
        p1_0.updated_at,
        rp1_0.updated_at,
        r1_0.updated_at,
        u1_0.telefono,
        u1_0.updated_at 
    from
        utenti u1_0 
    left join
        ruoli r1_0 
            on r1_0.id=u1_0.ruolo_id 
    left join
        ruoli_permessi rp1_0 
            on r1_0.id=rp1_0.ruolo_id 
    left join
        permessi p1_0 
            on p1_0.id=rp1_0.permesso_id 
    left join
        gruppi g1_0 
            on g1_0.id=p1_0.gruppo_id 
    where
        u1_0.email=?
2026-07-13T20:26:34.890+02:00 DEBUG 81128 --- [ProgettoNutrizionista] [nio-8080-exec-5] org.hibernate.SQL                        : 
    select
        ta1_0.id,
        ta1_0.accepted_at,
        ta1_0.closed_at,
        ta1_0.created_at,
        ta1_0.descrizione,
        ta1_0.motivo_rifiuto,
        ta1_0.nutrizionista_id,
        n1_0.id,
        n1_0.codice_fiscale,
        n1_0.cognome,
        n1_0.created_at,
        n1_0.data_nascita,
        n1_0.email,
        n1_0.logo,
        n1_0.indirizzo,
        n1_0.last_login_at,
        n1_0.metodo_registrazione,
        n1_0.nome,
        n1_0.password,
        n1_0.pdf_tema_colore,
        n1_0.ruolo_id,
        n1_0.telefono,
        n1_0.updated_at,
        ta1_0.oggetto,
        ta1_0.stato,
        ta1_0.updated_at,
        ta1_0.version 
    from
        ticket_assistenza ta1_0 
    join
        utenti n1_0 
            on n1_0.id=ta1_0.nutrizionista_id 
    where
        ta1_0.id=?
Hibernate: 
    select
        ta1_0.id,
        ta1_0.accepted_at,
        ta1_0.closed_at,
        ta1_0.created_at,
        ta1_0.descrizione,
        ta1_0.motivo_rifiuto,
        ta1_0.nutrizionista_id,
        n1_0.id,
        n1_0.codice_fiscale,
        n1_0.cognome,
        n1_0.created_at,
        n1_0.data_nascita,
        n1_0.email,
        n1_0.logo,
        n1_0.indirizzo,
        n1_0.last_login_at,
        n1_0.metodo_registrazione,
        n1_0.nome,
        n1_0.password,
        n1_0.pdf_tema_colore,
        n1_0.ruolo_id,
        n1_0.telefono,
        n1_0.updated_at,
        ta1_0.oggetto,
        ta1_0.stato,
        ta1_0.updated_at,
        ta1_0.version 
    from
        ticket_assistenza ta1_0 
    join
        utenti n1_0 
            on n1_0.id=ta1_0.nutrizionista_id 
    where
        ta1_0.id=?
2026-07-13T20:26:34.946+02:00 DEBUG 81128 --- [ProgettoNutrizionista] [nio-8080-exec-5] org.hibernate.SQL                        : 
    insert 
    into
        messaggi_assistenza
        (created_at, letto, mittente_id, testo, ticket_id) 
    values
        (?, ?, ?, ?, ?)
Hibernate: 
    insert 
    into
        messaggi_assistenza
        (created_at, letto, mittente_id, testo, ticket_id) 
    values
        (?, ?, ?, ?, ?)
2026-07-13T20:26:35.095+02:00 DEBUG 81128 --- [ProgettoNutrizionista] [nio-8080-exec-5] o.s.w.s.m.m.a.HttpEntityMethodProcessor  : Using 'application/json', given [*/*] and supported [application/json, application/*+json, application/yaml]
2026-07-13T20:26:35.096+02:00 DEBUG 81128 --- [ProgettoNutrizionista] [nio-8080-exec-5] o.s.w.s.m.m.a.HttpEntityMethodProcessor  : Writing [it.nutrizionista.restnutrizionista.dto.MessaggioAssistenzaDto@2e856aae]
2026-07-13T20:26:35.098+02:00 DEBUG 81128 --- [ProgettoNutrizionista] [nio-8080-exec-5] o.s.web.servlet.DispatcherServlet        : Completed 201 CREATED
2026-07-13T20:26:35.126+02:00 DEBUG 81128 --- [ProgettoNutrizionista] [nio-8080-exec-8] o.s.web.servlet.DispatcherServlet        : POST "/api/assistenza/tickets/30001/messaggi", parameters={}
2026-07-13T20:26:35.127+02:00 DEBUG 81128 --- [ProgettoNutrizionista] [nio-8080-exec-8] s.w.s.m.m.a.RequestMappingHandlerMapping : Mapped to it.nutrizionista.restnutrizionista.controller.AssistenzaController#invia(Long, CreaMessaggioAssistenzaRequest)
2026-07-13T20:26:35.128+02:00 DEBUG 81128 --- [ProgettoNutrizionista] [nio-8080-exec-8] m.m.a.RequestResponseBodyMethodProcessor : Read "application/json;charset=UTF-8" to [it.nutrizionista.restnutrizionista.dto.CreaMessaggioAssistenzaRequest@726eb19a]
2026-07-13T20:26:35.180+02:00 DEBUG 81128 --- [ProgettoNutrizionista] [nio-8080-exec-8] org.hibernate.SQL                        : 
    select
        u1_0.id,
        u1_0.codice_fiscale,
        u1_0.cognome,
        u1_0.created_at,
        u1_0.data_nascita,
        u1_0.email,
        u1_0.logo,
        u1_0.indirizzo,
        u1_0.last_login_at,
        u1_0.metodo_registrazione,
        u1_0.nome,
        u1_0.password,
        u1_0.pdf_tema_colore,
        r1_0.id,
        r1_0.alias,
        r1_0.created_at,
        r1_0.nome,
        rp1_0.ruolo_id,
        rp1_0.id,
        rp1_0.created_at,
        rp1_0.permesso_id,
        p1_0.id,
        p1_0.alias,
        p1_0.created_at,
        g1_0.id,
        g1_0.alias,
        g1_0.created_at,
        g1_0.nome,
        g1_0.updated_at,
        p1_0.nome,
        p1_0.updated_at,
        rp1_0.updated_at,
        r1_0.updated_at,
        u1_0.telefono,
        u1_0.updated_at 
    from
        utenti u1_0 
    left join
        ruoli r1_0 
            on r1_0.id=u1_0.ruolo_id 
    left join
        ruoli_permessi rp1_0 
            on r1_0.id=rp1_0.ruolo_id 
    left join
        permessi p1_0 
            on p1_0.id=rp1_0.permesso_id 
    left join
        gruppi g1_0 
            on g1_0.id=p1_0.gruppo_id 
    where
        u1_0.email=?
Hibernate: 
    select
        u1_0.id,
        u1_0.codice_fiscale,
        u1_0.cognome,
        u1_0.created_at,
        u1_0.data_nascita,
        u1_0.email,
        u1_0.logo,
        u1_0.indirizzo,
        u1_0.last_login_at,
        u1_0.metodo_registrazione,
        u1_0.nome,
        u1_0.password,
        u1_0.pdf_tema_colore,
        r1_0.id,
        r1_0.alias,
        r1_0.created_at,
        r1_0.nome,
        rp1_0.ruolo_id,
        rp1_0.id,
        rp1_0.created_at,
        rp1_0.permesso_id,
        p1_0.id,
        p1_0.alias,
        p1_0.created_at,
        g1_0.id,
        g1_0.alias,
        g1_0.created_at,
        g1_0.nome,
        g1_0.updated_at,
        p1_0.nome,
        p1_0.updated_at,
        rp1_0.updated_at,
        r1_0.updated_at,
        u1_0.telefono,
        u1_0.updated_at 
    from
        utenti u1_0 
    left join
        ruoli r1_0 
            on r1_0.id=u1_0.ruolo_id 
    left join
        ruoli_permessi rp1_0 
            on r1_0.id=rp1_0.ruolo_id 
    left join
        permessi p1_0 
            on p1_0.id=rp1_0.permesso_id 
    left join
        gruppi g1_0 
            on g1_0.id=p1_0.gruppo_id 
    where
        u1_0.email=?
2026-07-13T20:26:35.266+02:00 DEBUG 81128 --- [ProgettoNutrizionista] [nio-8080-exec-8] org.hibernate.SQL                        : 
    select
        ta1_0.id,
        ta1_0.accepted_at,
        ta1_0.closed_at,
        ta1_0.created_at,
        ta1_0.descrizione,
        ta1_0.motivo_rifiuto,
        ta1_0.nutrizionista_id,
        n1_0.id,
        n1_0.codice_fiscale,
        n1_0.cognome,
        n1_0.created_at,
        n1_0.data_nascita,
        n1_0.email,
        n1_0.logo,
        n1_0.indirizzo,
        n1_0.last_login_at,
        n1_0.metodo_registrazione,
        n1_0.nome,
        n1_0.password,
        n1_0.pdf_tema_colore,
        n1_0.ruolo_id,
        n1_0.telefono,
        n1_0.updated_at,
        ta1_0.oggetto,
        ta1_0.stato,
        ta1_0.updated_at,
        ta1_0.version 
    from
        ticket_assistenza ta1_0 
    join
        utenti n1_0 
            on n1_0.id=ta1_0.nutrizionista_id 
    where
        ta1_0.id=?
Hibernate: 
    select
        ta1_0.id,
        ta1_0.accepted_at,
        ta1_0.closed_at,
        ta1_0.created_at,
        ta1_0.descrizione,
        ta1_0.motivo_rifiuto,
        ta1_0.nutrizionista_id,
        n1_0.id,
        n1_0.codice_fiscale,
        n1_0.cognome,
        n1_0.created_at,
        n1_0.data_nascita,
        n1_0.email,
        n1_0.logo,
        n1_0.indirizzo,
        n1_0.last_login_at,
        n1_0.metodo_registrazione,
        n1_0.nome,
        n1_0.password,
        n1_0.pdf_tema_colore,
        n1_0.ruolo_id,
        n1_0.telefono,
        n1_0.updated_at,
        ta1_0.oggetto,
        ta1_0.stato,
        ta1_0.updated_at,
        ta1_0.version 
    from
        ticket_assistenza ta1_0 
    join
        utenti n1_0 
            on n1_0.id=ta1_0.nutrizionista_id 
    where
        ta1_0.id=?
2026-07-13T20:26:35.325+02:00 DEBUG 81128 --- [ProgettoNutrizionista] [nio-8080-exec-8] org.hibernate.SQL                        : 
    insert 
    into
        messaggi_assistenza
        (created_at, letto, mittente_id, testo, ticket_id) 
    values
        (?, ?, ?, ?, ?)
Hibernate: 
    insert 
    into
        messaggi_assistenza
        (created_at, letto, mittente_id, testo, ticket_id) 
    values
        (?, ?, ?, ?, ?)
2026-07-13T20:26:35.478+02:00 DEBUG 81128 --- [ProgettoNutrizionista] [nio-8080-exec-8] o.s.w.s.m.m.a.HttpEntityMethodProcessor  : Using 'application/json', given [*/*] and supported [application/json, application/*+json, application/yaml]
2026-07-13T20:26:35.478+02:00 DEBUG 81128 --- [ProgettoNutrizionista] [nio-8080-exec-8] o.s.w.s.m.m.a.HttpEntityMethodProcessor  : Writing [it.nutrizionista.restnutrizionista.dto.MessaggioAssistenzaDto@4bdfce24]
2026-07-13T20:26:35.479+02:00 DEBUG 81128 --- [ProgettoNutrizionista] [nio-8080-exec-8] o.s.web.servlet.DispatcherServlet        : Completed 201 CREATED
2026-07-13T20:26:35.488+02:00 DEBUG 81128 --- [ProgettoNutrizionista] [nio-8080-exec-6] o.s.web.servlet.DispatcherServlet        : POST "/api/assistenza/tickets/30001/messaggi", parameters={}
2026-07-13T20:26:35.489+02:00 DEBUG 81128 --- [ProgettoNutrizionista] [nio-8080-exec-6] s.w.s.m.m.a.RequestMappingHandlerMapping : Mapped to it.nutrizionista.restnutrizionista.controller.AssistenzaController#invia(Long, CreaMessaggioAssistenzaRequest)
2026-07-13T20:26:35.489+02:00 DEBUG 81128 --- [ProgettoNutrizionista] [nio-8080-exec-6] m.m.a.RequestResponseBodyMethodProcessor : Read "application/json;charset=UTF-8" to [it.nutrizionista.restnutrizionista.dto.CreaMessaggioAssistenzaRequest@38fe0fd8]
2026-07-13T20:26:35.534+02:00 DEBUG 81128 --- [ProgettoNutrizionista] [nio-8080-exec-6] org.hibernate.SQL                        : 
    select
        u1_0.id,
        u1_0.codice_fiscale,
        u1_0.cognome,
        u1_0.created_at,
        u1_0.data_nascita,
        u1_0.email,
        u1_0.logo,
        u1_0.indirizzo,
        u1_0.last_login_at,
        u1_0.metodo_registrazione,
        u1_0.nome,
        u1_0.password,
        u1_0.pdf_tema_colore,
        r1_0.id,
        r1_0.alias,
        r1_0.created_at,
        r1_0.nome,
        rp1_0.ruolo_id,
        rp1_0.id,
        rp1_0.created_at,
        rp1_0.permesso_id,
        p1_0.id,
        p1_0.alias,
        p1_0.created_at,
        g1_0.id,
        g1_0.alias,
        g1_0.created_at,
        g1_0.nome,
        g1_0.updated_at,
        p1_0.nome,
        p1_0.updated_at,
        rp1_0.updated_at,
        r1_0.updated_at,
        u1_0.telefono,
        u1_0.updated_at 
    from
        utenti u1_0 
    left join
        ruoli r1_0 
            on r1_0.id=u1_0.ruolo_id 
    left join
        ruoli_permessi rp1_0 
            on r1_0.id=rp1_0.ruolo_id 
    left join
        permessi p1_0 
            on p1_0.id=rp1_0.permesso_id 
    left join
        gruppi g1_0 
            on g1_0.id=p1_0.gruppo_id 
    where
        u1_0.email=?
Hibernate: 
    select
        u1_0.id,
        u1_0.codice_fiscale,
        u1_0.cognome,
        u1_0.created_at,
        u1_0.data_nascita,
        u1_0.email,
        u1_0.logo,
        u1_0.indirizzo,
        u1_0.last_login_at,
        u1_0.metodo_registrazione,
        u1_0.nome,
        u1_0.password,
        u1_0.pdf_tema_colore,
        r1_0.id,
        r1_0.alias,
        r1_0.created_at,
        r1_0.nome,
        rp1_0.ruolo_id,
        rp1_0.id,
        rp1_0.created_at,
        rp1_0.permesso_id,
        p1_0.id,
        p1_0.alias,
        p1_0.created_at,
        g1_0.id,
        g1_0.alias,
        g1_0.created_at,
        g1_0.nome,
        g1_0.updated_at,
        p1_0.nome,
        p1_0.updated_at,
        rp1_0.updated_at,
        r1_0.updated_at,
        u1_0.telefono,
        u1_0.updated_at 
    from
        utenti u1_0 
    left join
        ruoli r1_0 
            on r1_0.id=u1_0.ruolo_id 
    left join
        ruoli_permessi rp1_0 
            on r1_0.id=rp1_0.ruolo_id 
    left join
        permessi p1_0 
            on p1_0.id=rp1_0.permesso_id 
    left join
        gruppi g1_0 
            on g1_0.id=p1_0.gruppo_id 
    where
        u1_0.email=?
2026-07-13T20:26:35.604+02:00 DEBUG 81128 --- [ProgettoNutrizionista] [nio-8080-exec-6] org.hibernate.SQL                        : 
    select
        ta1_0.id,
        ta1_0.accepted_at,
        ta1_0.closed_at,
        ta1_0.created_at,
        ta1_0.descrizione,
        ta1_0.motivo_rifiuto,
        ta1_0.nutrizionista_id,
        n1_0.id,
        n1_0.codice_fiscale,
        n1_0.cognome,
        n1_0.created_at,
        n1_0.data_nascita,
        n1_0.email,
        n1_0.logo,
        n1_0.indirizzo,
        n1_0.last_login_at,
        n1_0.metodo_registrazione,
        n1_0.nome,
        n1_0.password,
        n1_0.pdf_tema_colore,
        n1_0.ruolo_id,
        n1_0.telefono,
        n1_0.updated_at,
        ta1_0.oggetto,
        ta1_0.stato,
        ta1_0.updated_at,
        ta1_0.version 
    from
        ticket_assistenza ta1_0 
    join
        utenti n1_0 
            on n1_0.id=ta1_0.nutrizionista_id 
    where
        ta1_0.id=?
Hibernate: 
    select
        ta1_0.id,
        ta1_0.accepted_at,
        ta1_0.closed_at,
        ta1_0.created_at,
        ta1_0.descrizione,
        ta1_0.motivo_rifiuto,
        ta1_0.nutrizionista_id,
        n1_0.id,
        n1_0.codice_fiscale,
        n1_0.cognome,
        n1_0.created_at,
        n1_0.data_nascita,
        n1_0.email,
        n1_0.logo,
        n1_0.indirizzo,
        n1_0.last_login_at,
        n1_0.metodo_registrazione,
        n1_0.nome,
        n1_0.password,
        n1_0.pdf_tema_colore,
        n1_0.ruolo_id,
        n1_0.telefono,
        n1_0.updated_at,
        ta1_0.oggetto,
        ta1_0.stato,
        ta1_0.updated_at,
        ta1_0.version 
    from
        ticket_assistenza ta1_0 
    join
        utenti n1_0 
            on n1_0.id=ta1_0.nutrizionista_id 
    where
        ta1_0.id=?
2026-07-13T20:26:35.691+02:00 DEBUG 81128 --- [ProgettoNutrizionista] [nio-8080-exec-6] org.hibernate.SQL                        : 
    insert 
    into
        messaggi_assistenza
        (created_at, letto, mittente_id, testo, ticket_id) 
    values
        (?, ?, ?, ?, ?)
Hibernate: 
    insert 
    into
        messaggi_assistenza
        (created_at, letto, mittente_id, testo, ticket_id) 
    values
        (?, ?, ?, ?, ?)
2026-07-13T20:26:35.851+02:00 DEBUG 81128 --- [ProgettoNutrizionista] [nio-8080-exec-6] o.s.w.s.m.m.a.HttpEntityMethodProcessor  : Using 'application/json', given [*/*] and supported [application/json, application/*+json, application/yaml]
2026-07-13T20:26:35.852+02:00 DEBUG 81128 --- [ProgettoNutrizionista] [nio-8080-exec-6] o.s.w.s.m.m.a.HttpEntityMethodProcessor  : Writing [it.nutrizionista.restnutrizionista.dto.MessaggioAssistenzaDto@c88a6e]
2026-07-13T20:26:35.853+02:00 DEBUG 81128 --- [ProgettoNutrizionista] [nio-8080-exec-6] o.s.web.servlet.DispatcherServlet        : Completed 201 CREATED
2026-07-13T20:26:35.866+02:00 DEBUG 81128 --- [ProgettoNutrizionista] [nio-8080-exec-4] o.s.web.servlet.DispatcherServlet        : POST "/api/assistenza/tickets/30001/messaggi", parameters={}
2026-07-13T20:26:35.866+02:00 DEBUG 81128 --- [ProgettoNutrizionista] [nio-8080-exec-4] s.w.s.m.m.a.RequestMappingHandlerMapping : Mapped to it.nutrizionista.restnutrizionista.controller.AssistenzaController#invia(Long, CreaMessaggioAssistenzaRequest)
2026-07-13T20:26:35.867+02:00 DEBUG 81128 --- [ProgettoNutrizionista] [nio-8080-exec-4] m.m.a.RequestResponseBodyMethodProcessor : Read "application/json;charset=UTF-8" to [it.nutrizionista.restnutrizionista.dto.CreaMessaggioAssistenzaRequest@4563540b]
2026-07-13T20:26:35.912+02:00 DEBUG 81128 --- [ProgettoNutrizionista] [nio-8080-exec-4] org.hibernate.SQL                        : 
    select
        u1_0.id,
        u1_0.codice_fiscale,
        u1_0.cognome,
        u1_0.created_at,
        u1_0.data_nascita,
        u1_0.email,
        u1_0.logo,
        u1_0.indirizzo,
        u1_0.last_login_at,
        u1_0.metodo_registrazione,
        u1_0.nome,
        u1_0.password,
        u1_0.pdf_tema_colore,
        r1_0.id,
        r1_0.alias,
        r1_0.created_at,
        r1_0.nome,
        rp1_0.ruolo_id,
        rp1_0.id,
        rp1_0.created_at,
        rp1_0.permesso_id,
        p1_0.id,
        p1_0.alias,
        p1_0.created_at,
        g1_0.id,
        g1_0.alias,
        g1_0.created_at,
        g1_0.nome,
        g1_0.updated_at,
        p1_0.nome,
        p1_0.updated_at,
        rp1_0.updated_at,
        r1_0.updated_at,
        u1_0.telefono,
        u1_0.updated_at 
    from
        utenti u1_0 
    left join
        ruoli r1_0 
            on r1_0.id=u1_0.ruolo_id 
    left join
        ruoli_permessi rp1_0 
            on r1_0.id=rp1_0.ruolo_id 
    left join
        permessi p1_0 
            on p1_0.id=rp1_0.permesso_id 
    left join
        gruppi g1_0 
            on g1_0.id=p1_0.gruppo_id 
    where
        u1_0.email=?
Hibernate: 
    select
        u1_0.id,
        u1_0.codice_fiscale,
        u1_0.cognome,
        u1_0.created_at,
        u1_0.data_nascita,
        u1_0.email,
        u1_0.logo,
        u1_0.indirizzo,
        u1_0.last_login_at,
        u1_0.metodo_registrazione,
        u1_0.nome,
        u1_0.password,
        u1_0.pdf_tema_colore,
        r1_0.id,
        r1_0.alias,
        r1_0.created_at,
        r1_0.nome,
        rp1_0.ruolo_id,
        rp1_0.id,
        rp1_0.created_at,
        rp1_0.permesso_id,
        p1_0.id,
        p1_0.alias,
        p1_0.created_at,
        g1_0.id,
        g1_0.alias,
        g1_0.created_at,
        g1_0.nome,
        g1_0.updated_at,
        p1_0.nome,
        p1_0.updated_at,
        rp1_0.updated_at,
        r1_0.updated_at,
        u1_0.telefono,
        u1_0.updated_at 
    from
        utenti u1_0 
    left join
        ruoli r1_0 
            on r1_0.id=u1_0.ruolo_id 
    left join
        ruoli_permessi rp1_0 
            on r1_0.id=rp1_0.ruolo_id 
    left join
        permessi p1_0 
            on p1_0.id=rp1_0.permesso_id 
    left join
        gruppi g1_0 
            on g1_0.id=p1_0.gruppo_id 
    where
        u1_0.email=?
2026-07-13T20:26:35.982+02:00 DEBUG 81128 --- [ProgettoNutrizionista] [nio-8080-exec-4] org.hibernate.SQL                        : 
    select
        ta1_0.id,
        ta1_0.accepted_at,
        ta1_0.closed_at,
        ta1_0.created_at,
        ta1_0.descrizione,
        ta1_0.motivo_rifiuto,
        ta1_0.nutrizionista_id,
        n1_0.id,
        n1_0.codice_fiscale,
        n1_0.cognome,
        n1_0.created_at,
        n1_0.data_nascita,
        n1_0.email,
        n1_0.logo,
        n1_0.indirizzo,
        n1_0.last_login_at,
        n1_0.metodo_registrazione,
        n1_0.nome,
        n1_0.password,
        n1_0.pdf_tema_colore,
        n1_0.ruolo_id,
        n1_0.telefono,
        n1_0.updated_at,
        ta1_0.oggetto,
        ta1_0.stato,
        ta1_0.updated_at,
        ta1_0.version 
    from
        ticket_assistenza ta1_0 
    join
        utenti n1_0 
            on n1_0.id=ta1_0.nutrizionista_id 
    where
        ta1_0.id=?
Hibernate: 
    select
        ta1_0.id,
        ta1_0.accepted_at,
        ta1_0.closed_at,
        ta1_0.created_at,
        ta1_0.descrizione,
        ta1_0.motivo_rifiuto,
        ta1_0.nutrizionista_id,
        n1_0.id,
        n1_0.codice_fiscale,
        n1_0.cognome,
        n1_0.created_at,
        n1_0.data_nascita,
        n1_0.email,
        n1_0.logo,
        n1_0.indirizzo,
        n1_0.last_login_at,
        n1_0.metodo_registrazione,
        n1_0.nome,
        n1_0.password,
        n1_0.pdf_tema_colore,
        n1_0.ruolo_id,
        n1_0.telefono,
        n1_0.updated_at,
        ta1_0.oggetto,
        ta1_0.stato,
        ta1_0.updated_at,
        ta1_0.version 
    from
        ticket_assistenza ta1_0 
    join
        utenti n1_0 
            on n1_0.id=ta1_0.nutrizionista_id 
    where
        ta1_0.id=?
2026-07-13T20:26:36.070+02:00 DEBUG 81128 --- [ProgettoNutrizionista] [nio-8080-exec-4] org.hibernate.SQL                        : 
    insert 
    into
        messaggi_assistenza
        (created_at, letto, mittente_id, testo, ticket_id) 
    values
        (?, ?, ?, ?, ?)
Hibernate: 
    insert 
    into
        messaggi_assistenza
        (created_at, letto, mittente_id, testo, ticket_id) 
    values
        (?, ?, ?, ?, ?)
2026-07-13T20:26:36.243+02:00 DEBUG 81128 --- [ProgettoNutrizionista] [nio-8080-exec-4] o.s.w.s.m.m.a.HttpEntityMethodProcessor  : Using 'application/json', given [*/*] and supported [application/json, application/*+json, application/yaml]
2026-07-13T20:26:36.243+02:00 DEBUG 81128 --- [ProgettoNutrizionista] [nio-8080-exec-4] o.s.w.s.m.m.a.HttpEntityMethodProcessor  : Writing [it.nutrizionista.restnutrizionista.dto.MessaggioAssistenzaDto@4bceb1d6]
2026-07-13T20:26:36.244+02:00 DEBUG 81128 --- [ProgettoNutrizionista] [nio-8080-exec-4] o.s.web.servlet.DispatcherServlet        : Completed 201 CREATED
2026-07-13T20:26:36.253+02:00 DEBUG 81128 --- [ProgettoNutrizionista] [nio-8080-exec-1] o.s.web.servlet.DispatcherServlet        : POST "/api/assistenza/tickets/30001/messaggi", parameters={}
2026-07-13T20:26:36.254+02:00 DEBUG 81128 --- [ProgettoNutrizionista] [nio-8080-exec-1] s.w.s.m.m.a.RequestMappingHandlerMapping : Mapped to it.nutrizionista.restnutrizionista.controller.AssistenzaController#invia(Long, CreaMessaggioAssistenzaRequest)
2026-07-13T20:26:36.254+02:00 DEBUG 81128 --- [ProgettoNutrizionista] [nio-8080-exec-1] m.m.a.RequestResponseBodyMethodProcessor : Read "application/json;charset=UTF-8" to [it.nutrizionista.restnutrizionista.dto.CreaMessaggioAssistenzaRequest@c5e8640]
2026-07-13T20:26:36.301+02:00 DEBUG 81128 --- [ProgettoNutrizionista] [nio-8080-exec-1] org.hibernate.SQL                        : 
    select
        u1_0.id,
        u1_0.codice_fiscale,
        u1_0.cognome,
        u1_0.created_at,
        u1_0.data_nascita,
        u1_0.email,
        u1_0.logo,
        u1_0.indirizzo,
        u1_0.last_login_at,
        u1_0.metodo_registrazione,
        u1_0.nome,
        u1_0.password,
        u1_0.pdf_tema_colore,
        r1_0.id,
        r1_0.alias,
        r1_0.created_at,
        r1_0.nome,
        rp1_0.ruolo_id,
        rp1_0.id,
        rp1_0.created_at,
        rp1_0.permesso_id,
        p1_0.id,
        p1_0.alias,
        p1_0.created_at,
        g1_0.id,
        g1_0.alias,
        g1_0.created_at,
        g1_0.nome,
        g1_0.updated_at,
        p1_0.nome,
        p1_0.updated_at,
        rp1_0.updated_at,
        r1_0.updated_at,
        u1_0.telefono,
        u1_0.updated_at 
    from
        utenti u1_0 
    left join
        ruoli r1_0 
            on r1_0.id=u1_0.ruolo_id 
    left join
        ruoli_permessi rp1_0 
            on r1_0.id=rp1_0.ruolo_id 
    left join
        permessi p1_0 
            on p1_0.id=rp1_0.permesso_id 
    left join
        gruppi g1_0 
            on g1_0.id=p1_0.gruppo_id 
    where
        u1_0.email=?
Hibernate: 
    select
        u1_0.id,
        u1_0.codice_fiscale,
        u1_0.cognome,
        u1_0.created_at,
        u1_0.data_nascita,
        u1_0.email,
        u1_0.logo,
        u1_0.indirizzo,
        u1_0.last_login_at,
        u1_0.metodo_registrazione,
        u1_0.nome,
        u1_0.password,
        u1_0.pdf_tema_colore,
        r1_0.id,
        r1_0.alias,
        r1_0.created_at,
        r1_0.nome,
        rp1_0.ruolo_id,
        rp1_0.id,
        rp1_0.created_at,
        rp1_0.permesso_id,
        p1_0.id,
        p1_0.alias,
        p1_0.created_at,
        g1_0.id,
        g1_0.alias,
        g1_0.created_at,
        g1_0.nome,
        g1_0.updated_at,
        p1_0.nome,
        p1_0.updated_at,
        rp1_0.updated_at,
        r1_0.updated_at,
        u1_0.telefono,
        u1_0.updated_at 
    from
        utenti u1_0 
    left join
        ruoli r1_0 
            on r1_0.id=u1_0.ruolo_id 
    left join
        ruoli_permessi rp1_0 
            on r1_0.id=rp1_0.ruolo_id 
    left join
        permessi p1_0 
            on p1_0.id=rp1_0.permesso_id 
    left join
        gruppi g1_0 
            on g1_0.id=p1_0.gruppo_id 
    where
        u1_0.email=?
2026-07-13T20:26:36.373+02:00 DEBUG 81128 --- [ProgettoNutrizionista] [nio-8080-exec-1] org.hibernate.SQL                        : 
    select
        ta1_0.id,
        ta1_0.accepted_at,
        ta1_0.closed_at,
        ta1_0.created_at,
        ta1_0.descrizione,
        ta1_0.motivo_rifiuto,
        ta1_0.nutrizionista_id,
        n1_0.id,
        n1_0.codice_fiscale,
        n1_0.cognome,
        n1_0.created_at,
        n1_0.data_nascita,
        n1_0.email,
        n1_0.logo,
        n1_0.indirizzo,
        n1_0.last_login_at,
        n1_0.metodo_registrazione,
        n1_0.nome,
        n1_0.password,
        n1_0.pdf_tema_colore,
        n1_0.ruolo_id,
        n1_0.telefono,
        n1_0.updated_at,
        ta1_0.oggetto,
        ta1_0.stato,
        ta1_0.updated_at,
        ta1_0.version 
    from
        ticket_assistenza ta1_0 
    join
        utenti n1_0 
            on n1_0.id=ta1_0.nutrizionista_id 
    where
        ta1_0.id=?
Hibernate: 
    select
        ta1_0.id,
        ta1_0.accepted_at,
        ta1_0.closed_at,
        ta1_0.created_at,
        ta1_0.descrizione,
        ta1_0.motivo_rifiuto,
        ta1_0.nutrizionista_id,
        n1_0.id,
        n1_0.codice_fiscale,
        n1_0.cognome,
        n1_0.created_at,
        n1_0.data_nascita,
        n1_0.email,
        n1_0.logo,
        n1_0.indirizzo,
        n1_0.last_login_at,
        n1_0.metodo_registrazione,
        n1_0.nome,
        n1_0.password,
        n1_0.pdf_tema_colore,
        n1_0.ruolo_id,
        n1_0.telefono,
        n1_0.updated_at,
        ta1_0.oggetto,
        ta1_0.stato,
        ta1_0.updated_at,
        ta1_0.version 
    from
        ticket_assistenza ta1_0 
    join
        utenti n1_0 
            on n1_0.id=ta1_0.nutrizionista_id 
    where
        ta1_0.id=?
2026-07-13T20:26:36.430+02:00 DEBUG 81128 --- [ProgettoNutrizionista] [nio-8080-exec-1] org.hibernate.SQL                        : 
    insert 
    into
        messaggi_assistenza
        (created_at, letto, mittente_id, testo, ticket_id) 
    values
        (?, ?, ?, ?, ?)
Hibernate: 
    insert 
    into
        messaggi_assistenza
        (created_at, letto, mittente_id, testo, ticket_id) 
    values
        (?, ?, ?, ?, ?)
2026-07-13T20:26:36.579+02:00 DEBUG 81128 --- [ProgettoNutrizionista] [nio-8080-exec-1] o.s.w.s.m.m.a.HttpEntityMethodProcessor  : Using 'application/json', given [*/*] and supported [application/json, application/*+json, application/yaml]
2026-07-13T20:26:36.580+02:00 DEBUG 81128 --- [ProgettoNutrizionista] [nio-8080-exec-1] o.s.w.s.m.m.a.HttpEntityMethodProcessor  : Writing [it.nutrizionista.restnutrizionista.dto.MessaggioAssistenzaDto@21a463a1]
2026-07-13T20:26:36.582+02:00 DEBUG 81128 --- [ProgettoNutrizionista] [nio-8080-exec-1] o.s.web.servlet.DispatcherServlet        : Completed 201 CREATED
2026-07-13T20:26:36.604+02:00 DEBUG 81128 --- [ProgettoNutrizionista] [io-8080-exec-10] o.s.web.servlet.DispatcherServlet        : POST "/api/assistenza/tickets/30001/messaggi", parameters={}
2026-07-13T20:26:36.604+02:00 DEBUG 81128 --- [ProgettoNutrizionista] [io-8080-exec-10] s.w.s.m.m.a.RequestMappingHandlerMapping : Mapped to it.nutrizionista.restnutrizionista.controller.AssistenzaController#invia(Long, CreaMessaggioAssistenzaRequest)
2026-07-13T20:26:36.605+02:00 DEBUG 81128 --- [ProgettoNutrizionista] [io-8080-exec-10] m.m.a.RequestResponseBodyMethodProcessor : Read "application/json;charset=UTF-8" to [it.nutrizionista.restnutrizionista.dto.CreaMessaggioAssistenzaRequest@6eb88ba0]
2026-07-13T20:26:36.652+02:00 DEBUG 81128 --- [ProgettoNutrizionista] [io-8080-exec-10] org.hibernate.SQL                        : 
    select
        u1_0.id,
        u1_0.codice_fiscale,
        u1_0.cognome,
        u1_0.created_at,
        u1_0.data_nascita,
        u1_0.email,
        u1_0.logo,
        u1_0.indirizzo,
        u1_0.last_login_at,
        u1_0.metodo_registrazione,
        u1_0.nome,
        u1_0.password,
        u1_0.pdf_tema_colore,
        r1_0.id,
        r1_0.alias,
        r1_0.created_at,
        r1_0.nome,
        rp1_0.ruolo_id,
        rp1_0.id,
        rp1_0.created_at,
        rp1_0.permesso_id,
        p1_0.id,
        p1_0.alias,
        p1_0.created_at,
        g1_0.id,
        g1_0.alias,
        g1_0.created_at,
        g1_0.nome,
        g1_0.updated_at,
        p1_0.nome,
        p1_0.updated_at,
        rp1_0.updated_at,
        r1_0.updated_at,
        u1_0.telefono,
        u1_0.updated_at 
    from
        utenti u1_0 
    left join
        ruoli r1_0 
            on r1_0.id=u1_0.ruolo_id 
    left join
        ruoli_permessi rp1_0 
            on r1_0.id=rp1_0.ruolo_id 
    left join
        permessi p1_0 
            on p1_0.id=rp1_0.permesso_id 
    left join
        gruppi g1_0 
            on g1_0.id=p1_0.gruppo_id 
    where
        u1_0.email=?
Hibernate: 
    select
        u1_0.id,
        u1_0.codice_fiscale,
        u1_0.cognome,
        u1_0.created_at,
        u1_0.data_nascita,
        u1_0.email,
        u1_0.logo,
        u1_0.indirizzo,
        u1_0.last_login_at,
        u1_0.metodo_registrazione,
        u1_0.nome,
        u1_0.password,
        u1_0.pdf_tema_colore,
        r1_0.id,
        r1_0.alias,
        r1_0.created_at,
        r1_0.nome,
        rp1_0.ruolo_id,
        rp1_0.id,
        rp1_0.created_at,
        rp1_0.permesso_id,
        p1_0.id,
        p1_0.alias,
        p1_0.created_at,
        g1_0.id,
        g1_0.alias,
        g1_0.created_at,
        g1_0.nome,
        g1_0.updated_at,
        p1_0.nome,
        p1_0.updated_at,
        rp1_0.updated_at,
        r1_0.updated_at,
        u1_0.telefono,
        u1_0.updated_at 
    from
        utenti u1_0 
    left join
        ruoli r1_0 
            on r1_0.id=u1_0.ruolo_id 
    left join
        ruoli_permessi rp1_0 
            on r1_0.id=rp1_0.ruolo_id 
    left join
        permessi p1_0 
            on p1_0.id=rp1_0.permesso_id 
    left join
        gruppi g1_0 
            on g1_0.id=p1_0.gruppo_id 
    where
        u1_0.email=?
2026-07-13T20:26:36.729+02:00 DEBUG 81128 --- [ProgettoNutrizionista] [io-8080-exec-10] org.hibernate.SQL                        : 
    select
        ta1_0.id,
        ta1_0.accepted_at,
        ta1_0.closed_at,
        ta1_0.created_at,
        ta1_0.descrizione,
        ta1_0.motivo_rifiuto,
        ta1_0.nutrizionista_id,
        n1_0.id,
        n1_0.codice_fiscale,
        n1_0.cognome,
        n1_0.created_at,
        n1_0.data_nascita,
        n1_0.email,
        n1_0.logo,
        n1_0.indirizzo,
        n1_0.last_login_at,
        n1_0.metodo_registrazione,
        n1_0.nome,
        n1_0.password,
        n1_0.pdf_tema_colore,
        n1_0.ruolo_id,
        n1_0.telefono,
        n1_0.updated_at,
        ta1_0.oggetto,
        ta1_0.stato,
        ta1_0.updated_at,
        ta1_0.version 
    from
        ticket_assistenza ta1_0 
    join
        utenti n1_0 
            on n1_0.id=ta1_0.nutrizionista_id 
    where
        ta1_0.id=?
Hibernate: 
    select
        ta1_0.id,
        ta1_0.accepted_at,
        ta1_0.closed_at,
        ta1_0.created_at,
        ta1_0.descrizione,
        ta1_0.motivo_rifiuto,
        ta1_0.nutrizionista_id,
        n1_0.id,
        n1_0.codice_fiscale,
        n1_0.cognome,
        n1_0.created_at,
        n1_0.data_nascita,
        n1_0.email,
        n1_0.logo,
        n1_0.indirizzo,
        n1_0.last_login_at,
        n1_0.metodo_registrazione,
        n1_0.nome,
        n1_0.password,
        n1_0.pdf_tema_colore,
        n1_0.ruolo_id,
        n1_0.telefono,
        n1_0.updated_at,
        ta1_0.oggetto,
        ta1_0.stato,
        ta1_0.updated_at,
        ta1_0.version 
    from
        ticket_assistenza ta1_0 
    join
        utenti n1_0 
            on n1_0.id=ta1_0.nutrizionista_id 
    where
        ta1_0.id=?
2026-07-13T20:26:36.788+02:00 DEBUG 81128 --- [ProgettoNutrizionista] [io-8080-exec-10] org.hibernate.SQL                        : 
    insert 
    into
        messaggi_assistenza
        (created_at, letto, mittente_id, testo, ticket_id) 
    values
        (?, ?, ?, ?, ?)
Hibernate: 
    insert 
    into
        messaggi_assistenza
        (created_at, letto, mittente_id, testo, ticket_id) 
    values
        (?, ?, ?, ?, ?)
2026-07-13T20:26:36.939+02:00 DEBUG 81128 --- [ProgettoNutrizionista] [io-8080-exec-10] o.s.w.s.m.m.a.HttpEntityMethodProcessor  : Using 'application/json', given [*/*] and supported [application/json, application/*+json, application/yaml]
2026-07-13T20:26:36.940+02:00 DEBUG 81128 --- [ProgettoNutrizionista] [io-8080-exec-10] o.s.w.s.m.m.a.HttpEntityMethodProcessor  : Writing [it.nutrizionista.restnutrizionista.dto.MessaggioAssistenzaDto@786cd63d]
2026-07-13T20:26:36.941+02:00 DEBUG 81128 --- [ProgettoNutrizionista] [io-8080-exec-10] o.s.web.servlet.DispatcherServlet        : Completed 201 CREATED
2026-07-13T20:26:36.951+02:00 DEBUG 81128 --- [ProgettoNutrizionista] [nio-8080-exec-2] o.s.web.servlet.DispatcherServlet        : POST "/api/assistenza/tickets/30001/messaggi", parameters={}
2026-07-13T20:26:36.952+02:00 DEBUG 81128 --- [ProgettoNutrizionista] [nio-8080-exec-2] s.w.s.m.m.a.RequestMappingHandlerMapping : Mapped to it.nutrizionista.restnutrizionista.controller.AssistenzaController#invia(Long, CreaMessaggioAssistenzaRequest)
2026-07-13T20:26:36.952+02:00 DEBUG 81128 --- [ProgettoNutrizionista] [nio-8080-exec-2] m.m.a.RequestResponseBodyMethodProcessor : Read "application/json;charset=UTF-8" to [it.nutrizionista.restnutrizionista.dto.CreaMessaggioAssistenzaRequest@fd4dfad]
2026-07-13T20:26:36.997+02:00 DEBUG 81128 --- [ProgettoNutrizionista] [nio-8080-exec-2] org.hibernate.SQL                        : 
    select
        u1_0.id,
        u1_0.codice_fiscale,
        u1_0.cognome,
        u1_0.created_at,
        u1_0.data_nascita,
        u1_0.email,
        u1_0.logo,
        u1_0.indirizzo,
        u1_0.last_login_at,
        u1_0.metodo_registrazione,
        u1_0.nome,
        u1_0.password,
        u1_0.pdf_tema_colore,
        r1_0.id,
        r1_0.alias,
        r1_0.created_at,
        r1_0.nome,
        rp1_0.ruolo_id,
        rp1_0.id,
        rp1_0.created_at,
        rp1_0.permesso_id,
        p1_0.id,
        p1_0.alias,
        p1_0.created_at,
        g1_0.id,
        g1_0.alias,
        g1_0.created_at,
        g1_0.nome,
        g1_0.updated_at,
        p1_0.nome,
        p1_0.updated_at,
        rp1_0.updated_at,
        r1_0.updated_at,
        u1_0.telefono,
        u1_0.updated_at 
    from
        utenti u1_0 
    left join
        ruoli r1_0 
            on r1_0.id=u1_0.ruolo_id 
    left join
        ruoli_permessi rp1_0 
            on r1_0.id=rp1_0.ruolo_id 
    left join
        permessi p1_0 
            on p1_0.id=rp1_0.permesso_id 
    left join
        gruppi g1_0 
            on g1_0.id=p1_0.gruppo_id 
    where
        u1_0.email=?
Hibernate: 
    select
        u1_0.id,
        u1_0.codice_fiscale,
        u1_0.cognome,
        u1_0.created_at,
        u1_0.data_nascita,
        u1_0.email,
        u1_0.logo,
        u1_0.indirizzo,
        u1_0.last_login_at,
        u1_0.metodo_registrazione,
        u1_0.nome,
        u1_0.password,
        u1_0.pdf_tema_colore,
        r1_0.id,
        r1_0.alias,
        r1_0.created_at,
        r1_0.nome,
        rp1_0.ruolo_id,
        rp1_0.id,
        rp1_0.created_at,
        rp1_0.permesso_id,
        p1_0.id,
        p1_0.alias,
        p1_0.created_at,
        g1_0.id,
        g1_0.alias,
        g1_0.created_at,
        g1_0.nome,
        g1_0.updated_at,
        p1_0.nome,
        p1_0.updated_at,
        rp1_0.updated_at,
        r1_0.updated_at,
        u1_0.telefono,
        u1_0.updated_at 
    from
        utenti u1_0 
    left join
        ruoli r1_0 
            on r1_0.id=u1_0.ruolo_id 
    left join
        ruoli_permessi rp1_0 
            on r1_0.id=rp1_0.ruolo_id 
    left join
        permessi p1_0 
            on p1_0.id=rp1_0.permesso_id 
    left join
        gruppi g1_0 
            on g1_0.id=p1_0.gruppo_id 
    where
        u1_0.email=?
2026-07-13T20:26:37.071+02:00 DEBUG 81128 --- [ProgettoNutrizionista] [nio-8080-exec-2] org.hibernate.SQL                        : 
    select
        ta1_0.id,
        ta1_0.accepted_at,
        ta1_0.closed_at,
        ta1_0.created_at,
        ta1_0.descrizione,
        ta1_0.motivo_rifiuto,
        ta1_0.nutrizionista_id,
        n1_0.id,
        n1_0.codice_fiscale,
        n1_0.cognome,
        n1_0.created_at,
        n1_0.data_nascita,
        n1_0.email,
        n1_0.logo,
        n1_0.indirizzo,
        n1_0.last_login_at,
        n1_0.metodo_registrazione,
        n1_0.nome,
        n1_0.password,
        n1_0.pdf_tema_colore,
        n1_0.ruolo_id,
        n1_0.telefono,
        n1_0.updated_at,
        ta1_0.oggetto,
        ta1_0.stato,
        ta1_0.updated_at,
        ta1_0.version 
    from
        ticket_assistenza ta1_0 
    join
        utenti n1_0 
            on n1_0.id=ta1_0.nutrizionista_id 
    where
        ta1_0.id=?
Hibernate: 
    select
        ta1_0.id,
        ta1_0.accepted_at,
        ta1_0.closed_at,
        ta1_0.created_at,
        ta1_0.descrizione,
        ta1_0.motivo_rifiuto,
        ta1_0.nutrizionista_id,
        n1_0.id,
        n1_0.codice_fiscale,
        n1_0.cognome,
        n1_0.created_at,
        n1_0.data_nascita,
        n1_0.email,
        n1_0.logo,
        n1_0.indirizzo,
        n1_0.last_login_at,
        n1_0.metodo_registrazione,
        n1_0.nome,
        n1_0.password,
        n1_0.pdf_tema_colore,
        n1_0.ruolo_id,
        n1_0.telefono,
        n1_0.updated_at,
        ta1_0.oggetto,
        ta1_0.stato,
        ta1_0.updated_at,
        ta1_0.version 
    from
        ticket_assistenza ta1_0 
    join
        utenti n1_0 
            on n1_0.id=ta1_0.nutrizionista_id 
    where
        ta1_0.id=?
2026-07-13T20:26:37.124+02:00 DEBUG 81128 --- [ProgettoNutrizionista] [nio-8080-exec-2] org.hibernate.SQL                        : 
    insert 
    into
        messaggi_assistenza
        (created_at, letto, mittente_id, testo, ticket_id) 
    values
        (?, ?, ?, ?, ?)
Hibernate: 
    insert 
    into
        messaggi_assistenza
        (created_at, letto, mittente_id, testo, ticket_id) 
    values
        (?, ?, ?, ?, ?)
2026-07-13T20:26:37.276+02:00 DEBUG 81128 --- [ProgettoNutrizionista] [nio-8080-exec-2] o.s.w.s.m.m.a.HttpEntityMethodProcessor  : Using 'application/json', given [*/*] and supported [application/json, application/*+json, application/yaml]
2026-07-13T20:26:37.276+02:00 DEBUG 81128 --- [ProgettoNutrizionista] [nio-8080-exec-2] o.s.w.s.m.m.a.HttpEntityMethodProcessor  : Writing [it.nutrizionista.restnutrizionista.dto.MessaggioAssistenzaDto@5717b25c]
2026-07-13T20:26:37.278+02:00 DEBUG 81128 --- [ProgettoNutrizionista] [nio-8080-exec-2] o.s.web.servlet.DispatcherServlet        : Completed 201 CREATED
2026-07-13T20:26:37.303+02:00 DEBUG 81128 --- [ProgettoNutrizionista] [nio-8080-exec-3] o.s.web.servlet.DispatcherServlet        : POST "/api/assistenza/tickets/30001/messaggi", parameters={}
2026-07-13T20:26:37.304+02:00 DEBUG 81128 --- [ProgettoNutrizionista] [nio-8080-exec-3] s.w.s.m.m.a.RequestMappingHandlerMapping : Mapped to it.nutrizionista.restnutrizionista.controller.AssistenzaController#invia(Long, CreaMessaggioAssistenzaRequest)
2026-07-13T20:26:37.305+02:00 DEBUG 81128 --- [ProgettoNutrizionista] [nio-8080-exec-3] m.m.a.RequestResponseBodyMethodProcessor : Read "application/json;charset=UTF-8" to [it.nutrizionista.restnutrizionista.dto.CreaMessaggioAssistenzaRequest@3ecd4b64]
2026-07-13T20:26:37.353+02:00 DEBUG 81128 --- [ProgettoNutrizionista] [nio-8080-exec-3] org.hibernate.SQL                        : 
    select
        u1_0.id,
        u1_0.codice_fiscale,
        u1_0.cognome,
        u1_0.created_at,
        u1_0.data_nascita,
        u1_0.email,
        u1_0.logo,
        u1_0.indirizzo,
        u1_0.last_login_at,
        u1_0.metodo_registrazione,
        u1_0.nome,
        u1_0.password,
        u1_0.pdf_tema_colore,
        r1_0.id,
        r1_0.alias,
        r1_0.created_at,
        r1_0.nome,
        rp1_0.ruolo_id,
        rp1_0.id,
        rp1_0.created_at,
        rp1_0.permesso_id,
        p1_0.id,
        p1_0.alias,
        p1_0.created_at,
        g1_0.id,
        g1_0.alias,
        g1_0.created_at,
        g1_0.nome,
        g1_0.updated_at,
        p1_0.nome,
        p1_0.updated_at,
        rp1_0.updated_at,
        r1_0.updated_at,
        u1_0.telefono,
        u1_0.updated_at 
    from
        utenti u1_0 
    left join
        ruoli r1_0 
            on r1_0.id=u1_0.ruolo_id 
    left join
        ruoli_permessi rp1_0 
            on r1_0.id=rp1_0.ruolo_id 
    left join
        permessi p1_0 
            on p1_0.id=rp1_0.permesso_id 
    left join
        gruppi g1_0 
            on g1_0.id=p1_0.gruppo_id 
    where
        u1_0.email=?
Hibernate: 
    select
        u1_0.id,
        u1_0.codice_fiscale,
        u1_0.cognome,
        u1_0.created_at,
        u1_0.data_nascita,
        u1_0.email,
        u1_0.logo,
        u1_0.indirizzo,
        u1_0.last_login_at,
        u1_0.metodo_registrazione,
        u1_0.nome,
        u1_0.password,
        u1_0.pdf_tema_colore,
        r1_0.id,
        r1_0.alias,
        r1_0.created_at,
        r1_0.nome,
        rp1_0.ruolo_id,
        rp1_0.id,
        rp1_0.created_at,
        rp1_0.permesso_id,
        p1_0.id,
        p1_0.alias,
        p1_0.created_at,
        g1_0.id,
        g1_0.alias,
        g1_0.created_at,
        g1_0.nome,
        g1_0.updated_at,
        p1_0.nome,
        p1_0.updated_at,
        rp1_0.updated_at,
        r1_0.updated_at,
        u1_0.telefono,
        u1_0.updated_at 
    from
        utenti u1_0 
    left join
        ruoli r1_0 
            on r1_0.id=u1_0.ruolo_id 
    left join
        ruoli_permessi rp1_0 
            on r1_0.id=rp1_0.ruolo_id 
    left join
        permessi p1_0 
            on p1_0.id=rp1_0.permesso_id 
    left join
        gruppi g1_0 
            on g1_0.id=p1_0.gruppo_id 
    where
        u1_0.email=?
2026-07-13T20:26:37.434+02:00 DEBUG 81128 --- [ProgettoNutrizionista] [nio-8080-exec-3] org.hibernate.SQL                        : 
    select
        ta1_0.id,
        ta1_0.accepted_at,
        ta1_0.closed_at,
        ta1_0.created_at,
        ta1_0.descrizione,
        ta1_0.motivo_rifiuto,
        ta1_0.nutrizionista_id,
        n1_0.id,
        n1_0.codice_fiscale,
        n1_0.cognome,
        n1_0.created_at,
        n1_0.data_nascita,
        n1_0.email,
        n1_0.logo,
        n1_0.indirizzo,
        n1_0.last_login_at,
        n1_0.metodo_registrazione,
        n1_0.nome,
        n1_0.password,
        n1_0.pdf_tema_colore,
        n1_0.ruolo_id,
        n1_0.telefono,
        n1_0.updated_at,
        ta1_0.oggetto,
        ta1_0.stato,
        ta1_0.updated_at,
        ta1_0.version 
    from
        ticket_assistenza ta1_0 
    join
        utenti n1_0 
            on n1_0.id=ta1_0.nutrizionista_id 
    where
        ta1_0.id=?
Hibernate: 
    select
        ta1_0.id,
        ta1_0.accepted_at,
        ta1_0.closed_at,
        ta1_0.created_at,
        ta1_0.descrizione,
        ta1_0.motivo_rifiuto,
        ta1_0.nutrizionista_id,
        n1_0.id,
        n1_0.codice_fiscale,
        n1_0.cognome,
        n1_0.created_at,
        n1_0.data_nascita,
        n1_0.email,
        n1_0.logo,
        n1_0.indirizzo,
        n1_0.last_login_at,
        n1_0.metodo_registrazione,
        n1_0.nome,
        n1_0.password,
        n1_0.pdf_tema_colore,
        n1_0.ruolo_id,
        n1_0.telefono,
        n1_0.updated_at,
        ta1_0.oggetto,
        ta1_0.stato,
        ta1_0.updated_at,
        ta1_0.version 
    from
        ticket_assistenza ta1_0 
    join
        utenti n1_0 
            on n1_0.id=ta1_0.nutrizionista_id 
    where
        ta1_0.id=?
2026-07-13T20:26:37.494+02:00 DEBUG 81128 --- [ProgettoNutrizionista] [nio-8080-exec-3] org.hibernate.SQL                        : 
    insert 
    into
        messaggi_assistenza
        (created_at, letto, mittente_id, testo, ticket_id) 
    values
        (?, ?, ?, ?, ?)
Hibernate: 
    insert 
    into
        messaggi_assistenza
        (created_at, letto, mittente_id, testo, ticket_id) 
    values
        (?, ?, ?, ?, ?)
2026-07-13T20:26:37.646+02:00 DEBUG 81128 --- [ProgettoNutrizionista] [nio-8080-exec-3] o.s.w.s.m.m.a.HttpEntityMethodProcessor  : Using 'application/json', given [*/*] and supported [application/json, application/*+json, application/yaml]
2026-07-13T20:26:37.647+02:00 DEBUG 81128 --- [ProgettoNutrizionista] [nio-8080-exec-3] o.s.w.s.m.m.a.HttpEntityMethodProcessor  : Writing [it.nutrizionista.restnutrizionista.dto.MessaggioAssistenzaDto@41ed88cc]
2026-07-13T20:26:37.648+02:00 DEBUG 81128 --- [ProgettoNutrizionista] [nio-8080-exec-3] o.s.web.servlet.DispatcherServlet        : Completed 201 CREATED
2026-07-13T20:26:37.670+02:00 DEBUG 81128 --- [ProgettoNutrizionista] [nio-8080-exec-7] o.s.web.servlet.DispatcherServlet        : POST "/api/assistenza/tickets/30001/messaggi", parameters={}
2026-07-13T20:26:37.671+02:00 DEBUG 81128 --- [ProgettoNutrizionista] [nio-8080-exec-7] s.w.s.m.m.a.RequestMappingHandlerMapping : Mapped to it.nutrizionista.restnutrizionista.controller.AssistenzaController#invia(Long, CreaMessaggioAssistenzaRequest)
2026-07-13T20:26:37.672+02:00 DEBUG 81128 --- [ProgettoNutrizionista] [nio-8080-exec-7] m.m.a.RequestResponseBodyMethodProcessor : Read "application/json;charset=UTF-8" to [it.nutrizionista.restnutrizionista.dto.CreaMessaggioAssistenzaRequest@a9a5988]
2026-07-13T20:26:37.719+02:00 DEBUG 81128 --- [ProgettoNutrizionista] [nio-8080-exec-7] org.hibernate.SQL                        : 
    select
        u1_0.id,
        u1_0.codice_fiscale,
        u1_0.cognome,
        u1_0.created_at,
        u1_0.data_nascita,
        u1_0.email,
        u1_0.logo,
        u1_0.indirizzo,
        u1_0.last_login_at,
        u1_0.metodo_registrazione,
        u1_0.nome,
        u1_0.password,
        u1_0.pdf_tema_colore,
        r1_0.id,
        r1_0.alias,
        r1_0.created_at,
        r1_0.nome,
        rp1_0.ruolo_id,
        rp1_0.id,
        rp1_0.created_at,
        rp1_0.permesso_id,
        p1_0.id,
        p1_0.alias,
        p1_0.created_at,
        g1_0.id,
        g1_0.alias,
        g1_0.created_at,
        g1_0.nome,
        g1_0.updated_at,
        p1_0.nome,
        p1_0.updated_at,
        rp1_0.updated_at,
        r1_0.updated_at,
        u1_0.telefono,
        u1_0.updated_at 
    from
        utenti u1_0 
    left join
        ruoli r1_0 
            on r1_0.id=u1_0.ruolo_id 
    left join
        ruoli_permessi rp1_0 
            on r1_0.id=rp1_0.ruolo_id 
    left join
        permessi p1_0 
            on p1_0.id=rp1_0.permesso_id 
    left join
        gruppi g1_0 
            on g1_0.id=p1_0.gruppo_id 
    where
        u1_0.email=?
Hibernate: 
    select
        u1_0.id,
        u1_0.codice_fiscale,
        u1_0.cognome,
        u1_0.created_at,
        u1_0.data_nascita,
        u1_0.email,
        u1_0.logo,
        u1_0.indirizzo,
        u1_0.last_login_at,
        u1_0.metodo_registrazione,
        u1_0.nome,
        u1_0.password,
        u1_0.pdf_tema_colore,
        r1_0.id,
        r1_0.alias,
        r1_0.created_at,
        r1_0.nome,
        rp1_0.ruolo_id,
        rp1_0.id,
        rp1_0.created_at,
        rp1_0.permesso_id,
        p1_0.id,
        p1_0.alias,
        p1_0.created_at,
        g1_0.id,
        g1_0.alias,
        g1_0.created_at,
        g1_0.nome,
        g1_0.updated_at,
        p1_0.nome,
        p1_0.updated_at,
        rp1_0.updated_at,
        r1_0.updated_at,
        u1_0.telefono,
        u1_0.updated_at 
    from
        utenti u1_0 
    left join
        ruoli r1_0 
            on r1_0.id=u1_0.ruolo_id 
    left join
        ruoli_permessi rp1_0 
            on r1_0.id=rp1_0.ruolo_id 
    left join
        permessi p1_0 
            on p1_0.id=rp1_0.permesso_id 
    left join
        gruppi g1_0 
            on g1_0.id=p1_0.gruppo_id 
    where
        u1_0.email=?
2026-07-13T20:26:37.791+02:00 DEBUG 81128 --- [ProgettoNutrizionista] [nio-8080-exec-7] org.hibernate.SQL                        : 
    select
        ta1_0.id,
        ta1_0.accepted_at,
        ta1_0.closed_at,
        ta1_0.created_at,
        ta1_0.descrizione,
        ta1_0.motivo_rifiuto,
        ta1_0.nutrizionista_id,
        n1_0.id,
        n1_0.codice_fiscale,
        n1_0.cognome,
        n1_0.created_at,
        n1_0.data_nascita,
        n1_0.email,
        n1_0.logo,
        n1_0.indirizzo,
        n1_0.last_login_at,
        n1_0.metodo_registrazione,
        n1_0.nome,
        n1_0.password,
        n1_0.pdf_tema_colore,
        n1_0.ruolo_id,
        n1_0.telefono,
        n1_0.updated_at,
        ta1_0.oggetto,
        ta1_0.stato,
        ta1_0.updated_at,
        ta1_0.version 
    from
        ticket_assistenza ta1_0 
    join
        utenti n1_0 
            on n1_0.id=ta1_0.nutrizionista_id 
    where
        ta1_0.id=?
Hibernate: 
    select
        ta1_0.id,
        ta1_0.accepted_at,
        ta1_0.closed_at,
        ta1_0.created_at,
        ta1_0.descrizione,
        ta1_0.motivo_rifiuto,
        ta1_0.nutrizionista_id,
        n1_0.id,
        n1_0.codice_fiscale,
        n1_0.cognome,
        n1_0.created_at,
        n1_0.data_nascita,
        n1_0.email,
        n1_0.logo,
        n1_0.indirizzo,
        n1_0.last_login_at,
        n1_0.metodo_registrazione,
        n1_0.nome,
        n1_0.password,
        n1_0.pdf_tema_colore,
        n1_0.ruolo_id,
        n1_0.telefono,
        n1_0.updated_at,
        ta1_0.oggetto,
        ta1_0.stato,
        ta1_0.updated_at,
        ta1_0.version 
    from
        ticket_assistenza ta1_0 
    join
        utenti n1_0 
            on n1_0.id=ta1_0.nutrizionista_id 
    where
        ta1_0.id=?
2026-07-13T20:26:37.848+02:00 DEBUG 81128 --- [ProgettoNutrizionista] [nio-8080-exec-7] org.hibernate.SQL                        : 
    insert 
    into
        messaggi_assistenza
        (created_at, letto, mittente_id, testo, ticket_id) 
    values
        (?, ?, ?, ?, ?)
Hibernate: 
    insert 
    into
        messaggi_assistenza
        (created_at, letto, mittente_id, testo, ticket_id) 
    values
        (?, ?, ?, ?, ?)
2026-07-13T20:26:37.999+02:00 DEBUG 81128 --- [ProgettoNutrizionista] [nio-8080-exec-7] o.s.w.s.m.m.a.HttpEntityMethodProcessor  : Using 'application/json', given [*/*] and supported [application/json, application/*+json, application/yaml]
2026-07-13T20:26:38.000+02:00 DEBUG 81128 --- [ProgettoNutrizionista] [nio-8080-exec-7] o.s.w.s.m.m.a.HttpEntityMethodProcessor  : Writing [it.nutrizionista.restnutrizionista.dto.MessaggioAssistenzaDto@31ef0c]
2026-07-13T20:26:38.002+02:00 DEBUG 81128 --- [ProgettoNutrizionista] [nio-8080-exec-7] o.s.web.servlet.DispatcherServlet        : Completed 201 CREATED
2026-07-13T20:26:38.016+02:00 DEBUG 81128 --- [ProgettoNutrizionista] [nio-8080-exec-9] o.s.web.servlet.DispatcherServlet        : POST "/api/assistenza/tickets/30001/messaggi", parameters={}
2026-07-13T20:26:38.016+02:00 DEBUG 81128 --- [ProgettoNutrizionista] [nio-8080-exec-9] s.w.s.m.m.a.RequestMappingHandlerMapping : Mapped to it.nutrizionista.restnutrizionista.controller.AssistenzaController#invia(Long, CreaMessaggioAssistenzaRequest)
2026-07-13T20:26:38.017+02:00 DEBUG 81128 --- [ProgettoNutrizionista] [nio-8080-exec-9] m.m.a.RequestResponseBodyMethodProcessor : Read "application/json;charset=UTF-8" to [it.nutrizionista.restnutrizionista.dto.CreaMessaggioAssistenzaRequest@3de6bd4e]
2026-07-13T20:26:38.064+02:00 DEBUG 81128 --- [ProgettoNutrizionista] [nio-8080-exec-9] org.hibernate.SQL                        : 
    select
        u1_0.id,
        u1_0.codice_fiscale,
        u1_0.cognome,
        u1_0.created_at,
        u1_0.data_nascita,
        u1_0.email,
        u1_0.logo,
        u1_0.indirizzo,
        u1_0.last_login_at,
        u1_0.metodo_registrazione,
        u1_0.nome,
        u1_0.password,
        u1_0.pdf_tema_colore,
        r1_0.id,
        r1_0.alias,
        r1_0.created_at,
        r1_0.nome,
        rp1_0.ruolo_id,
        rp1_0.id,
        rp1_0.created_at,
        rp1_0.permesso_id,
        p1_0.id,
        p1_0.alias,
        p1_0.created_at,
        g1_0.id,
        g1_0.alias,
        g1_0.created_at,
        g1_0.nome,
        g1_0.updated_at,
        p1_0.nome,
        p1_0.updated_at,
        rp1_0.updated_at,
        r1_0.updated_at,
        u1_0.telefono,
        u1_0.updated_at 
    from
        utenti u1_0 
    left join
        ruoli r1_0 
            on r1_0.id=u1_0.ruolo_id 
    left join
        ruoli_permessi rp1_0 
            on r1_0.id=rp1_0.ruolo_id 
    left join
        permessi p1_0 
            on p1_0.id=rp1_0.permesso_id 
    left join
        gruppi g1_0 
            on g1_0.id=p1_0.gruppo_id 
    where
        u1_0.email=?
Hibernate: 
    select
        u1_0.id,
        u1_0.codice_fiscale,
        u1_0.cognome,
        u1_0.created_at,
        u1_0.data_nascita,
        u1_0.email,
        u1_0.logo,
        u1_0.indirizzo,
        u1_0.last_login_at,
        u1_0.metodo_registrazione,
        u1_0.nome,
        u1_0.password,
        u1_0.pdf_tema_colore,
        r1_0.id,
        r1_0.alias,
        r1_0.created_at,
        r1_0.nome,
        rp1_0.ruolo_id,
        rp1_0.id,
        rp1_0.created_at,
        rp1_0.permesso_id,
        p1_0.id,
        p1_0.alias,
        p1_0.created_at,
        g1_0.id,
        g1_0.alias,
        g1_0.created_at,
        g1_0.nome,
        g1_0.updated_at,
        p1_0.nome,
        p1_0.updated_at,
        rp1_0.updated_at,
        r1_0.updated_at,
        u1_0.telefono,
        u1_0.updated_at 
    from
        utenti u1_0 
    left join
        ruoli r1_0 
            on r1_0.id=u1_0.ruolo_id 
    left join
        ruoli_permessi rp1_0 
            on r1_0.id=rp1_0.ruolo_id 
    left join
        permessi p1_0 
            on p1_0.id=rp1_0.permesso_id 
    left join
        gruppi g1_0 
            on g1_0.id=p1_0.gruppo_id 
    where
        u1_0.email=?
2026-07-13T20:26:38.136+02:00 DEBUG 81128 --- [ProgettoNutrizionista] [nio-8080-exec-9] org.hibernate.SQL                        : 
    select
        ta1_0.id,
        ta1_0.accepted_at,
        ta1_0.closed_at,
        ta1_0.created_at,
        ta1_0.descrizione,
        ta1_0.motivo_rifiuto,
        ta1_0.nutrizionista_id,
        n1_0.id,
        n1_0.codice_fiscale,
        n1_0.cognome,
        n1_0.created_at,
        n1_0.data_nascita,
        n1_0.email,
        n1_0.logo,
        n1_0.indirizzo,
        n1_0.last_login_at,
        n1_0.metodo_registrazione,
        n1_0.nome,
        n1_0.password,
        n1_0.pdf_tema_colore,
        n1_0.ruolo_id,
        n1_0.telefono,
        n1_0.updated_at,
        ta1_0.oggetto,
        ta1_0.stato,
        ta1_0.updated_at,
        ta1_0.version 
    from
        ticket_assistenza ta1_0 
    join
        utenti n1_0 
            on n1_0.id=ta1_0.nutrizionista_id 
    where
        ta1_0.id=?
Hibernate: 
    select
        ta1_0.id,
        ta1_0.accepted_at,
        ta1_0.closed_at,
        ta1_0.created_at,
        ta1_0.descrizione,
        ta1_0.motivo_rifiuto,
        ta1_0.nutrizionista_id,
        n1_0.id,
        n1_0.codice_fiscale,
        n1_0.cognome,
        n1_0.created_at,
        n1_0.data_nascita,
        n1_0.email,
        n1_0.logo,
        n1_0.indirizzo,
        n1_0.last_login_at,
        n1_0.metodo_registrazione,
        n1_0.nome,
        n1_0.password,
        n1_0.pdf_tema_colore,
        n1_0.ruolo_id,
        n1_0.telefono,
        n1_0.updated_at,
        ta1_0.oggetto,
        ta1_0.stato,
        ta1_0.updated_at,
        ta1_0.version 
    from
        ticket_assistenza ta1_0 
    join
        utenti n1_0 
            on n1_0.id=ta1_0.nutrizionista_id 
    where
        ta1_0.id=?
2026-07-13T20:26:38.196+02:00 DEBUG 81128 --- [ProgettoNutrizionista] [nio-8080-exec-9] org.hibernate.SQL                        : 
    insert 
    into
        messaggi_assistenza
        (created_at, letto, mittente_id, testo, ticket_id) 
    values
        (?, ?, ?, ?, ?)
Hibernate: 
    insert 
    into
        messaggi_assistenza
        (created_at, letto, mittente_id, testo, ticket_id) 
    values
        (?, ?, ?, ?, ?)
2026-07-13T20:26:38.359+02:00 DEBUG 81128 --- [ProgettoNutrizionista] [nio-8080-exec-9] o.s.w.s.m.m.a.HttpEntityMethodProcessor  : Using 'application/json', given [*/*] and supported [application/json, application/*+json, application/yaml]
2026-07-13T20:26:38.359+02:00 DEBUG 81128 --- [ProgettoNutrizionista] [nio-8080-exec-9] o.s.w.s.m.m.a.HttpEntityMethodProcessor  : Writing [it.nutrizionista.restnutrizionista.dto.MessaggioAssistenzaDto@55443209]
2026-07-13T20:26:38.360+02:00 DEBUG 81128 --- [ProgettoNutrizionista] [nio-8080-exec-9] o.s.web.servlet.DispatcherServlet        : Completed 201 CREATED
2026-07-13T20:26:38.371+02:00 DEBUG 81128 --- [ProgettoNutrizionista] [nio-8080-exec-5] o.s.web.servlet.DispatcherServlet        : POST "/api/assistenza/tickets/30001/messaggi", parameters={}
2026-07-13T20:26:38.372+02:00 DEBUG 81128 --- [ProgettoNutrizionista] [nio-8080-exec-5] s.w.s.m.m.a.RequestMappingHandlerMapping : Mapped to it.nutrizionista.restnutrizionista.controller.AssistenzaController#invia(Long, CreaMessaggioAssistenzaRequest)
2026-07-13T20:26:38.372+02:00 DEBUG 81128 --- [ProgettoNutrizionista] [nio-8080-exec-5] m.m.a.RequestResponseBodyMethodProcessor : Read "application/json;charset=UTF-8" to [it.nutrizionista.restnutrizionista.dto.CreaMessaggioAssistenzaRequest@3bb7dc90]
2026-07-13T20:26:38.418+02:00 DEBUG 81128 --- [ProgettoNutrizionista] [nio-8080-exec-5] org.hibernate.SQL                        : 
    select
        u1_0.id,
        u1_0.codice_fiscale,
        u1_0.cognome,
        u1_0.created_at,
        u1_0.data_nascita,
        u1_0.email,
        u1_0.logo,
        u1_0.indirizzo,
        u1_0.last_login_at,
        u1_0.metodo_registrazione,
        u1_0.nome,
        u1_0.password,
        u1_0.pdf_tema_colore,
        r1_0.id,
        r1_0.alias,
        r1_0.created_at,
        r1_0.nome,
        rp1_0.ruolo_id,
        rp1_0.id,
        rp1_0.created_at,
        rp1_0.permesso_id,
        p1_0.id,
        p1_0.alias,
        p1_0.created_at,
        g1_0.id,
        g1_0.alias,
        g1_0.created_at,
        g1_0.nome,
        g1_0.updated_at,
        p1_0.nome,
        p1_0.updated_at,
        rp1_0.updated_at,
        r1_0.updated_at,
        u1_0.telefono,
        u1_0.updated_at 
    from
        utenti u1_0 
    left join
        ruoli r1_0 
            on r1_0.id=u1_0.ruolo_id 
    left join
        ruoli_permessi rp1_0 
            on r1_0.id=rp1_0.ruolo_id 
    left join
        permessi p1_0 
            on p1_0.id=rp1_0.permesso_id 
    left join
        gruppi g1_0 
            on g1_0.id=p1_0.gruppo_id 
    where
        u1_0.email=?
Hibernate: 
    select
        u1_0.id,
        u1_0.codice_fiscale,
        u1_0.cognome,
        u1_0.created_at,
        u1_0.data_nascita,
        u1_0.email,
        u1_0.logo,
        u1_0.indirizzo,
        u1_0.last_login_at,
        u1_0.metodo_registrazione,
        u1_0.nome,
        u1_0.password,
        u1_0.pdf_tema_colore,
        r1_0.id,
        r1_0.alias,
        r1_0.created_at,
        r1_0.nome,
        rp1_0.ruolo_id,
        rp1_0.id,
        rp1_0.created_at,
        rp1_0.permesso_id,
        p1_0.id,
        p1_0.alias,
        p1_0.created_at,
        g1_0.id,
        g1_0.alias,
        g1_0.created_at,
        g1_0.nome,
        g1_0.updated_at,
        p1_0.nome,
        p1_0.updated_at,
        rp1_0.updated_at,
        r1_0.updated_at,
        u1_0.telefono,
        u1_0.updated_at 
    from
        utenti u1_0 
    left join
        ruoli r1_0 
            on r1_0.id=u1_0.ruolo_id 
    left join
        ruoli_permessi rp1_0 
            on r1_0.id=rp1_0.ruolo_id 
    left join
        permessi p1_0 
            on p1_0.id=rp1_0.permesso_id 
    left join
        gruppi g1_0 
            on g1_0.id=p1_0.gruppo_id 
    where
        u1_0.email=?
2026-07-13T20:26:38.498+02:00 DEBUG 81128 --- [ProgettoNutrizionista] [nio-8080-exec-5] org.hibernate.SQL                        : 
    select
        ta1_0.id,
        ta1_0.accepted_at,
        ta1_0.closed_at,
        ta1_0.created_at,
        ta1_0.descrizione,
        ta1_0.motivo_rifiuto,
        ta1_0.nutrizionista_id,
        n1_0.id,
        n1_0.codice_fiscale,
        n1_0.cognome,
        n1_0.created_at,
        n1_0.data_nascita,
        n1_0.email,
        n1_0.logo,
        n1_0.indirizzo,
        n1_0.last_login_at,
        n1_0.metodo_registrazione,
        n1_0.nome,
        n1_0.password,
        n1_0.pdf_tema_colore,
        n1_0.ruolo_id,
        n1_0.telefono,
        n1_0.updated_at,
        ta1_0.oggetto,
        ta1_0.stato,
        ta1_0.updated_at,
        ta1_0.version 
    from
        ticket_assistenza ta1_0 
    join
        utenti n1_0 
            on n1_0.id=ta1_0.nutrizionista_id 
    where
        ta1_0.id=?
Hibernate: 
    select
        ta1_0.id,
        ta1_0.accepted_at,
        ta1_0.closed_at,
        ta1_0.created_at,
        ta1_0.descrizione,
        ta1_0.motivo_rifiuto,
        ta1_0.nutrizionista_id,
        n1_0.id,
        n1_0.codice_fiscale,
        n1_0.cognome,
        n1_0.created_at,
        n1_0.data_nascita,
        n1_0.email,
        n1_0.logo,
        n1_0.indirizzo,
        n1_0.last_login_at,
        n1_0.metodo_registrazione,
        n1_0.nome,
        n1_0.password,
        n1_0.pdf_tema_colore,
        n1_0.ruolo_id,
        n1_0.telefono,
        n1_0.updated_at,
        ta1_0.oggetto,
        ta1_0.stato,
        ta1_0.updated_at,
        ta1_0.version 
    from
        ticket_assistenza ta1_0 
    join
        utenti n1_0 
            on n1_0.id=ta1_0.nutrizionista_id 
    where
        ta1_0.id=?
2026-07-13T20:26:38.552+02:00 DEBUG 81128 --- [ProgettoNutrizionista] [nio-8080-exec-5] org.hibernate.SQL                        : 
    insert 
    into
        messaggi_assistenza
        (created_at, letto, mittente_id, testo, ticket_id) 
    values
        (?, ?, ?, ?, ?)
Hibernate: 
    insert 
    into
        messaggi_assistenza
        (created_at, letto, mittente_id, testo, ticket_id) 
    values
        (?, ?, ?, ?, ?)
2026-07-13T20:26:38.699+02:00 DEBUG 81128 --- [ProgettoNutrizionista] [nio-8080-exec-5] o.s.w.s.m.m.a.HttpEntityMethodProcessor  : Using 'application/json', given [*/*] and supported [application/json, application/*+json, application/yaml]
2026-07-13T20:26:38.700+02:00 DEBUG 81128 --- [ProgettoNutrizionista] [nio-8080-exec-5] o.s.w.s.m.m.a.HttpEntityMethodProcessor  : Writing [it.nutrizionista.restnutrizionista.dto.MessaggioAssistenzaDto@45fcd4f3]
2026-07-13T20:26:38.701+02:00 DEBUG 81128 --- [ProgettoNutrizionista] [nio-8080-exec-5] o.s.web.servlet.DispatcherServlet        : Completed 201 CREATED
2026-07-13T20:26:38.729+02:00 DEBUG 81128 --- [ProgettoNutrizionista] [nio-8080-exec-8] o.s.web.servlet.DispatcherServlet        : POST "/api/assistenza/tickets/30001/messaggi", parameters={}
2026-07-13T20:26:38.730+02:00 DEBUG 81128 --- [ProgettoNutrizionista] [nio-8080-exec-8] s.w.s.m.m.a.RequestMappingHandlerMapping : Mapped to it.nutrizionista.restnutrizionista.controller.AssistenzaController#invia(Long, CreaMessaggioAssistenzaRequest)
2026-07-13T20:26:38.731+02:00 DEBUG 81128 --- [ProgettoNutrizionista] [nio-8080-exec-8] m.m.a.RequestResponseBodyMethodProcessor : Read "application/json;charset=UTF-8" to [it.nutrizionista.restnutrizionista.dto.CreaMessaggioAssistenzaRequest@77a093da]
2026-07-13T20:26:38.777+02:00 DEBUG 81128 --- [ProgettoNutrizionista] [nio-8080-exec-8] org.hibernate.SQL                        : 
    select
        u1_0.id,
        u1_0.codice_fiscale,
        u1_0.cognome,
        u1_0.created_at,
        u1_0.data_nascita,
        u1_0.email,
        u1_0.logo,
        u1_0.indirizzo,
        u1_0.last_login_at,
        u1_0.metodo_registrazione,
        u1_0.nome,
        u1_0.password,
        u1_0.pdf_tema_colore,
        r1_0.id,
        r1_0.alias,
        r1_0.created_at,
        r1_0.nome,
        rp1_0.ruolo_id,
        rp1_0.id,
        rp1_0.created_at,
        rp1_0.permesso_id,
        p1_0.id,
        p1_0.alias,
        p1_0.created_at,
        g1_0.id,
        g1_0.alias,
        g1_0.created_at,
        g1_0.nome,
        g1_0.updated_at,
        p1_0.nome,
        p1_0.updated_at,
        rp1_0.updated_at,
        r1_0.updated_at,
        u1_0.telefono,
        u1_0.updated_at 
    from
        utenti u1_0 
    left join
        ruoli r1_0 
            on r1_0.id=u1_0.ruolo_id 
    left join
        ruoli_permessi rp1_0 
            on r1_0.id=rp1_0.ruolo_id 
    left join
        permessi p1_0 
            on p1_0.id=rp1_0.permesso_id 
    left join
        gruppi g1_0 
            on g1_0.id=p1_0.gruppo_id 
    where
        u1_0.email=?
Hibernate: 
    select
        u1_0.id,
        u1_0.codice_fiscale,
        u1_0.cognome,
        u1_0.created_at,
        u1_0.data_nascita,
        u1_0.email,
        u1_0.logo,
        u1_0.indirizzo,
        u1_0.last_login_at,
        u1_0.metodo_registrazione,
        u1_0.nome,
        u1_0.password,
        u1_0.pdf_tema_colore,
        r1_0.id,
        r1_0.alias,
        r1_0.created_at,
        r1_0.nome,
        rp1_0.ruolo_id,
        rp1_0.id,
        rp1_0.created_at,
        rp1_0.permesso_id,
        p1_0.id,
        p1_0.alias,
        p1_0.created_at,
        g1_0.id,
        g1_0.alias,
        g1_0.created_at,
        g1_0.nome,
        g1_0.updated_at,
        p1_0.nome,
        p1_0.updated_at,
        rp1_0.updated_at,
        r1_0.updated_at,
        u1_0.telefono,
        u1_0.updated_at 
    from
        utenti u1_0 
    left join
        ruoli r1_0 
            on r1_0.id=u1_0.ruolo_id 
    left join
        ruoli_permessi rp1_0 
            on r1_0.id=rp1_0.ruolo_id 
    left join
        permessi p1_0 
            on p1_0.id=rp1_0.permesso_id 
    left join
        gruppi g1_0 
            on g1_0.id=p1_0.gruppo_id 
    where
        u1_0.email=?
2026-07-13T20:26:38.857+02:00 DEBUG 81128 --- [ProgettoNutrizionista] [nio-8080-exec-8] org.hibernate.SQL                        : 
    select
        ta1_0.id,
        ta1_0.accepted_at,
        ta1_0.closed_at,
        ta1_0.created_at,
        ta1_0.descrizione,
        ta1_0.motivo_rifiuto,
        ta1_0.nutrizionista_id,
        n1_0.id,
        n1_0.codice_fiscale,
        n1_0.cognome,
        n1_0.created_at,
        n1_0.data_nascita,
        n1_0.email,
        n1_0.logo,
        n1_0.indirizzo,
        n1_0.last_login_at,
        n1_0.metodo_registrazione,
        n1_0.nome,
        n1_0.password,
        n1_0.pdf_tema_colore,
        n1_0.ruolo_id,
        n1_0.telefono,
        n1_0.updated_at,
        ta1_0.oggetto,
        ta1_0.stato,
        ta1_0.updated_at,
        ta1_0.version 
    from
        ticket_assistenza ta1_0 
    join
        utenti n1_0 
            on n1_0.id=ta1_0.nutrizionista_id 
    where
        ta1_0.id=?
Hibernate: 
    select
        ta1_0.id,
        ta1_0.accepted_at,
        ta1_0.closed_at,
        ta1_0.created_at,
        ta1_0.descrizione,
        ta1_0.motivo_rifiuto,
        ta1_0.nutrizionista_id,
        n1_0.id,
        n1_0.codice_fiscale,
        n1_0.cognome,
        n1_0.created_at,
        n1_0.data_nascita,
        n1_0.email,
        n1_0.logo,
        n1_0.indirizzo,
        n1_0.last_login_at,
        n1_0.metodo_registrazione,
        n1_0.nome,
        n1_0.password,
        n1_0.pdf_tema_colore,
        n1_0.ruolo_id,
        n1_0.telefono,
        n1_0.updated_at,
        ta1_0.oggetto,
        ta1_0.stato,
        ta1_0.updated_at,
        ta1_0.version 
    from
        ticket_assistenza ta1_0 
    join
        utenti n1_0 
            on n1_0.id=ta1_0.nutrizionista_id 
    where
        ta1_0.id=?
2026-07-13T20:26:38.914+02:00 DEBUG 81128 --- [ProgettoNutrizionista] [nio-8080-exec-8] org.hibernate.SQL                        : 
    insert 
    into
        messaggi_assistenza
        (created_at, letto, mittente_id, testo, ticket_id) 
    values
        (?, ?, ?, ?, ?)
Hibernate: 
    insert 
    into
        messaggi_assistenza
        (created_at, letto, mittente_id, testo, ticket_id) 
    values
        (?, ?, ?, ?, ?)
2026-07-13T20:26:39.082+02:00 DEBUG 81128 --- [ProgettoNutrizionista] [nio-8080-exec-8] o.s.w.s.m.m.a.HttpEntityMethodProcessor  : Using 'application/json', given [*/*] and supported [application/json, application/*+json, application/yaml]
2026-07-13T20:26:39.082+02:00 DEBUG 81128 --- [ProgettoNutrizionista] [nio-8080-exec-8] o.s.w.s.m.m.a.HttpEntityMethodProcessor  : Writing [it.nutrizionista.restnutrizionista.dto.MessaggioAssistenzaDto@5ebe38bb]
2026-07-13T20:26:39.083+02:00 DEBUG 81128 --- [ProgettoNutrizionista] [nio-8080-exec-8] o.s.web.servlet.DispatcherServlet        : Completed 201 CREATED
2026-07-13T20:26:39.092+02:00 DEBUG 81128 --- [ProgettoNutrizionista] [nio-8080-exec-6] o.s.web.servlet.DispatcherServlet        : POST "/api/assistenza/tickets/30001/messaggi", parameters={}
2026-07-13T20:26:39.092+02:00 DEBUG 81128 --- [ProgettoNutrizionista] [nio-8080-exec-6] s.w.s.m.m.a.RequestMappingHandlerMapping : Mapped to it.nutrizionista.restnutrizionista.controller.AssistenzaController#invia(Long, CreaMessaggioAssistenzaRequest)
2026-07-13T20:26:39.093+02:00 DEBUG 81128 --- [ProgettoNutrizionista] [nio-8080-exec-6] m.m.a.RequestResponseBodyMethodProcessor : Read "application/json;charset=UTF-8" to [it.nutrizionista.restnutrizionista.dto.CreaMessaggioAssistenzaRequest@11bd6f20]
2026-07-13T20:26:39.143+02:00 DEBUG 81128 --- [ProgettoNutrizionista] [nio-8080-exec-6] org.hibernate.SQL                        : 
    select
        u1_0.id,
        u1_0.codice_fiscale,
        u1_0.cognome,
        u1_0.created_at,
        u1_0.data_nascita,
        u1_0.email,
        u1_0.logo,
        u1_0.indirizzo,
        u1_0.last_login_at,
        u1_0.metodo_registrazione,
        u1_0.nome,
        u1_0.password,
        u1_0.pdf_tema_colore,
        r1_0.id,
        r1_0.alias,
        r1_0.created_at,
        r1_0.nome,
        rp1_0.ruolo_id,
        rp1_0.id,
        rp1_0.created_at,
        rp1_0.permesso_id,
        p1_0.id,
        p1_0.alias,
        p1_0.created_at,
        g1_0.id,
        g1_0.alias,
        g1_0.created_at,
        g1_0.nome,
        g1_0.updated_at,
        p1_0.nome,
        p1_0.updated_at,
        rp1_0.updated_at,
        r1_0.updated_at,
        u1_0.telefono,
        u1_0.updated_at 
    from
        utenti u1_0 
    left join
        ruoli r1_0 
            on r1_0.id=u1_0.ruolo_id 
    left join
        ruoli_permessi rp1_0 
            on r1_0.id=rp1_0.ruolo_id 
    left join
        permessi p1_0 
            on p1_0.id=rp1_0.permesso_id 
    left join
        gruppi g1_0 
            on g1_0.id=p1_0.gruppo_id 
    where
        u1_0.email=?
Hibernate: 
    select
        u1_0.id,
        u1_0.codice_fiscale,
        u1_0.cognome,
        u1_0.created_at,
        u1_0.data_nascita,
        u1_0.email,
        u1_0.logo,
        u1_0.indirizzo,
        u1_0.last_login_at,
        u1_0.metodo_registrazione,
        u1_0.nome,
        u1_0.password,
        u1_0.pdf_tema_colore,
        r1_0.id,
        r1_0.alias,
        r1_0.created_at,
        r1_0.nome,
        rp1_0.ruolo_id,
        rp1_0.id,
        rp1_0.created_at,
        rp1_0.permesso_id,
        p1_0.id,
        p1_0.alias,
        p1_0.created_at,
        g1_0.id,
        g1_0.alias,
        g1_0.created_at,
        g1_0.nome,
        g1_0.updated_at,
        p1_0.nome,
        p1_0.updated_at,
        rp1_0.updated_at,
        r1_0.updated_at,
        u1_0.telefono,
        u1_0.updated_at 
    from
        utenti u1_0 
    left join
        ruoli r1_0 
            on r1_0.id=u1_0.ruolo_id 
    left join
        ruoli_permessi rp1_0 
            on r1_0.id=rp1_0.ruolo_id 
    left join
        permessi p1_0 
            on p1_0.id=rp1_0.permesso_id 
    left join
        gruppi g1_0 
            on g1_0.id=p1_0.gruppo_id 
    where
        u1_0.email=?
2026-07-13T20:26:39.222+02:00 DEBUG 81128 --- [ProgettoNutrizionista] [nio-8080-exec-6] org.hibernate.SQL                        : 
    select
        ta1_0.id,
        ta1_0.accepted_at,
        ta1_0.closed_at,
        ta1_0.created_at,
        ta1_0.descrizione,
        ta1_0.motivo_rifiuto,
        ta1_0.nutrizionista_id,
        n1_0.id,
        n1_0.codice_fiscale,
        n1_0.cognome,
        n1_0.created_at,
        n1_0.data_nascita,
        n1_0.email,
        n1_0.logo,
        n1_0.indirizzo,
        n1_0.last_login_at,
        n1_0.metodo_registrazione,
        n1_0.nome,
        n1_0.password,
        n1_0.pdf_tema_colore,
        n1_0.ruolo_id,
        n1_0.telefono,
        n1_0.updated_at,
        ta1_0.oggetto,
        ta1_0.stato,
        ta1_0.updated_at,
        ta1_0.version 
    from
        ticket_assistenza ta1_0 
    join
        utenti n1_0 
            on n1_0.id=ta1_0.nutrizionista_id 
    where
        ta1_0.id=?
Hibernate: 
    select
        ta1_0.id,
        ta1_0.accepted_at,
        ta1_0.closed_at,
        ta1_0.created_at,
        ta1_0.descrizione,
        ta1_0.motivo_rifiuto,
        ta1_0.nutrizionista_id,
        n1_0.id,
        n1_0.codice_fiscale,
        n1_0.cognome,
        n1_0.created_at,
        n1_0.data_nascita,
        n1_0.email,
        n1_0.logo,
        n1_0.indirizzo,
        n1_0.last_login_at,
        n1_0.metodo_registrazione,
        n1_0.nome,
        n1_0.password,
        n1_0.pdf_tema_colore,
        n1_0.ruolo_id,
        n1_0.telefono,
        n1_0.updated_at,
        ta1_0.oggetto,
        ta1_0.stato,
        ta1_0.updated_at,
        ta1_0.version 
    from
        ticket_assistenza ta1_0 
    join
        utenti n1_0 
            on n1_0.id=ta1_0.nutrizionista_id 
    where
        ta1_0.id=?
2026-07-13T20:26:39.292+02:00 DEBUG 81128 --- [ProgettoNutrizionista] [nio-8080-exec-6] org.hibernate.SQL                        : 
    insert 
    into
        messaggi_assistenza
        (created_at, letto, mittente_id, testo, ticket_id) 
    values
        (?, ?, ?, ?, ?)
Hibernate: 
    insert 
    into
        messaggi_assistenza
        (created_at, letto, mittente_id, testo, ticket_id) 
    values
        (?, ?, ?, ?, ?)
2026-07-13T20:26:39.440+02:00 DEBUG 81128 --- [ProgettoNutrizionista] [nio-8080-exec-6] o.s.w.s.m.m.a.HttpEntityMethodProcessor  : Using 'application/json', given [*/*] and supported [application/json, application/*+json, application/yaml]
2026-07-13T20:26:39.441+02:00 DEBUG 81128 --- [ProgettoNutrizionista] [nio-8080-exec-6] o.s.w.s.m.m.a.HttpEntityMethodProcessor  : Writing [it.nutrizionista.restnutrizionista.dto.MessaggioAssistenzaDto@71da4cdd]
2026-07-13T20:26:39.442+02:00 DEBUG 81128 --- [ProgettoNutrizionista] [nio-8080-exec-6] o.s.web.servlet.DispatcherServlet        : Completed 201 CREATED
2026-07-13T20:26:39.467+02:00 DEBUG 81128 --- [ProgettoNutrizionista] [nio-8080-exec-4] o.s.web.servlet.DispatcherServlet        : POST "/api/assistenza/tickets/30001/messaggi", parameters={}
2026-07-13T20:26:39.467+02:00 DEBUG 81128 --- [ProgettoNutrizionista] [nio-8080-exec-4] s.w.s.m.m.a.RequestMappingHandlerMapping : Mapped to it.nutrizionista.restnutrizionista.controller.AssistenzaController#invia(Long, CreaMessaggioAssistenzaRequest)
2026-07-13T20:26:39.468+02:00 DEBUG 81128 --- [ProgettoNutrizionista] [nio-8080-exec-4] m.m.a.RequestResponseBodyMethodProcessor : Read "application/json;charset=UTF-8" to [it.nutrizionista.restnutrizionista.dto.CreaMessaggioAssistenzaRequest@581775ce]
2026-07-13T20:26:39.515+02:00 DEBUG 81128 --- [ProgettoNutrizionista] [nio-8080-exec-4] org.hibernate.SQL                        : 
    select
        u1_0.id,
        u1_0.codice_fiscale,
        u1_0.cognome,
        u1_0.created_at,
        u1_0.data_nascita,
        u1_0.email,
        u1_0.logo,
        u1_0.indirizzo,
        u1_0.last_login_at,
        u1_0.metodo_registrazione,
        u1_0.nome,
        u1_0.password,
        u1_0.pdf_tema_colore,
        r1_0.id,
        r1_0.alias,
        r1_0.created_at,
        r1_0.nome,
        rp1_0.ruolo_id,
        rp1_0.id,
        rp1_0.created_at,
        rp1_0.permesso_id,
        p1_0.id,
        p1_0.alias,
        p1_0.created_at,
        g1_0.id,
        g1_0.alias,
        g1_0.created_at,
        g1_0.nome,
        g1_0.updated_at,
        p1_0.nome,
        p1_0.updated_at,
        rp1_0.updated_at,
        r1_0.updated_at,
        u1_0.telefono,
        u1_0.updated_at 
    from
        utenti u1_0 
    left join
        ruoli r1_0 
            on r1_0.id=u1_0.ruolo_id 
    left join
        ruoli_permessi rp1_0 
            on r1_0.id=rp1_0.ruolo_id 
    left join
        permessi p1_0 
            on p1_0.id=rp1_0.permesso_id 
    left join
        gruppi g1_0 
            on g1_0.id=p1_0.gruppo_id 
    where
        u1_0.email=?
Hibernate: 
    select
        u1_0.id,
        u1_0.codice_fiscale,
        u1_0.cognome,
        u1_0.created_at,
        u1_0.data_nascita,
        u1_0.email,
        u1_0.logo,
        u1_0.indirizzo,
        u1_0.last_login_at,
        u1_0.metodo_registrazione,
        u1_0.nome,
        u1_0.password,
        u1_0.pdf_tema_colore,
        r1_0.id,
        r1_0.alias,
        r1_0.created_at,
        r1_0.nome,
        rp1_0.ruolo_id,
        rp1_0.id,
        rp1_0.created_at,
        rp1_0.permesso_id,
        p1_0.id,
        p1_0.alias,
        p1_0.created_at,
        g1_0.id,
        g1_0.alias,
        g1_0.created_at,
        g1_0.nome,
        g1_0.updated_at,
        p1_0.nome,
        p1_0.updated_at,
        rp1_0.updated_at,
        r1_0.updated_at,
        u1_0.telefono,
        u1_0.updated_at 
    from
        utenti u1_0 
    left join
        ruoli r1_0 
            on r1_0.id=u1_0.ruolo_id 
    left join
        ruoli_permessi rp1_0 
            on r1_0.id=rp1_0.ruolo_id 
    left join
        permessi p1_0 
            on p1_0.id=rp1_0.permesso_id 
    left join
        gruppi g1_0 
            on g1_0.id=p1_0.gruppo_id 
    where
        u1_0.email=?
2026-07-13T20:26:39.589+02:00 DEBUG 81128 --- [ProgettoNutrizionista] [nio-8080-exec-4] org.hibernate.SQL                        : 
    select
        ta1_0.id,
        ta1_0.accepted_at,
        ta1_0.closed_at,
        ta1_0.created_at,
        ta1_0.descrizione,
        ta1_0.motivo_rifiuto,
        ta1_0.nutrizionista_id,
        n1_0.id,
        n1_0.codice_fiscale,
        n1_0.cognome,
        n1_0.created_at,
        n1_0.data_nascita,
        n1_0.email,
        n1_0.logo,
        n1_0.indirizzo,
        n1_0.last_login_at,
        n1_0.metodo_registrazione,
        n1_0.nome,
        n1_0.password,
        n1_0.pdf_tema_colore,
        n1_0.ruolo_id,
        n1_0.telefono,
        n1_0.updated_at,
        ta1_0.oggetto,
        ta1_0.stato,
        ta1_0.updated_at,
        ta1_0.version 
    from
        ticket_assistenza ta1_0 
    join
        utenti n1_0 
            on n1_0.id=ta1_0.nutrizionista_id 
    where
        ta1_0.id=?
Hibernate: 
    select
        ta1_0.id,
        ta1_0.accepted_at,
        ta1_0.closed_at,
        ta1_0.created_at,
        ta1_0.descrizione,
        ta1_0.motivo_rifiuto,
        ta1_0.nutrizionista_id,
        n1_0.id,
        n1_0.codice_fiscale,
        n1_0.cognome,
        n1_0.created_at,
        n1_0.data_nascita,
        n1_0.email,
        n1_0.logo,
        n1_0.indirizzo,
        n1_0.last_login_at,
        n1_0.metodo_registrazione,
        n1_0.nome,
        n1_0.password,
        n1_0.pdf_tema_colore,
        n1_0.ruolo_id,
        n1_0.telefono,
        n1_0.updated_at,
        ta1_0.oggetto,
        ta1_0.stato,
        ta1_0.updated_at,
        ta1_0.version 
    from
        ticket_assistenza ta1_0 
    join
        utenti n1_0 
            on n1_0.id=ta1_0.nutrizionista_id 
    where
        ta1_0.id=?
2026-07-13T20:26:39.646+02:00 DEBUG 81128 --- [ProgettoNutrizionista] [nio-8080-exec-4] org.hibernate.SQL                        : 
    insert 
    into
        messaggi_assistenza
        (created_at, letto, mittente_id, testo, ticket_id) 
    values
        (?, ?, ?, ?, ?)
Hibernate: 
    insert 
    into
        messaggi_assistenza
        (created_at, letto, mittente_id, testo, ticket_id) 
    values
        (?, ?, ?, ?, ?)
2026-07-13T20:26:39.838+02:00 DEBUG 81128 --- [ProgettoNutrizionista] [nio-8080-exec-4] o.s.w.s.m.m.a.HttpEntityMethodProcessor  : Using 'application/json', given [*/*] and supported [application/json, application/*+json, application/yaml]
2026-07-13T20:26:39.838+02:00 DEBUG 81128 --- [ProgettoNutrizionista] [nio-8080-exec-4] o.s.w.s.m.m.a.HttpEntityMethodProcessor  : Writing [it.nutrizionista.restnutrizionista.dto.MessaggioAssistenzaDto@a961403]
2026-07-13T20:26:39.839+02:00 DEBUG 81128 --- [ProgettoNutrizionista] [nio-8080-exec-4] o.s.web.servlet.DispatcherServlet        : Completed 201 CREATED
2026-07-13T20:26:39.850+02:00 DEBUG 81128 --- [ProgettoNutrizionista] [nio-8080-exec-1] o.s.web.servlet.DispatcherServlet        : POST "/api/assistenza/tickets/30001/messaggi", parameters={}
2026-07-13T20:26:39.851+02:00 DEBUG 81128 --- [ProgettoNutrizionista] [nio-8080-exec-1] s.w.s.m.m.a.RequestMappingHandlerMapping : Mapped to it.nutrizionista.restnutrizionista.controller.AssistenzaController#invia(Long, CreaMessaggioAssistenzaRequest)
2026-07-13T20:26:39.851+02:00 DEBUG 81128 --- [ProgettoNutrizionista] [nio-8080-exec-1] m.m.a.RequestResponseBodyMethodProcessor : Read "application/json;charset=UTF-8" to [it.nutrizionista.restnutrizionista.dto.CreaMessaggioAssistenzaRequest@dbc6c0d]
2026-07-13T20:26:39.900+02:00 DEBUG 81128 --- [ProgettoNutrizionista] [nio-8080-exec-1] org.hibernate.SQL                        : 
    select
        u1_0.id,
        u1_0.codice_fiscale,
        u1_0.cognome,
        u1_0.created_at,
        u1_0.data_nascita,
        u1_0.email,
        u1_0.logo,
        u1_0.indirizzo,
        u1_0.last_login_at,
        u1_0.metodo_registrazione,
        u1_0.nome,
        u1_0.password,
        u1_0.pdf_tema_colore,
        r1_0.id,
        r1_0.alias,
        r1_0.created_at,
        r1_0.nome,
        rp1_0.ruolo_id,
        rp1_0.id,
        rp1_0.created_at,
        rp1_0.permesso_id,
        p1_0.id,
        p1_0.alias,
        p1_0.created_at,
        g1_0.id,
        g1_0.alias,
        g1_0.created_at,
        g1_0.nome,
        g1_0.updated_at,
        p1_0.nome,
        p1_0.updated_at,
        rp1_0.updated_at,
        r1_0.updated_at,
        u1_0.telefono,
        u1_0.updated_at 
    from
        utenti u1_0 
    left join
        ruoli r1_0 
            on r1_0.id=u1_0.ruolo_id 
    left join
        ruoli_permessi rp1_0 
            on r1_0.id=rp1_0.ruolo_id 
    left join
        permessi p1_0 
            on p1_0.id=rp1_0.permesso_id 
    left join
        gruppi g1_0 
            on g1_0.id=p1_0.gruppo_id 
    where
        u1_0.email=?
Hibernate: 
    select
        u1_0.id,
        u1_0.codice_fiscale,
        u1_0.cognome,
        u1_0.created_at,
        u1_0.data_nascita,
        u1_0.email,
        u1_0.logo,
        u1_0.indirizzo,
        u1_0.last_login_at,
        u1_0.metodo_registrazione,
        u1_0.nome,
        u1_0.password,
        u1_0.pdf_tema_colore,
        r1_0.id,
        r1_0.alias,
        r1_0.created_at,
        r1_0.nome,
        rp1_0.ruolo_id,
        rp1_0.id,
        rp1_0.created_at,
        rp1_0.permesso_id,
        p1_0.id,
        p1_0.alias,
        p1_0.created_at,
        g1_0.id,
        g1_0.alias,
        g1_0.created_at,
        g1_0.nome,
        g1_0.updated_at,
        p1_0.nome,
        p1_0.updated_at,
        rp1_0.updated_at,
        r1_0.updated_at,
        u1_0.telefono,
        u1_0.updated_at 
    from
        utenti u1_0 
    left join
        ruoli r1_0 
            on r1_0.id=u1_0.ruolo_id 
    left join
        ruoli_permessi rp1_0 
            on r1_0.id=rp1_0.ruolo_id 
    left join
        permessi p1_0 
            on p1_0.id=rp1_0.permesso_id 
    left join
        gruppi g1_0 
            on g1_0.id=p1_0.gruppo_id 
    where
        u1_0.email=?
2026-07-13T20:26:39.987+02:00 DEBUG 81128 --- [ProgettoNutrizionista] [nio-8080-exec-1] org.hibernate.SQL                        : 
    select
        ta1_0.id,
        ta1_0.accepted_at,
        ta1_0.closed_at,
        ta1_0.created_at,
        ta1_0.descrizione,
        ta1_0.motivo_rifiuto,
        ta1_0.nutrizionista_id,
        n1_0.id,
        n1_0.codice_fiscale,
        n1_0.cognome,
        n1_0.created_at,
        n1_0.data_nascita,
        n1_0.email,
        n1_0.logo,
        n1_0.indirizzo,
        n1_0.last_login_at,
        n1_0.metodo_registrazione,
        n1_0.nome,
        n1_0.password,
        n1_0.pdf_tema_colore,
        n1_0.ruolo_id,
        n1_0.telefono,
        n1_0.updated_at,
        ta1_0.oggetto,
        ta1_0.stato,
        ta1_0.updated_at,
        ta1_0.version 
    from
        ticket_assistenza ta1_0 
    join
        utenti n1_0 
            on n1_0.id=ta1_0.nutrizionista_id 
    where
        ta1_0.id=?
Hibernate: 
    select
        ta1_0.id,
        ta1_0.accepted_at,
        ta1_0.closed_at,
        ta1_0.created_at,
        ta1_0.descrizione,
        ta1_0.motivo_rifiuto,
        ta1_0.nutrizionista_id,
        n1_0.id,
        n1_0.codice_fiscale,
        n1_0.cognome,
        n1_0.created_at,
        n1_0.data_nascita,
        n1_0.email,
        n1_0.logo,
        n1_0.indirizzo,
        n1_0.last_login_at,
        n1_0.metodo_registrazione,
        n1_0.nome,
        n1_0.password,
        n1_0.pdf_tema_colore,
        n1_0.ruolo_id,
        n1_0.telefono,
        n1_0.updated_at,
        ta1_0.oggetto,
        ta1_0.stato,
        ta1_0.updated_at,
        ta1_0.version 
    from
        ticket_assistenza ta1_0 
    join
        utenti n1_0 
            on n1_0.id=ta1_0.nutrizionista_id 
    where
        ta1_0.id=?
2026-07-13T20:26:40.050+02:00 DEBUG 81128 --- [ProgettoNutrizionista] [nio-8080-exec-1] org.hibernate.SQL                        : 
    insert 
    into
        messaggi_assistenza
        (created_at, letto, mittente_id, testo, ticket_id) 
    values
        (?, ?, ?, ?, ?)
Hibernate: 
    insert 
    into
        messaggi_assistenza
        (created_at, letto, mittente_id, testo, ticket_id) 
    values
        (?, ?, ?, ?, ?)
2026-07-13T20:26:40.213+02:00 DEBUG 81128 --- [ProgettoNutrizionista] [nio-8080-exec-1] o.s.w.s.m.m.a.HttpEntityMethodProcessor  : Using 'application/json', given [*/*] and supported [application/json, application/*+json, application/yaml]
2026-07-13T20:26:40.213+02:00 DEBUG 81128 --- [ProgettoNutrizionista] [nio-8080-exec-1] o.s.w.s.m.m.a.HttpEntityMethodProcessor  : Writing [it.nutrizionista.restnutrizionista.dto.MessaggioAssistenzaDto@3f16cc66]
2026-07-13T20:26:40.214+02:00 DEBUG 81128 --- [ProgettoNutrizionista] [nio-8080-exec-1] o.s.web.servlet.DispatcherServlet        : Completed 201 CREATED
2026-07-13T20:26:40.222+02:00 DEBUG 81128 --- [ProgettoNutrizionista] [io-8080-exec-10] o.s.web.servlet.DispatcherServlet        : POST "/api/assistenza/tickets/30001/messaggi", parameters={}
2026-07-13T20:26:40.223+02:00 DEBUG 81128 --- [ProgettoNutrizionista] [io-8080-exec-10] s.w.s.m.m.a.RequestMappingHandlerMapping : Mapped to it.nutrizionista.restnutrizionista.controller.AssistenzaController#invia(Long, CreaMessaggioAssistenzaRequest)
2026-07-13T20:26:40.223+02:00 DEBUG 81128 --- [ProgettoNutrizionista] [io-8080-exec-10] m.m.a.RequestResponseBodyMethodProcessor : Read "application/json;charset=UTF-8" to [it.nutrizionista.restnutrizionista.dto.CreaMessaggioAssistenzaRequest@33dc5a55]
2026-07-13T20:26:40.268+02:00 DEBUG 81128 --- [ProgettoNutrizionista] [io-8080-exec-10] org.hibernate.SQL                        : 
    select
        u1_0.id,
        u1_0.codice_fiscale,
        u1_0.cognome,
        u1_0.created_at,
        u1_0.data_nascita,
        u1_0.email,
        u1_0.logo,
        u1_0.indirizzo,
        u1_0.last_login_at,
        u1_0.metodo_registrazione,
        u1_0.nome,
        u1_0.password,
        u1_0.pdf_tema_colore,
        r1_0.id,
        r1_0.alias,
        r1_0.created_at,
        r1_0.nome,
        rp1_0.ruolo_id,
        rp1_0.id,
        rp1_0.created_at,
        rp1_0.permesso_id,
        p1_0.id,
        p1_0.alias,
        p1_0.created_at,
        g1_0.id,
        g1_0.alias,
        g1_0.created_at,
        g1_0.nome,
        g1_0.updated_at,
        p1_0.nome,
        p1_0.updated_at,
        rp1_0.updated_at,
        r1_0.updated_at,
        u1_0.telefono,
        u1_0.updated_at 
    from
        utenti u1_0 
    left join
        ruoli r1_0 
            on r1_0.id=u1_0.ruolo_id 
    left join
        ruoli_permessi rp1_0 
            on r1_0.id=rp1_0.ruolo_id 
    left join
        permessi p1_0 
            on p1_0.id=rp1_0.permesso_id 
    left join
        gruppi g1_0 
            on g1_0.id=p1_0.gruppo_id 
    where
        u1_0.email=?
Hibernate: 
    select
        u1_0.id,
        u1_0.codice_fiscale,
        u1_0.cognome,
        u1_0.created_at,
        u1_0.data_nascita,
        u1_0.email,
        u1_0.logo,
        u1_0.indirizzo,
        u1_0.last_login_at,
        u1_0.metodo_registrazione,
        u1_0.nome,
        u1_0.password,
        u1_0.pdf_tema_colore,
        r1_0.id,
        r1_0.alias,
        r1_0.created_at,
        r1_0.nome,
        rp1_0.ruolo_id,
        rp1_0.id,
        rp1_0.created_at,
        rp1_0.permesso_id,
        p1_0.id,
        p1_0.alias,
        p1_0.created_at,
        g1_0.id,
        g1_0.alias,
        g1_0.created_at,
        g1_0.nome,
        g1_0.updated_at,
        p1_0.nome,
        p1_0.updated_at,
        rp1_0.updated_at,
        r1_0.updated_at,
        u1_0.telefono,
        u1_0.updated_at 
    from
        utenti u1_0 
    left join
        ruoli r1_0 
            on r1_0.id=u1_0.ruolo_id 
    left join
        ruoli_permessi rp1_0 
            on r1_0.id=rp1_0.ruolo_id 
    left join
        permessi p1_0 
            on p1_0.id=rp1_0.permesso_id 
    left join
        gruppi g1_0 
            on g1_0.id=p1_0.gruppo_id 
    where
        u1_0.email=?
2026-07-13T20:26:40.354+02:00 DEBUG 81128 --- [ProgettoNutrizionista] [io-8080-exec-10] org.hibernate.SQL                        : 
    select
        ta1_0.id,
        ta1_0.accepted_at,
        ta1_0.closed_at,
        ta1_0.created_at,
        ta1_0.descrizione,
        ta1_0.motivo_rifiuto,
        ta1_0.nutrizionista_id,
        n1_0.id,
        n1_0.codice_fiscale,
        n1_0.cognome,
        n1_0.created_at,
        n1_0.data_nascita,
        n1_0.email,
        n1_0.logo,
        n1_0.indirizzo,
        n1_0.last_login_at,
        n1_0.metodo_registrazione,
        n1_0.nome,
        n1_0.password,
        n1_0.pdf_tema_colore,
        n1_0.ruolo_id,
        n1_0.telefono,
        n1_0.updated_at,
        ta1_0.oggetto,
        ta1_0.stato,
        ta1_0.updated_at,
        ta1_0.version 
    from
        ticket_assistenza ta1_0 
    join
        utenti n1_0 
            on n1_0.id=ta1_0.nutrizionista_id 
    where
        ta1_0.id=?
Hibernate: 
    select
        ta1_0.id,
        ta1_0.accepted_at,
        ta1_0.closed_at,
        ta1_0.created_at,
        ta1_0.descrizione,
        ta1_0.motivo_rifiuto,
        ta1_0.nutrizionista_id,
        n1_0.id,
        n1_0.codice_fiscale,
        n1_0.cognome,
        n1_0.created_at,
        n1_0.data_nascita,
        n1_0.email,
        n1_0.logo,
        n1_0.indirizzo,
        n1_0.last_login_at,
        n1_0.metodo_registrazione,
        n1_0.nome,
        n1_0.password,
        n1_0.pdf_tema_colore,
        n1_0.ruolo_id,
        n1_0.telefono,
        n1_0.updated_at,
        ta1_0.oggetto,
        ta1_0.stato,
        ta1_0.updated_at,
        ta1_0.version 
    from
        ticket_assistenza ta1_0 
    join
        utenti n1_0 
            on n1_0.id=ta1_0.nutrizionista_id 
    where
        ta1_0.id=?
2026-07-13T20:26:40.414+02:00 DEBUG 81128 --- [ProgettoNutrizionista] [io-8080-exec-10] org.hibernate.SQL                        : 
    insert 
    into
        messaggi_assistenza
        (created_at, letto, mittente_id, testo, ticket_id) 
    values
        (?, ?, ?, ?, ?)
Hibernate: 
    insert 
    into
        messaggi_assistenza
        (created_at, letto, mittente_id, testo, ticket_id) 
    values
        (?, ?, ?, ?, ?)
2026-07-13T20:26:40.580+02:00 DEBUG 81128 --- [ProgettoNutrizionista] [io-8080-exec-10] o.s.w.s.m.m.a.HttpEntityMethodProcessor  : Using 'application/json', given [*/*] and supported [application/json, application/*+json, application/yaml]
2026-07-13T20:26:40.581+02:00 DEBUG 81128 --- [ProgettoNutrizionista] [io-8080-exec-10] o.s.w.s.m.m.a.HttpEntityMethodProcessor  : Writing [it.nutrizionista.restnutrizionista.dto.MessaggioAssistenzaDto@3bef6663]
2026-07-13T20:26:40.582+02:00 DEBUG 81128 --- [ProgettoNutrizionista] [io-8080-exec-10] o.s.web.servlet.DispatcherServlet        : Completed 201 CREATED
2026-07-13T20:26:40.594+02:00 DEBUG 81128 --- [ProgettoNutrizionista] [nio-8080-exec-2] o.s.web.servlet.DispatcherServlet        : POST "/api/assistenza/tickets/30001/messaggi", parameters={}
2026-07-13T20:26:40.595+02:00 DEBUG 81128 --- [ProgettoNutrizionista] [nio-8080-exec-2] s.w.s.m.m.a.RequestMappingHandlerMapping : Mapped to it.nutrizionista.restnutrizionista.controller.AssistenzaController#invia(Long, CreaMessaggioAssistenzaRequest)
2026-07-13T20:26:40.595+02:00 DEBUG 81128 --- [ProgettoNutrizionista] [nio-8080-exec-2] m.m.a.RequestResponseBodyMethodProcessor : Read "application/json;charset=UTF-8" to [it.nutrizionista.restnutrizionista.dto.CreaMessaggioAssistenzaRequest@18eb55e2]
2026-07-13T20:26:40.685+02:00 DEBUG 81128 --- [ProgettoNutrizionista] [nio-8080-exec-2] org.hibernate.SQL                        : 
    select
        u1_0.id,
        u1_0.codice_fiscale,
        u1_0.cognome,
        u1_0.created_at,
        u1_0.data_nascita,
        u1_0.email,
        u1_0.logo,
        u1_0.indirizzo,
        u1_0.last_login_at,
        u1_0.metodo_registrazione,
        u1_0.nome,
        u1_0.password,
        u1_0.pdf_tema_colore,
        r1_0.id,
        r1_0.alias,
        r1_0.created_at,
        r1_0.nome,
        rp1_0.ruolo_id,
        rp1_0.id,
        rp1_0.created_at,
        rp1_0.permesso_id,
        p1_0.id,
        p1_0.alias,
        p1_0.created_at,
        g1_0.id,
        g1_0.alias,
        g1_0.created_at,
        g1_0.nome,
        g1_0.updated_at,
        p1_0.nome,
        p1_0.updated_at,
        rp1_0.updated_at,
        r1_0.updated_at,
        u1_0.telefono,
        u1_0.updated_at 
    from
        utenti u1_0 
    left join
        ruoli r1_0 
            on r1_0.id=u1_0.ruolo_id 
    left join
        ruoli_permessi rp1_0 
            on r1_0.id=rp1_0.ruolo_id 
    left join
        permessi p1_0 
            on p1_0.id=rp1_0.permesso_id 
    left join
        gruppi g1_0 
            on g1_0.id=p1_0.gruppo_id 
    where
        u1_0.email=?
Hibernate: 
    select
        u1_0.id,
        u1_0.codice_fiscale,
        u1_0.cognome,
        u1_0.created_at,
        u1_0.data_nascita,
        u1_0.email,
        u1_0.logo,
        u1_0.indirizzo,
        u1_0.last_login_at,
        u1_0.metodo_registrazione,
        u1_0.nome,
        u1_0.password,
        u1_0.pdf_tema_colore,
        r1_0.id,
        r1_0.alias,
        r1_0.created_at,
        r1_0.nome,
        rp1_0.ruolo_id,
        rp1_0.id,
        rp1_0.created_at,
        rp1_0.permesso_id,
        p1_0.id,
        p1_0.alias,
        p1_0.created_at,
        g1_0.id,
        g1_0.alias,
        g1_0.created_at,
        g1_0.nome,
        g1_0.updated_at,
        p1_0.nome,
        p1_0.updated_at,
        rp1_0.updated_at,
        r1_0.updated_at,
        u1_0.telefono,
        u1_0.updated_at 
    from
        utenti u1_0 
    left join
        ruoli r1_0 
            on r1_0.id=u1_0.ruolo_id 
    left join
        ruoli_permessi rp1_0 
            on r1_0.id=rp1_0.ruolo_id 
    left join
        permessi p1_0 
            on p1_0.id=rp1_0.permesso_id 
    left join
        gruppi g1_0 
            on g1_0.id=p1_0.gruppo_id 
    where
        u1_0.email=?
2026-07-13T20:26:40.769+02:00 DEBUG 81128 --- [ProgettoNutrizionista] [nio-8080-exec-2] org.hibernate.SQL                        : 
    select
        ta1_0.id,
        ta1_0.accepted_at,
        ta1_0.closed_at,
        ta1_0.created_at,
        ta1_0.descrizione,
        ta1_0.motivo_rifiuto,
        ta1_0.nutrizionista_id,
        n1_0.id,
        n1_0.codice_fiscale,
        n1_0.cognome,
        n1_0.created_at,
        n1_0.data_nascita,
        n1_0.email,
        n1_0.logo,
        n1_0.indirizzo,
        n1_0.last_login_at,
        n1_0.metodo_registrazione,
        n1_0.nome,
        n1_0.password,
        n1_0.pdf_tema_colore,
        n1_0.ruolo_id,
        n1_0.telefono,
        n1_0.updated_at,
        ta1_0.oggetto,
        ta1_0.stato,
        ta1_0.updated_at,
        ta1_0.version 
    from
        ticket_assistenza ta1_0 
    join
        utenti n1_0 
            on n1_0.id=ta1_0.nutrizionista_id 
    where
        ta1_0.id=?
Hibernate: 
    select
        ta1_0.id,
        ta1_0.accepted_at,
        ta1_0.closed_at,
        ta1_0.created_at,
        ta1_0.descrizione,
        ta1_0.motivo_rifiuto,
        ta1_0.nutrizionista_id,
        n1_0.id,
        n1_0.codice_fiscale,
        n1_0.cognome,
        n1_0.created_at,
        n1_0.data_nascita,
        n1_0.email,
        n1_0.logo,
        n1_0.indirizzo,
        n1_0.last_login_at,
        n1_0.metodo_registrazione,
        n1_0.nome,
        n1_0.password,
        n1_0.pdf_tema_colore,
        n1_0.ruolo_id,
        n1_0.telefono,
        n1_0.updated_at,
        ta1_0.oggetto,
        ta1_0.stato,
        ta1_0.updated_at,
        ta1_0.version 
    from
        ticket_assistenza ta1_0 
    join
        utenti n1_0 
            on n1_0.id=ta1_0.nutrizionista_id 
    where
        ta1_0.id=?
2026-07-13T20:26:40.936+02:00 DEBUG 81128 --- [ProgettoNutrizionista] [nio-8080-exec-2] .m.m.a.ExceptionHandlerExceptionResolver : Using @ExceptionHandler it.nutrizionista.restnutrizionista.exception.GlobalExceptionHandler#handleTooManyRequests(TooManyRequestsException)
2026-07-13T20:26:40.936+02:00 DEBUG 81128 --- [ProgettoNutrizionista] [nio-8080-exec-2] o.s.w.s.m.m.a.HttpEntityMethodProcessor  : Using 'text/plain', given [*/*] and supported [text/plain, */*, application/json, application/*+json, application/yaml]
2026-07-13T20:26:40.937+02:00 DEBUG 81128 --- [ProgettoNutrizionista] [nio-8080-exec-2] o.s.w.s.m.m.a.HttpEntityMethodProcessor  : Writing ["Troppi messaggi: attendi un minuto prima di riprovare"]
2026-07-13T20:26:40.938+02:00  WARN 81128 --- [ProgettoNutrizionista] [nio-8080-exec-2] .m.m.a.ExceptionHandlerExceptionResolver : Resolved [it.nutrizionista.restnutrizionista.exception.TooManyRequestsException: Troppi messaggi: attendi un minuto prima di riprovare]
2026-07-13T20:26:40.939+02:00 DEBUG 81128 --- [ProgettoNutrizionista] [nio-8080-exec-2] o.s.web.servlet.DispatcherServlet        : Completed 429 TOO_MANY_REQUESTS
2026-07-13T20:26:40.942+02:00 DEBUG 81128 --- [ProgettoNutrizionista] [nio-8080-exec-3] o.s.web.servlet.DispatcherServlet        : POST "/api/admin/assistenza/tickets/30001/chiudi", parameters={}
2026-07-13T20:26:40.943+02:00 DEBUG 81128 --- [ProgettoNutrizionista] [nio-8080-exec-3] s.w.s.m.m.a.RequestMappingHandlerMapping : Mapped to it.nutrizionista.restnutrizionista.controller.AdminAssistenzaController#chiudi(Long)
2026-07-13T20:26:40.990+02:00 DEBUG 81128 --- [ProgettoNutrizionista] [nio-8080-exec-3] org.hibernate.SQL                        : 
    select
        u1_0.id,
        u1_0.codice_fiscale,
        u1_0.cognome,
        u1_0.created_at,
        u1_0.data_nascita,
        u1_0.email,
        u1_0.logo,
        u1_0.indirizzo,
        u1_0.last_login_at,
        u1_0.metodo_registrazione,
        u1_0.nome,
        u1_0.password,
        u1_0.pdf_tema_colore,
        r1_0.id,
        r1_0.alias,
        r1_0.created_at,
        r1_0.nome,
        rp1_0.ruolo_id,
        rp1_0.id,
        rp1_0.created_at,
        rp1_0.permesso_id,
        p1_0.id,
        p1_0.alias,
        p1_0.created_at,
        g1_0.id,
        g1_0.alias,
        g1_0.created_at,
        g1_0.nome,
        g1_0.updated_at,
        p1_0.nome,
        p1_0.updated_at,
        rp1_0.updated_at,
        r1_0.updated_at,
        u1_0.telefono,
        u1_0.updated_at 
    from
        utenti u1_0 
    left join
        ruoli r1_0 
            on r1_0.id=u1_0.ruolo_id 
    left join
        ruoli_permessi rp1_0 
            on r1_0.id=rp1_0.ruolo_id 
    left join
        permessi p1_0 
            on p1_0.id=rp1_0.permesso_id 
    left join
        gruppi g1_0 
            on g1_0.id=p1_0.gruppo_id 
    where
        u1_0.email=?
Hibernate: 
    select
        u1_0.id,
        u1_0.codice_fiscale,
        u1_0.cognome,
        u1_0.created_at,
        u1_0.data_nascita,
        u1_0.email,
        u1_0.logo,
        u1_0.indirizzo,
        u1_0.last_login_at,
        u1_0.metodo_registrazione,
        u1_0.nome,
        u1_0.password,
        u1_0.pdf_tema_colore,
        r1_0.id,
        r1_0.alias,
        r1_0.created_at,
        r1_0.nome,
        rp1_0.ruolo_id,
        rp1_0.id,
        rp1_0.created_at,
        rp1_0.permesso_id,
        p1_0.id,
        p1_0.alias,
        p1_0.created_at,
        g1_0.id,
        g1_0.alias,
        g1_0.created_at,
        g1_0.nome,
        g1_0.updated_at,
        p1_0.nome,
        p1_0.updated_at,
        rp1_0.updated_at,
        r1_0.updated_at,
        u1_0.telefono,
        u1_0.updated_at 
    from
        utenti u1_0 
    left join
        ruoli r1_0 
            on r1_0.id=u1_0.ruolo_id 
    left join
        ruoli_permessi rp1_0 
            on r1_0.id=rp1_0.ruolo_id 
    left join
        permessi p1_0 
            on p1_0.id=rp1_0.permesso_id 
    left join
        gruppi g1_0 
            on g1_0.id=p1_0.gruppo_id 
    where
        u1_0.email=?
2026-07-13T20:26:41.061+02:00 DEBUG 81128 --- [ProgettoNutrizionista] [nio-8080-exec-3] org.hibernate.SQL                        : 
    select
        ta1_0.id,
        ta1_0.accepted_at,
        ta1_0.closed_at,
        ta1_0.created_at,
        ta1_0.descrizione,
        ta1_0.motivo_rifiuto,
        ta1_0.nutrizionista_id,
        n1_0.id,
        n1_0.codice_fiscale,
        n1_0.cognome,
        n1_0.created_at,
        n1_0.data_nascita,
        n1_0.email,
        n1_0.logo,
        n1_0.indirizzo,
        n1_0.last_login_at,
        n1_0.metodo_registrazione,
        n1_0.nome,
        n1_0.password,
        n1_0.pdf_tema_colore,
        n1_0.ruolo_id,
        n1_0.telefono,
        n1_0.updated_at,
        ta1_0.oggetto,
        ta1_0.stato,
        ta1_0.updated_at,
        ta1_0.version 
    from
        ticket_assistenza ta1_0 
    join
        utenti n1_0 
            on n1_0.id=ta1_0.nutrizionista_id 
    where
        ta1_0.id=?
Hibernate: 
    select
        ta1_0.id,
        ta1_0.accepted_at,
        ta1_0.closed_at,
        ta1_0.created_at,
        ta1_0.descrizione,
        ta1_0.motivo_rifiuto,
        ta1_0.nutrizionista_id,
        n1_0.id,
        n1_0.codice_fiscale,
        n1_0.cognome,
        n1_0.created_at,
        n1_0.data_nascita,
        n1_0.email,
        n1_0.logo,
        n1_0.indirizzo,
        n1_0.last_login_at,
        n1_0.metodo_registrazione,
        n1_0.nome,
        n1_0.password,
        n1_0.pdf_tema_colore,
        n1_0.ruolo_id,
        n1_0.telefono,
        n1_0.updated_at,
        ta1_0.oggetto,
        ta1_0.stato,
        ta1_0.updated_at,
        ta1_0.version 
    from
        ticket_assistenza ta1_0 
    join
        utenti n1_0 
            on n1_0.id=ta1_0.nutrizionista_id 
    where
        ta1_0.id=?
2026-07-13T20:26:41.119+02:00 DEBUG 81128 --- [ProgettoNutrizionista] [nio-8080-exec-3] org.hibernate.SQL                        : 
    select
        r1_0.id,
        r1_0.alias,
        r1_0.created_at,
        r1_0.nome,
        r1_0.updated_at 
    from
        ruoli r1_0 
    where
        r1_0.id=?
Hibernate: 
    select
        r1_0.id,
        r1_0.alias,
        r1_0.created_at,
        r1_0.nome,
        r1_0.updated_at 
    from
        ruoli r1_0 
    where
        r1_0.id=?
2026-07-13T20:26:41.174+02:00 DEBUG 81128 --- [ProgettoNutrizionista] [nio-8080-exec-3] org.hibernate.SQL                        : 
    update
        ticket_assistenza 
    set
        accepted_at=?,
        closed_at=?,
        descrizione=?,
        motivo_rifiuto=?,
        nutrizionista_id=?,
        oggetto=?,
        stato=?,
        updated_at=?,
        version=? 
    where
        id=? 
        and version=?
Hibernate: 
    update
        ticket_assistenza 
    set
        accepted_at=?,
        closed_at=?,
        descrizione=?,
        motivo_rifiuto=?,
        nutrizionista_id=?,
        oggetto=?,
        stato=?,
        updated_at=?,
        version=? 
    where
        id=? 
        and version=?
2026-07-13T20:26:41.223+02:00  INFO 81128 --- [ProgettoNutrizionista] [nio-8080-exec-3] AUDIT.assistenza                         : transizione assistenza utenteId=90001 ticketId=30001 ACCETTATO->CHIUSO
2026-07-13T20:26:41.225+02:00 DEBUG 81128 --- [ProgettoNutrizionista] [nio-8080-exec-3] org.hibernate.SQL                        : 
    select
        count(ma1_0.id) 
    from
        messaggi_assistenza ma1_0 
    join
        ticket_assistenza t1_0 
            on t1_0.id=ma1_0.ticket_id 
    join
        utenti m1_0 
            on m1_0.id=ma1_0.mittente_id 
    where
        t1_0.id=? 
        and not(ma1_0.letto) 
        and m1_0.id<>?
Hibernate: 
    select
        count(ma1_0.id) 
    from
        messaggi_assistenza ma1_0 
    join
        ticket_assistenza t1_0 
            on t1_0.id=ma1_0.ticket_id 
    join
        utenti m1_0 
            on m1_0.id=ma1_0.mittente_id 
    where
        t1_0.id=? 
        and not(ma1_0.letto) 
        and m1_0.id<>?
2026-07-13T20:26:41.380+02:00 DEBUG 81128 --- [ProgettoNutrizionista] [nio-8080-exec-3] m.m.a.RequestResponseBodyMethodProcessor : Using 'application/json', given [*/*] and supported [application/json, application/*+json, application/yaml]
2026-07-13T20:26:41.381+02:00 DEBUG 81128 --- [ProgettoNutrizionista] [nio-8080-exec-3] m.m.a.RequestResponseBodyMethodProcessor : Writing [it.nutrizionista.restnutrizionista.dto.TicketAssistenzaDto@2094638]
2026-07-13T20:26:41.382+02:00 DEBUG 81128 --- [ProgettoNutrizionista] [nio-8080-exec-3] o.s.web.servlet.DispatcherServlet        : Completed 200 OK
2026-07-13T20:26:41.398+02:00 DEBUG 81128 --- [ProgettoNutrizionista] [nio-8080-exec-7] o.s.web.servlet.DispatcherServlet        : POST "/api/assistenza/tickets/30001/messaggi", parameters={}
2026-07-13T20:26:41.399+02:00 DEBUG 81128 --- [ProgettoNutrizionista] [nio-8080-exec-7] s.w.s.m.m.a.RequestMappingHandlerMapping : Mapped to it.nutrizionista.restnutrizionista.controller.AssistenzaController#invia(Long, CreaMessaggioAssistenzaRequest)
2026-07-13T20:26:41.400+02:00 DEBUG 81128 --- [ProgettoNutrizionista] [nio-8080-exec-7] m.m.a.RequestResponseBodyMethodProcessor : Read "application/json;charset=UTF-8" to [it.nutrizionista.restnutrizionista.dto.CreaMessaggioAssistenzaRequest@5ae30ad8]
2026-07-13T20:26:41.447+02:00 DEBUG 81128 --- [ProgettoNutrizionista] [nio-8080-exec-7] org.hibernate.SQL                        : 
    select
        u1_0.id,
        u1_0.codice_fiscale,
        u1_0.cognome,
        u1_0.created_at,
        u1_0.data_nascita,
        u1_0.email,
        u1_0.logo,
        u1_0.indirizzo,
        u1_0.last_login_at,
        u1_0.metodo_registrazione,
        u1_0.nome,
        u1_0.password,
        u1_0.pdf_tema_colore,
        r1_0.id,
        r1_0.alias,
        r1_0.created_at,
        r1_0.nome,
        rp1_0.ruolo_id,
        rp1_0.id,
        rp1_0.created_at,
        rp1_0.permesso_id,
        p1_0.id,
        p1_0.alias,
        p1_0.created_at,
        g1_0.id,
        g1_0.alias,
        g1_0.created_at,
        g1_0.nome,
        g1_0.updated_at,
        p1_0.nome,
        p1_0.updated_at,
        rp1_0.updated_at,
        r1_0.updated_at,
        u1_0.telefono,
        u1_0.updated_at 
    from
        utenti u1_0 
    left join
        ruoli r1_0 
            on r1_0.id=u1_0.ruolo_id 
    left join
        ruoli_permessi rp1_0 
            on r1_0.id=rp1_0.ruolo_id 
    left join
        permessi p1_0 
            on p1_0.id=rp1_0.permesso_id 
    left join
        gruppi g1_0 
            on g1_0.id=p1_0.gruppo_id 
    where
        u1_0.email=?
Hibernate: 
    select
        u1_0.id,
        u1_0.codice_fiscale,
        u1_0.cognome,
        u1_0.created_at,
        u1_0.data_nascita,
        u1_0.email,
        u1_0.logo,
        u1_0.indirizzo,
        u1_0.last_login_at,
        u1_0.metodo_registrazione,
        u1_0.nome,
        u1_0.password,
        u1_0.pdf_tema_colore,
        r1_0.id,
        r1_0.alias,
        r1_0.created_at,
        r1_0.nome,
        rp1_0.ruolo_id,
        rp1_0.id,
        rp1_0.created_at,
        rp1_0.permesso_id,
        p1_0.id,
        p1_0.alias,
        p1_0.created_at,
        g1_0.id,
        g1_0.alias,
        g1_0.created_at,
        g1_0.nome,
        g1_0.updated_at,
        p1_0.nome,
        p1_0.updated_at,
        rp1_0.updated_at,
        r1_0.updated_at,
        u1_0.telefono,
        u1_0.updated_at 
    from
        utenti u1_0 
    left join
        ruoli r1_0 
            on r1_0.id=u1_0.ruolo_id 
    left join
        ruoli_permessi rp1_0 
            on r1_0.id=rp1_0.ruolo_id 
    left join
        permessi p1_0 
            on p1_0.id=rp1_0.permesso_id 
    left join
        gruppi g1_0 
            on g1_0.id=p1_0.gruppo_id 
    where
        u1_0.email=?
2026-07-13T20:26:41.525+02:00 DEBUG 81128 --- [ProgettoNutrizionista] [nio-8080-exec-7] org.hibernate.SQL                        : 
    select
        ta1_0.id,
        ta1_0.accepted_at,
        ta1_0.closed_at,
        ta1_0.created_at,
        ta1_0.descrizione,
        ta1_0.motivo_rifiuto,
        ta1_0.nutrizionista_id,
        n1_0.id,
        n1_0.codice_fiscale,
        n1_0.cognome,
        n1_0.created_at,
        n1_0.data_nascita,
        n1_0.email,
        n1_0.logo,
        n1_0.indirizzo,
        n1_0.last_login_at,
        n1_0.metodo_registrazione,
        n1_0.nome,
        n1_0.password,
        n1_0.pdf_tema_colore,
        n1_0.ruolo_id,
        n1_0.telefono,
        n1_0.updated_at,
        ta1_0.oggetto,
        ta1_0.stato,
        ta1_0.updated_at,
        ta1_0.version 
    from
        ticket_assistenza ta1_0 
    join
        utenti n1_0 
            on n1_0.id=ta1_0.nutrizionista_id 
    where
        ta1_0.id=?
Hibernate: 
    select
        ta1_0.id,
        ta1_0.accepted_at,
        ta1_0.closed_at,
        ta1_0.created_at,
        ta1_0.descrizione,
        ta1_0.motivo_rifiuto,
        ta1_0.nutrizionista_id,
        n1_0.id,
        n1_0.codice_fiscale,
        n1_0.cognome,
        n1_0.created_at,
        n1_0.data_nascita,
        n1_0.email,
        n1_0.logo,
        n1_0.indirizzo,
        n1_0.last_login_at,
        n1_0.metodo_registrazione,
        n1_0.nome,
        n1_0.password,
        n1_0.pdf_tema_colore,
        n1_0.ruolo_id,
        n1_0.telefono,
        n1_0.updated_at,
        ta1_0.oggetto,
        ta1_0.stato,
        ta1_0.updated_at,
        ta1_0.version 
    from
        ticket_assistenza ta1_0 
    join
        utenti n1_0 
            on n1_0.id=ta1_0.nutrizionista_id 
    where
        ta1_0.id=?
2026-07-13T20:26:41.682+02:00 DEBUG 81128 --- [ProgettoNutrizionista] [nio-8080-exec-7] .m.m.a.ExceptionHandlerExceptionResolver : Using @ExceptionHandler it.nutrizionista.restnutrizionista.exception.GlobalExceptionHandler#handleConflict(ConflictException)
2026-07-13T20:26:41.683+02:00 DEBUG 81128 --- [ProgettoNutrizionista] [nio-8080-exec-7] o.s.w.s.m.m.a.HttpEntityMethodProcessor  : Using 'text/plain', given [*/*] and supported [text/plain, */*, application/json, application/*+json, application/yaml]
2026-07-13T20:26:41.684+02:00 DEBUG 81128 --- [ProgettoNutrizionista] [nio-8080-exec-7] o.s.w.s.m.m.a.HttpEntityMethodProcessor  : Writing ["Transizione non consentita dallo stato CHIUSO"]
2026-07-13T20:26:41.685+02:00  WARN 81128 --- [ProgettoNutrizionista] [nio-8080-exec-7] .m.m.a.ExceptionHandlerExceptionResolver : Resolved [it.nutrizionista.restnutrizionista.exception.ConflictException: Transizione non consentita dallo stato CHIUSO]
2026-07-13T20:26:41.685+02:00 DEBUG 81128 --- [ProgettoNutrizionista] [nio-8080-exec-7] o.s.web.servlet.DispatcherServlet        : Completed 409 CONFLICT
2026-07-13T20:26:41.690+02:00 DEBUG 81128 --- [ProgettoNutrizionista] [nio-8080-exec-9] o.s.web.servlet.DispatcherServlet        : POST "/api/assistenza/tickets", parameters={}
2026-07-13T20:26:41.691+02:00 DEBUG 81128 --- [ProgettoNutrizionista] [nio-8080-exec-9] s.w.s.m.m.a.RequestMappingHandlerMapping : Mapped to it.nutrizionista.restnutrizionista.controller.AssistenzaController#crea(CreaTicketAssistenzaRequest)
2026-07-13T20:26:41.692+02:00 DEBUG 81128 --- [ProgettoNutrizionista] [nio-8080-exec-9] m.m.a.RequestResponseBodyMethodProcessor : Read "application/json;charset=UTF-8" to [it.nutrizionista.restnutrizionista.dto.CreaTicketAssistenzaRequest@779203e5]
2026-07-13T20:26:41.747+02:00 DEBUG 81128 --- [ProgettoNutrizionista] [nio-8080-exec-9] org.hibernate.SQL                        : 
    select
        u1_0.id,
        u1_0.codice_fiscale,
        u1_0.cognome,
        u1_0.created_at,
        u1_0.data_nascita,
        u1_0.email,
        u1_0.logo,
        u1_0.indirizzo,
        u1_0.last_login_at,
        u1_0.metodo_registrazione,
        u1_0.nome,
        u1_0.password,
        u1_0.pdf_tema_colore,
        r1_0.id,
        r1_0.alias,
        r1_0.created_at,
        r1_0.nome,
        rp1_0.ruolo_id,
        rp1_0.id,
        rp1_0.created_at,
        rp1_0.permesso_id,
        p1_0.id,
        p1_0.alias,
        p1_0.created_at,
        g1_0.id,
        g1_0.alias,
        g1_0.created_at,
        g1_0.nome,
        g1_0.updated_at,
        p1_0.nome,
        p1_0.updated_at,
        rp1_0.updated_at,
        r1_0.updated_at,
        u1_0.telefono,
        u1_0.updated_at 
    from
        utenti u1_0 
    left join
        ruoli r1_0 
            on r1_0.id=u1_0.ruolo_id 
    left join
        ruoli_permessi rp1_0 
            on r1_0.id=rp1_0.ruolo_id 
    left join
        permessi p1_0 
            on p1_0.id=rp1_0.permesso_id 
    left join
        gruppi g1_0 
            on g1_0.id=p1_0.gruppo_id 
    where
        u1_0.email=?
Hibernate: 
    select
        u1_0.id,
        u1_0.codice_fiscale,
        u1_0.cognome,
        u1_0.created_at,
        u1_0.data_nascita,
        u1_0.email,
        u1_0.logo,
        u1_0.indirizzo,
        u1_0.last_login_at,
        u1_0.metodo_registrazione,
        u1_0.nome,
        u1_0.password,
        u1_0.pdf_tema_colore,
        r1_0.id,
        r1_0.alias,
        r1_0.created_at,
        r1_0.nome,
        rp1_0.ruolo_id,
        rp1_0.id,
        rp1_0.created_at,
        rp1_0.permesso_id,
        p1_0.id,
        p1_0.alias,
        p1_0.created_at,
        g1_0.id,
        g1_0.alias,
        g1_0.created_at,
        g1_0.nome,
        g1_0.updated_at,
        p1_0.nome,
        p1_0.updated_at,
        rp1_0.updated_at,
        r1_0.updated_at,
        u1_0.telefono,
        u1_0.updated_at 
    from
        utenti u1_0 
    left join
        ruoli r1_0 
            on r1_0.id=u1_0.ruolo_id 
    left join
        ruoli_permessi rp1_0 
            on r1_0.id=rp1_0.ruolo_id 
    left join
        permessi p1_0 
            on p1_0.id=rp1_0.permesso_id 
    left join
        gruppi g1_0 
            on g1_0.id=p1_0.gruppo_id 
    where
        u1_0.email=?
2026-07-13T20:26:41.829+02:00 DEBUG 81128 --- [ProgettoNutrizionista] [nio-8080-exec-9] org.hibernate.SQL                        : 
    select
        ta1_0.id 
    from
        ticket_assistenza ta1_0 
    join
        utenti n1_0 
            on n1_0.id=ta1_0.nutrizionista_id 
    where
        n1_0.id=? 
        and ta1_0.stato in (?, ?) 
    limit
        ?
Hibernate: 
    select
        ta1_0.id 
    from
        ticket_assistenza ta1_0 
    join
        utenti n1_0 
            on n1_0.id=ta1_0.nutrizionista_id 
    where
        n1_0.id=? 
        and ta1_0.stato in (?, ?) 
    limit
        ?
2026-07-13T20:26:41.884+02:00 DEBUG 81128 --- [ProgettoNutrizionista] [nio-8080-exec-9] org.hibernate.SQL                        : 
    insert 
    into
        ticket_assistenza
        (accepted_at, closed_at, created_at, descrizione, motivo_rifiuto, nutrizionista_id, oggetto, stato, updated_at, version) 
    values
        (?, ?, ?, ?, ?, ?, ?, ?, ?, ?)
Hibernate: 
    insert 
    into
        ticket_assistenza
        (accepted_at, closed_at, created_at, descrizione, motivo_rifiuto, nutrizionista_id, oggetto, stato, updated_at, version) 
    values
        (?, ?, ?, ?, ?, ?, ?, ?, ?, ?)
2026-07-13T20:26:41.933+02:00  INFO 81128 --- [ProgettoNutrizionista] [nio-8080-exec-9] AUDIT.assistenza                         : transizione assistenza utenteId=150001 ticketId=30002 NUOVO->IN_ATTESA
2026-07-13T20:26:41.937+02:00 DEBUG 81128 --- [ProgettoNutrizionista] [nio-8080-exec-9] org.hibernate.SQL                        : 
    select
        count(ma1_0.id) 
    from
        messaggi_assistenza ma1_0 
    join
        ticket_assistenza t1_0 
            on t1_0.id=ma1_0.ticket_id 
    join
        utenti m1_0 
            on m1_0.id=ma1_0.mittente_id 
    where
        t1_0.id=? 
        and not(ma1_0.letto) 
        and m1_0.id<>?
Hibernate: 
    select
        count(ma1_0.id) 
    from
        messaggi_assistenza ma1_0 
    join
        ticket_assistenza t1_0 
            on t1_0.id=ma1_0.ticket_id 
    join
        utenti m1_0 
            on m1_0.id=ma1_0.mittente_id 
    where
        t1_0.id=? 
        and not(ma1_0.letto) 
        and m1_0.id<>?
2026-07-13T20:26:42.098+02:00 DEBUG 81128 --- [ProgettoNutrizionista] [nio-8080-exec-9] o.s.w.s.m.m.a.HttpEntityMethodProcessor  : Using 'application/json', given [*/*] and supported [application/json, application/*+json, application/yaml]
2026-07-13T20:26:42.100+02:00 DEBUG 81128 --- [ProgettoNutrizionista] [nio-8080-exec-9] o.s.w.s.m.m.a.HttpEntityMethodProcessor  : Writing [it.nutrizionista.restnutrizionista.dto.TicketAssistenzaDto@314f22bc]
2026-07-13T20:26:42.101+02:00 DEBUG 81128 --- [ProgettoNutrizionista] [nio-8080-exec-9] o.s.web.servlet.DispatcherServlet        : Completed 201 CREATED
2026-07-13T20:26:42.124+02:00 DEBUG 81128 --- [ProgettoNutrizionista] [nio-8080-exec-5] o.s.web.servlet.DispatcherServlet        : POST "/api/admin/assistenza/tickets/30002/rifiuta", parameters={}
2026-07-13T20:26:42.124+02:00 DEBUG 81128 --- [ProgettoNutrizionista] [nio-8080-exec-5] s.w.s.m.m.a.RequestMappingHandlerMapping : Mapped to it.nutrizionista.restnutrizionista.controller.AdminAssistenzaController#rifiuta(Long, RifiutaTicketAssistenzaRequest)
2026-07-13T20:26:42.126+02:00 DEBUG 81128 --- [ProgettoNutrizionista] [nio-8080-exec-5] m.m.a.RequestResponseBodyMethodProcessor : Read "application/json;charset=UTF-8" to [it.nutrizionista.restnutrizionista.dto.RifiutaTicketAssistenzaRequest@5251a5c8]
2026-07-13T20:26:42.176+02:00 DEBUG 81128 --- [ProgettoNutrizionista] [nio-8080-exec-5] org.hibernate.SQL                        : 
    select
        u1_0.id,
        u1_0.codice_fiscale,
        u1_0.cognome,
        u1_0.created_at,
        u1_0.data_nascita,
        u1_0.email,
        u1_0.logo,
        u1_0.indirizzo,
        u1_0.last_login_at,
        u1_0.metodo_registrazione,
        u1_0.nome,
        u1_0.password,
        u1_0.pdf_tema_colore,
        r1_0.id,
        r1_0.alias,
        r1_0.created_at,
        r1_0.nome,
        rp1_0.ruolo_id,
        rp1_0.id,
        rp1_0.created_at,
        rp1_0.permesso_id,
        p1_0.id,
        p1_0.alias,
        p1_0.created_at,
        g1_0.id,
        g1_0.alias,
        g1_0.created_at,
        g1_0.nome,
        g1_0.updated_at,
        p1_0.nome,
        p1_0.updated_at,
        rp1_0.updated_at,
        r1_0.updated_at,
        u1_0.telefono,
        u1_0.updated_at 
    from
        utenti u1_0 
    left join
        ruoli r1_0 
            on r1_0.id=u1_0.ruolo_id 
    left join
        ruoli_permessi rp1_0 
            on r1_0.id=rp1_0.ruolo_id 
    left join
        permessi p1_0 
            on p1_0.id=rp1_0.permesso_id 
    left join
        gruppi g1_0 
            on g1_0.id=p1_0.gruppo_id 
    where
        u1_0.email=?
Hibernate: 
    select
        u1_0.id,
        u1_0.codice_fiscale,
        u1_0.cognome,
        u1_0.created_at,
        u1_0.data_nascita,
        u1_0.email,
        u1_0.logo,
        u1_0.indirizzo,
        u1_0.last_login_at,
        u1_0.metodo_registrazione,
        u1_0.nome,
        u1_0.password,
        u1_0.pdf_tema_colore,
        r1_0.id,
        r1_0.alias,
        r1_0.created_at,
        r1_0.nome,
        rp1_0.ruolo_id,
        rp1_0.id,
        rp1_0.created_at,
        rp1_0.permesso_id,
        p1_0.id,
        p1_0.alias,
        p1_0.created_at,
        g1_0.id,
        g1_0.alias,
        g1_0.created_at,
        g1_0.nome,
        g1_0.updated_at,
        p1_0.nome,
        p1_0.updated_at,
        rp1_0.updated_at,
        r1_0.updated_at,
        u1_0.telefono,
        u1_0.updated_at 
    from
        utenti u1_0 
    left join
        ruoli r1_0 
            on r1_0.id=u1_0.ruolo_id 
    left join
        ruoli_permessi rp1_0 
            on r1_0.id=rp1_0.ruolo_id 
    left join
        permessi p1_0 
            on p1_0.id=rp1_0.permesso_id 
    left join
        gruppi g1_0 
            on g1_0.id=p1_0.gruppo_id 
    where
        u1_0.email=?
2026-07-13T20:26:42.240+02:00 DEBUG 81128 --- [ProgettoNutrizionista] [nio-8080-exec-5] org.hibernate.SQL                        : 
    select
        ta1_0.id,
        ta1_0.accepted_at,
        ta1_0.closed_at,
        ta1_0.created_at,
        ta1_0.descrizione,
        ta1_0.motivo_rifiuto,
        ta1_0.nutrizionista_id,
        n1_0.id,
        n1_0.codice_fiscale,
        n1_0.cognome,
        n1_0.created_at,
        n1_0.data_nascita,
        n1_0.email,
        n1_0.logo,
        n1_0.indirizzo,
        n1_0.last_login_at,
        n1_0.metodo_registrazione,
        n1_0.nome,
        n1_0.password,
        n1_0.pdf_tema_colore,
        n1_0.ruolo_id,
        n1_0.telefono,
        n1_0.updated_at,
        ta1_0.oggetto,
        ta1_0.stato,
        ta1_0.updated_at,
        ta1_0.version 
    from
        ticket_assistenza ta1_0 
    join
        utenti n1_0 
            on n1_0.id=ta1_0.nutrizionista_id 
    where
        ta1_0.id=?
Hibernate: 
    select
        ta1_0.id,
        ta1_0.accepted_at,
        ta1_0.closed_at,
        ta1_0.created_at,
        ta1_0.descrizione,
        ta1_0.motivo_rifiuto,
        ta1_0.nutrizionista_id,
        n1_0.id,
        n1_0.codice_fiscale,
        n1_0.cognome,
        n1_0.created_at,
        n1_0.data_nascita,
        n1_0.email,
        n1_0.logo,
        n1_0.indirizzo,
        n1_0.last_login_at,
        n1_0.metodo_registrazione,
        n1_0.nome,
        n1_0.password,
        n1_0.pdf_tema_colore,
        n1_0.ruolo_id,
        n1_0.telefono,
        n1_0.updated_at,
        ta1_0.oggetto,
        ta1_0.stato,
        ta1_0.updated_at,
        ta1_0.version 
    from
        ticket_assistenza ta1_0 
    join
        utenti n1_0 
            on n1_0.id=ta1_0.nutrizionista_id 
    where
        ta1_0.id=?
2026-07-13T20:26:42.297+02:00 DEBUG 81128 --- [ProgettoNutrizionista] [nio-8080-exec-5] org.hibernate.SQL                        : 
    select
        r1_0.id,
        r1_0.alias,
        r1_0.created_at,
        r1_0.nome,
        r1_0.updated_at 
    from
        ruoli r1_0 
    where
        r1_0.id=?
Hibernate: 
    select
        r1_0.id,
        r1_0.alias,
        r1_0.created_at,
        r1_0.nome,
        r1_0.updated_at 
    from
        ruoli r1_0 
    where
        r1_0.id=?
2026-07-13T20:26:42.348+02:00 DEBUG 81128 --- [ProgettoNutrizionista] [nio-8080-exec-5] org.hibernate.SQL                        : 
    update
        ticket_assistenza 
    set
        accepted_at=?,
        closed_at=?,
        descrizione=?,
        motivo_rifiuto=?,
        nutrizionista_id=?,
        oggetto=?,
        stato=?,
        updated_at=?,
        version=? 
    where
        id=? 
        and version=?
Hibernate: 
    update
        ticket_assistenza 
    set
        accepted_at=?,
        closed_at=?,
        descrizione=?,
        motivo_rifiuto=?,
        nutrizionista_id=?,
        oggetto=?,
        stato=?,
        updated_at=?,
        version=? 
    where
        id=? 
        and version=?
2026-07-13T20:26:42.404+02:00  INFO 81128 --- [ProgettoNutrizionista] [nio-8080-exec-5] AUDIT.assistenza                         : transizione assistenza utenteId=90001 ticketId=30002 IN_ATTESA->RIFIUTATO
2026-07-13T20:26:42.407+02:00 DEBUG 81128 --- [ProgettoNutrizionista] [nio-8080-exec-5] org.hibernate.SQL                        : 
    select
        count(ma1_0.id) 
    from
        messaggi_assistenza ma1_0 
    join
        ticket_assistenza t1_0 
            on t1_0.id=ma1_0.ticket_id 
    join
        utenti m1_0 
            on m1_0.id=ma1_0.mittente_id 
    where
        t1_0.id=? 
        and not(ma1_0.letto) 
        and m1_0.id<>?
Hibernate: 
    select
        count(ma1_0.id) 
    from
        messaggi_assistenza ma1_0 
    join
        ticket_assistenza t1_0 
            on t1_0.id=ma1_0.ticket_id 
    join
        utenti m1_0 
            on m1_0.id=ma1_0.mittente_id 
    where
        t1_0.id=? 
        and not(ma1_0.letto) 
        and m1_0.id<>?
2026-07-13T20:26:42.561+02:00 DEBUG 81128 --- [ProgettoNutrizionista] [nio-8080-exec-5] m.m.a.RequestResponseBodyMethodProcessor : Using 'application/json', given [*/*] and supported [application/json, application/*+json, application/yaml]
2026-07-13T20:26:42.561+02:00 DEBUG 81128 --- [ProgettoNutrizionista] [nio-8080-exec-5] m.m.a.RequestResponseBodyMethodProcessor : Writing [it.nutrizionista.restnutrizionista.dto.TicketAssistenzaDto@27e7abdb]
2026-07-13T20:26:42.562+02:00 DEBUG 81128 --- [ProgettoNutrizionista] [nio-8080-exec-5] o.s.web.servlet.DispatcherServlet        : Completed 200 OK
2026-07-13T20:26:42.574+02:00 DEBUG 81128 --- [ProgettoNutrizionista] [nio-8080-exec-8] o.s.web.servlet.DispatcherServlet        : POST "/api/assistenza/tickets", parameters={}
2026-07-13T20:26:42.575+02:00 DEBUG 81128 --- [ProgettoNutrizionista] [nio-8080-exec-8] s.w.s.m.m.a.RequestMappingHandlerMapping : Mapped to it.nutrizionista.restnutrizionista.controller.AssistenzaController#crea(CreaTicketAssistenzaRequest)
2026-07-13T20:26:42.576+02:00 DEBUG 81128 --- [ProgettoNutrizionista] [nio-8080-exec-8] m.m.a.RequestResponseBodyMethodProcessor : Read "application/json;charset=UTF-8" to [it.nutrizionista.restnutrizionista.dto.CreaTicketAssistenzaRequest@18ba4e2e]
2026-07-13T20:26:42.633+02:00 DEBUG 81128 --- [ProgettoNutrizionista] [nio-8080-exec-8] org.hibernate.SQL                        : 
    select
        u1_0.id,
        u1_0.codice_fiscale,
        u1_0.cognome,
        u1_0.created_at,
        u1_0.data_nascita,
        u1_0.email,
        u1_0.logo,
        u1_0.indirizzo,
        u1_0.last_login_at,
        u1_0.metodo_registrazione,
        u1_0.nome,
        u1_0.password,
        u1_0.pdf_tema_colore,
        r1_0.id,
        r1_0.alias,
        r1_0.created_at,
        r1_0.nome,
        rp1_0.ruolo_id,
        rp1_0.id,
        rp1_0.created_at,
        rp1_0.permesso_id,
        p1_0.id,
        p1_0.alias,
        p1_0.created_at,
        g1_0.id,
        g1_0.alias,
        g1_0.created_at,
        g1_0.nome,
        g1_0.updated_at,
        p1_0.nome,
        p1_0.updated_at,
        rp1_0.updated_at,
        r1_0.updated_at,
        u1_0.telefono,
        u1_0.updated_at 
    from
        utenti u1_0 
    left join
        ruoli r1_0 
            on r1_0.id=u1_0.ruolo_id 
    left join
        ruoli_permessi rp1_0 
            on r1_0.id=rp1_0.ruolo_id 
    left join
        permessi p1_0 
            on p1_0.id=rp1_0.permesso_id 
    left join
        gruppi g1_0 
            on g1_0.id=p1_0.gruppo_id 
    where
        u1_0.email=?
Hibernate: 
    select
        u1_0.id,
        u1_0.codice_fiscale,
        u1_0.cognome,
        u1_0.created_at,
        u1_0.data_nascita,
        u1_0.email,
        u1_0.logo,
        u1_0.indirizzo,
        u1_0.last_login_at,
        u1_0.metodo_registrazione,
        u1_0.nome,
        u1_0.password,
        u1_0.pdf_tema_colore,
        r1_0.id,
        r1_0.alias,
        r1_0.created_at,
        r1_0.nome,
        rp1_0.ruolo_id,
        rp1_0.id,
        rp1_0.created_at,
        rp1_0.permesso_id,
        p1_0.id,
        p1_0.alias,
        p1_0.created_at,
        g1_0.id,
        g1_0.alias,
        g1_0.created_at,
        g1_0.nome,
        g1_0.updated_at,
        p1_0.nome,
        p1_0.updated_at,
        rp1_0.updated_at,
        r1_0.updated_at,
        u1_0.telefono,
        u1_0.updated_at 
    from
        utenti u1_0 
    left join
        ruoli r1_0 
            on r1_0.id=u1_0.ruolo_id 
    left join
        ruoli_permessi rp1_0 
            on r1_0.id=rp1_0.ruolo_id 
    left join
        permessi p1_0 
            on p1_0.id=rp1_0.permesso_id 
    left join
        gruppi g1_0 
            on g1_0.id=p1_0.gruppo_id 
    where
        u1_0.email=?
2026-07-13T20:26:42.713+02:00 DEBUG 81128 --- [ProgettoNutrizionista] [nio-8080-exec-8] org.hibernate.SQL                        : 
    select
        ta1_0.id 
    from
        ticket_assistenza ta1_0 
    join
        utenti n1_0 
            on n1_0.id=ta1_0.nutrizionista_id 
    where
        n1_0.id=? 
        and ta1_0.stato in (?, ?) 
    limit
        ?
Hibernate: 
    select
        ta1_0.id 
    from
        ticket_assistenza ta1_0 
    join
        utenti n1_0 
            on n1_0.id=ta1_0.nutrizionista_id 
    where
        n1_0.id=? 
        and ta1_0.stato in (?, ?) 
    limit
        ?
2026-07-13T20:26:42.768+02:00 DEBUG 81128 --- [ProgettoNutrizionista] [nio-8080-exec-8] org.hibernate.SQL                        : 
    insert 
    into
        ticket_assistenza
        (accepted_at, closed_at, created_at, descrizione, motivo_rifiuto, nutrizionista_id, oggetto, stato, updated_at, version) 
    values
        (?, ?, ?, ?, ?, ?, ?, ?, ?, ?)
Hibernate: 
    insert 
    into
        ticket_assistenza
        (accepted_at, closed_at, created_at, descrizione, motivo_rifiuto, nutrizionista_id, oggetto, stato, updated_at, version) 
    values
        (?, ?, ?, ?, ?, ?, ?, ?, ?, ?)
2026-07-13T20:26:42.827+02:00  INFO 81128 --- [ProgettoNutrizionista] [nio-8080-exec-8] AUDIT.assistenza                         : transizione assistenza utenteId=150001 ticketId=30003 NUOVO->IN_ATTESA
2026-07-13T20:26:42.829+02:00 DEBUG 81128 --- [ProgettoNutrizionista] [nio-8080-exec-8] org.hibernate.SQL                        : 
    select
        count(ma1_0.id) 
    from
        messaggi_assistenza ma1_0 
    join
        ticket_assistenza t1_0 
            on t1_0.id=ma1_0.ticket_id 
    join
        utenti m1_0 
            on m1_0.id=ma1_0.mittente_id 
    where
        t1_0.id=? 
        and not(ma1_0.letto) 
        and m1_0.id<>?
Hibernate: 
    select
        count(ma1_0.id) 
    from
        messaggi_assistenza ma1_0 
    join
        ticket_assistenza t1_0 
            on t1_0.id=ma1_0.ticket_id 
    join
        utenti m1_0 
            on m1_0.id=ma1_0.mittente_id 
    where
        t1_0.id=? 
        and not(ma1_0.letto) 
        and m1_0.id<>?
2026-07-13T20:26:42.982+02:00 DEBUG 81128 --- [ProgettoNutrizionista] [nio-8080-exec-8] o.s.w.s.m.m.a.HttpEntityMethodProcessor  : Using 'application/json', given [*/*] and supported [application/json, application/*+json, application/yaml]
2026-07-13T20:26:42.982+02:00 DEBUG 81128 --- [ProgettoNutrizionista] [nio-8080-exec-8] o.s.w.s.m.m.a.HttpEntityMethodProcessor  : Writing [it.nutrizionista.restnutrizionista.dto.TicketAssistenzaDto@6b7eaf9b]
2026-07-13T20:26:42.984+02:00 DEBUG 81128 --- [ProgettoNutrizionista] [nio-8080-exec-8] o.s.web.servlet.DispatcherServlet        : Completed 201 CREATED
2026-07-13T20:26:43.001+02:00 DEBUG 81128 --- [ProgettoNutrizionista] [nio-8080-exec-6] o.s.web.servlet.DispatcherServlet        : POST "/api/admin/assistenza/tickets/30003/rifiuta", parameters={}
2026-07-13T20:26:43.001+02:00 DEBUG 81128 --- [ProgettoNutrizionista] [nio-8080-exec-6] s.w.s.m.m.a.RequestMappingHandlerMapping : Mapped to it.nutrizionista.restnutrizionista.controller.AdminAssistenzaController#rifiuta(Long, RifiutaTicketAssistenzaRequest)
2026-07-13T20:26:43.002+02:00 DEBUG 81128 --- [ProgettoNutrizionista] [nio-8080-exec-6] m.m.a.RequestResponseBodyMethodProcessor : Read "application/json;charset=UTF-8" to [it.nutrizionista.restnutrizionista.dto.RifiutaTicketAssistenzaRequest@6d9391a6]
2026-07-13T20:26:43.048+02:00 DEBUG 81128 --- [ProgettoNutrizionista] [nio-8080-exec-6] org.hibernate.SQL                        : 
    select
        u1_0.id,
        u1_0.codice_fiscale,
        u1_0.cognome,
        u1_0.created_at,
        u1_0.data_nascita,
        u1_0.email,
        u1_0.logo,
        u1_0.indirizzo,
        u1_0.last_login_at,
        u1_0.metodo_registrazione,
        u1_0.nome,
        u1_0.password,
        u1_0.pdf_tema_colore,
        r1_0.id,
        r1_0.alias,
        r1_0.created_at,
        r1_0.nome,
        rp1_0.ruolo_id,
        rp1_0.id,
        rp1_0.created_at,
        rp1_0.permesso_id,
        p1_0.id,
        p1_0.alias,
        p1_0.created_at,
        g1_0.id,
        g1_0.alias,
        g1_0.created_at,
        g1_0.nome,
        g1_0.updated_at,
        p1_0.nome,
        p1_0.updated_at,
        rp1_0.updated_at,
        r1_0.updated_at,
        u1_0.telefono,
        u1_0.updated_at 
    from
        utenti u1_0 
    left join
        ruoli r1_0 
            on r1_0.id=u1_0.ruolo_id 
    left join
        ruoli_permessi rp1_0 
            on r1_0.id=rp1_0.ruolo_id 
    left join
        permessi p1_0 
            on p1_0.id=rp1_0.permesso_id 
    left join
        gruppi g1_0 
            on g1_0.id=p1_0.gruppo_id 
    where
        u1_0.email=?
Hibernate: 
    select
        u1_0.id,
        u1_0.codice_fiscale,
        u1_0.cognome,
        u1_0.created_at,
        u1_0.data_nascita,
        u1_0.email,
        u1_0.logo,
        u1_0.indirizzo,
        u1_0.last_login_at,
        u1_0.metodo_registrazione,
        u1_0.nome,
        u1_0.password,
        u1_0.pdf_tema_colore,
        r1_0.id,
        r1_0.alias,
        r1_0.created_at,
        r1_0.nome,
        rp1_0.ruolo_id,
        rp1_0.id,
        rp1_0.created_at,
        rp1_0.permesso_id,
        p1_0.id,
        p1_0.alias,
        p1_0.created_at,
        g1_0.id,
        g1_0.alias,
        g1_0.created_at,
        g1_0.nome,
        g1_0.updated_at,
        p1_0.nome,
        p1_0.updated_at,
        rp1_0.updated_at,
        r1_0.updated_at,
        u1_0.telefono,
        u1_0.updated_at 
    from
        utenti u1_0 
    left join
        ruoli r1_0 
            on r1_0.id=u1_0.ruolo_id 
    left join
        ruoli_permessi rp1_0 
            on r1_0.id=rp1_0.ruolo_id 
    left join
        permessi p1_0 
            on p1_0.id=rp1_0.permesso_id 
    left join
        gruppi g1_0 
            on g1_0.id=p1_0.gruppo_id 
    where
        u1_0.email=?
2026-07-13T20:26:43.118+02:00 DEBUG 81128 --- [ProgettoNutrizionista] [nio-8080-exec-6] org.hibernate.SQL                        : 
    select
        ta1_0.id,
        ta1_0.accepted_at,
        ta1_0.closed_at,
        ta1_0.created_at,
        ta1_0.descrizione,
        ta1_0.motivo_rifiuto,
        ta1_0.nutrizionista_id,
        n1_0.id,
        n1_0.codice_fiscale,
        n1_0.cognome,
        n1_0.created_at,
        n1_0.data_nascita,
        n1_0.email,
        n1_0.logo,
        n1_0.indirizzo,
        n1_0.last_login_at,
        n1_0.metodo_registrazione,
        n1_0.nome,
        n1_0.password,
        n1_0.pdf_tema_colore,
        n1_0.ruolo_id,
        n1_0.telefono,
        n1_0.updated_at,
        ta1_0.oggetto,
        ta1_0.stato,
        ta1_0.updated_at,
        ta1_0.version 
    from
        ticket_assistenza ta1_0 
    join
        utenti n1_0 
            on n1_0.id=ta1_0.nutrizionista_id 
    where
        ta1_0.id=?
Hibernate: 
    select
        ta1_0.id,
        ta1_0.accepted_at,
        ta1_0.closed_at,
        ta1_0.created_at,
        ta1_0.descrizione,
        ta1_0.motivo_rifiuto,
        ta1_0.nutrizionista_id,
        n1_0.id,
        n1_0.codice_fiscale,
        n1_0.cognome,
        n1_0.created_at,
        n1_0.data_nascita,
        n1_0.email,
        n1_0.logo,
        n1_0.indirizzo,
        n1_0.last_login_at,
        n1_0.metodo_registrazione,
        n1_0.nome,
        n1_0.password,
        n1_0.pdf_tema_colore,
        n1_0.ruolo_id,
        n1_0.telefono,
        n1_0.updated_at,
        ta1_0.oggetto,
        ta1_0.stato,
        ta1_0.updated_at,
        ta1_0.version 
    from
        ticket_assistenza ta1_0 
    join
        utenti n1_0 
            on n1_0.id=ta1_0.nutrizionista_id 
    where
        ta1_0.id=?
2026-07-13T20:26:43.172+02:00 DEBUG 81128 --- [ProgettoNutrizionista] [nio-8080-exec-6] org.hibernate.SQL                        : 
    select
        r1_0.id,
        r1_0.alias,
        r1_0.created_at,
        r1_0.nome,
        r1_0.updated_at 
    from
        ruoli r1_0 
    where
        r1_0.id=?
Hibernate: 
    select
        r1_0.id,
        r1_0.alias,
        r1_0.created_at,
        r1_0.nome,
        r1_0.updated_at 
    from
        ruoli r1_0 
    where
        r1_0.id=?
2026-07-13T20:26:43.223+02:00 DEBUG 81128 --- [ProgettoNutrizionista] [nio-8080-exec-6] org.hibernate.SQL                        : 
    update
        ticket_assistenza 
    set
        accepted_at=?,
        closed_at=?,
        descrizione=?,
        motivo_rifiuto=?,
        nutrizionista_id=?,
        oggetto=?,
        stato=?,
        updated_at=?,
        version=? 
    where
        id=? 
        and version=?
Hibernate: 
    update
        ticket_assistenza 
    set
        accepted_at=?,
        closed_at=?,
        descrizione=?,
        motivo_rifiuto=?,
        nutrizionista_id=?,
        oggetto=?,
        stato=?,
        updated_at=?,
        version=? 
    where
        id=? 
        and version=?
2026-07-13T20:26:43.276+02:00  INFO 81128 --- [ProgettoNutrizionista] [nio-8080-exec-6] AUDIT.assistenza                         : transizione assistenza utenteId=90001 ticketId=30003 IN_ATTESA->RIFIUTATO
2026-07-13T20:26:43.278+02:00 DEBUG 81128 --- [ProgettoNutrizionista] [nio-8080-exec-6] org.hibernate.SQL                        : 
    select
        count(ma1_0.id) 
    from
        messaggi_assistenza ma1_0 
    join
        ticket_assistenza t1_0 
            on t1_0.id=ma1_0.ticket_id 
    join
        utenti m1_0 
            on m1_0.id=ma1_0.mittente_id 
    where
        t1_0.id=? 
        and not(ma1_0.letto) 
        and m1_0.id<>?
Hibernate: 
    select
        count(ma1_0.id) 
    from
        messaggi_assistenza ma1_0 
    join
        ticket_assistenza t1_0 
            on t1_0.id=ma1_0.ticket_id 
    join
        utenti m1_0 
            on m1_0.id=ma1_0.mittente_id 
    where
        t1_0.id=? 
        and not(ma1_0.letto) 
        and m1_0.id<>?
2026-07-13T20:26:43.440+02:00 DEBUG 81128 --- [ProgettoNutrizionista] [nio-8080-exec-6] m.m.a.RequestResponseBodyMethodProcessor : Using 'application/json', given [*/*] and supported [application/json, application/*+json, application/yaml]
2026-07-13T20:26:43.440+02:00 DEBUG 81128 --- [ProgettoNutrizionista] [nio-8080-exec-6] m.m.a.RequestResponseBodyMethodProcessor : Writing [it.nutrizionista.restnutrizionista.dto.TicketAssistenzaDto@22900db1]
2026-07-13T20:26:43.441+02:00 DEBUG 81128 --- [ProgettoNutrizionista] [nio-8080-exec-6] o.s.web.servlet.DispatcherServlet        : Completed 200 OK
2026-07-13T20:26:43.553+02:00 DEBUG 81128 --- [ProgettoNutrizionista] [nio-8080-exec-4] o.s.web.servlet.DispatcherServlet        : POST "/api/assistenza/tickets", parameters={}
2026-07-13T20:26:43.553+02:00 DEBUG 81128 --- [ProgettoNutrizionista] [nio-8080-exec-4] s.w.s.m.m.a.RequestMappingHandlerMapping : Mapped to it.nutrizionista.restnutrizionista.controller.AssistenzaController#crea(CreaTicketAssistenzaRequest)
2026-07-13T20:26:43.553+02:00 DEBUG 81128 --- [ProgettoNutrizionista] [nio-8080-exec-4] m.m.a.RequestResponseBodyMethodProcessor : Read "application/json;charset=UTF-8" to [it.nutrizionista.restnutrizionista.dto.CreaTicketAssistenzaRequest@7b57eed2]
2026-07-13T20:26:43.613+02:00 DEBUG 81128 --- [ProgettoNutrizionista] [nio-8080-exec-4] org.hibernate.SQL                        : 
    select
        u1_0.id,
        u1_0.codice_fiscale,
        u1_0.cognome,
        u1_0.created_at,
        u1_0.data_nascita,
        u1_0.email,
        u1_0.logo,
        u1_0.indirizzo,
        u1_0.last_login_at,
        u1_0.metodo_registrazione,
        u1_0.nome,
        u1_0.password,
        u1_0.pdf_tema_colore,
        r1_0.id,
        r1_0.alias,
        r1_0.created_at,
        r1_0.nome,
        rp1_0.ruolo_id,
        rp1_0.id,
        rp1_0.created_at,
        rp1_0.permesso_id,
        p1_0.id,
        p1_0.alias,
        p1_0.created_at,
        g1_0.id,
        g1_0.alias,
        g1_0.created_at,
        g1_0.nome,
        g1_0.updated_at,
        p1_0.nome,
        p1_0.updated_at,
        rp1_0.updated_at,
        r1_0.updated_at,
        u1_0.telefono,
        u1_0.updated_at 
    from
        utenti u1_0 
    left join
        ruoli r1_0 
            on r1_0.id=u1_0.ruolo_id 
    left join
        ruoli_permessi rp1_0 
            on r1_0.id=rp1_0.ruolo_id 
    left join
        permessi p1_0 
            on p1_0.id=rp1_0.permesso_id 
    left join
        gruppi g1_0 
            on g1_0.id=p1_0.gruppo_id 
    where
        u1_0.email=?
Hibernate: 
    select
        u1_0.id,
        u1_0.codice_fiscale,
        u1_0.cognome,
        u1_0.created_at,
        u1_0.data_nascita,
        u1_0.email,
        u1_0.logo,
        u1_0.indirizzo,
        u1_0.last_login_at,
        u1_0.metodo_registrazione,
        u1_0.nome,
        u1_0.password,
        u1_0.pdf_tema_colore,
        r1_0.id,
        r1_0.alias,
        r1_0.created_at,
        r1_0.nome,
        rp1_0.ruolo_id,
        rp1_0.id,
        rp1_0.created_at,
        rp1_0.permesso_id,
        p1_0.id,
        p1_0.alias,
        p1_0.created_at,
        g1_0.id,
        g1_0.alias,
        g1_0.created_at,
        g1_0.nome,
        g1_0.updated_at,
        p1_0.nome,
        p1_0.updated_at,
        rp1_0.updated_at,
        r1_0.updated_at,
        u1_0.telefono,
        u1_0.updated_at 
    from
        utenti u1_0 
    left join
        ruoli r1_0 
            on r1_0.id=u1_0.ruolo_id 
    left join
        ruoli_permessi rp1_0 
            on r1_0.id=rp1_0.ruolo_id 
    left join
        permessi p1_0 
            on p1_0.id=rp1_0.permesso_id 
    left join
        gruppi g1_0 
            on g1_0.id=p1_0.gruppo_id 
    where
        u1_0.email=?
2026-07-13T20:26:43.786+02:00 DEBUG 81128 --- [ProgettoNutrizionista] [nio-8080-exec-4] .m.m.a.ExceptionHandlerExceptionResolver : Using @ExceptionHandler it.nutrizionista.restnutrizionista.exception.GlobalExceptionHandler#handleTooManyRequests(TooManyRequestsException)
2026-07-13T20:26:43.787+02:00 DEBUG 81128 --- [ProgettoNutrizionista] [nio-8080-exec-4] o.s.w.s.m.m.a.HttpEntityMethodProcessor  : Using 'text/plain', given [*/*] and supported [text/plain, */*, application/json, application/*+json, application/yaml]
2026-07-13T20:26:43.788+02:00 DEBUG 81128 --- [ProgettoNutrizionista] [nio-8080-exec-4] o.s.w.s.m.m.a.HttpEntityMethodProcessor  : Writing ["Limite di 3 richieste di assistenza ogni 24 ore superato"]
2026-07-13T20:26:43.789+02:00  WARN 81128 --- [ProgettoNutrizionista] [nio-8080-exec-4] .m.m.a.ExceptionHandlerExceptionResolver : Resolved [it.nutrizionista.restnutrizionista.exception.TooManyRequestsException: Limite di 3 richieste di assistenza ogni 24 ore superato]
2026-07-13T20:26:43.789+02:00 DEBUG 81128 --- [ProgettoNutrizionista] [nio-8080-exec-4] o.s.web.servlet.DispatcherServlet        : Completed 429 TOO_MANY_REQUESTS
[INFO] ------------------------------------------------------------------------
[INFO] BUILD FAILURE
[INFO] ------------------------------------------------------------------------
[INFO] Total time:  01:32 h
[INFO] Finished at: 2026-07-13T20:28:32+02:00
[INFO] ------------------------------------------------------------------------
[ERROR] Failed to execute goal org.springframework.boot:spring-boot-maven-plugin:3.5.14:run (default-cli) on project ProgettoNutrizionista: Process terminated with exit code: -1 -> [Help 1]
[ERROR] 
[ERROR] To see the full stack trace of the errors, re-run Maven with the -e switch.
[ERROR] Re-run Maven using the -X switch to enable full debug logging.
[ERROR] 
[ERROR] For more information about the errors and possible solutions, please read the following articles:
[ERROR] [Help 1] http://cwiki.apache.org/confluence/display/MAVEN/MojoExecutionException
